[2026-02-05 04:22:44] local.ERROR: No application encryption key has been specified. {"exception":"[object] (Illuminate\\Encryption\\MissingAppKeyException(code: 0): No application encryption key has been specified. at E:\\Suorce\\VS_CODE\\WEB\\Mvek\\vendor\\laravel\\framework\\src\\Illuminate\\Encryption\\EncryptionServiceProvider.php:79)
[stacktrace]
#0 E:\\Suorce\\VS_CODE\\WEB\\Mvek\\vendor\\laravel\\framework\\src\\Illuminate\\Support\\helpers.php(320): Illuminate\\Encryption\\EncryptionServiceProvider->Illuminate\\Encryption\\{closure}()
#1 E:\\Suorce\\VS_CODE\\WEB\\Mvek\\vendor\\laravel\\framework\\src\\Illuminate\\Encryption\\EncryptionServiceProvider.php(81): tap()
#2 E:\\Suorce\\VS_CODE\\WEB\\Mvek\\vendor\\laravel\\framework\\src\\Illuminate\\Encryption\\EncryptionServiceProvider.php(60): Illuminate\\Encryption\\EncryptionServiceProvider->key()
#3 E:\\Suorce\\VS_CODE\\WEB\\Mvek\\vendor\\laravel\\framework\\src\\Illuminate\\Encryption\\EncryptionServiceProvider.php(32): Illuminate\\Encryption\\EncryptionServiceProvider->parseKey()
#4 E:\\Suorce\\VS_CODE\\WEB\\Mvek\\vendor\\laravel\\framework\\src\\Illuminate\\Container\\Container.php(908): Illuminate\\Encryption\\EncryptionServiceProvider->Illuminate\\Encryption\\{closure}()
#5 E:\\Suorce\\VS_CODE\\WEB\\Mvek\\vendor\\laravel\\framework\\src\\Illuminate\\Container\\Container.php(795): Illuminate\\Container\\Container->build()
#6 E:\\Suorce\\VS_CODE\\WEB\\Mvek\\vendor\\laravel\\framework\\src\\Illuminate\\Foundation\\Application.php(986): Illuminate\\Container\\Container->resolve()
#7 E:\\Suorce\\VS_CODE\\WEB\\Mvek\\vendor\\laravel\\framework\\src\\Illuminate\\Container\\Container.php(731): Illuminate\\Foundation\\Application->resolve()
#8 E:\\Suorce\\VS_CODE\\WEB\\Mvek\\vendor\\laravel\\framework\\src\\Illuminate\\Foundation\\Application.php(971): Illuminate\\Container\\Container->make()
#9 E:\\Suorce\\VS_CODE\\WEB\\Mvek\\vendor\\laravel\\framework\\src\\Illuminate\\Container\\Container.php(1066): Illuminate\\Foundation\\Application->make()
#10 E:\\Suorce\\VS_CODE\\WEB\\Mvek\\vendor\\laravel\\framework\\src\\Illuminate\\Container\\Container.php(982): Illuminate\\Container\\Container->resolveClass()
#11 E:\\Suorce\\VS_CODE\\WEB\\Mvek\\vendor\\laravel\\framework\\src\\Illuminate\\Container\\Container.php(943): Illuminate\\Container\\Container->resolveDependencies()
#12 E:\\Suorce\\VS_CODE\\WEB\\Mvek\\vendor\\laravel\\framework\\src\\Illuminate\\Container\\Container.php(795): Illuminate\\Container\\Container->build()
#13 E:\\Suorce\\VS_CODE\\WEB\\Mvek\\vendor\\laravel\\framework\\src\\Illuminate\\Foundation\\Application.php(986): Illuminate\\Container\\Container->resolve()
#14 E:\\Suorce\\VS_CODE\\WEB\\Mvek\\vendor\\laravel\\framework\\src\\Illuminate\\Container\\Container.php(731): Illuminate\\Foundation\\Application->resolve()
#15 E:\\Suorce\\VS_CODE\\WEB\\Mvek\\vendor\\laravel\\framework\\src\\Illuminate\\Foundation\\Application.php(971): Illuminate\\Container\\Container->make()
#16 E:\\Suorce\\VS_CODE\\WEB\\Mvek\\vendor\\laravel\\framework\\src\\Illuminate\\Pipeline\\Pipeline.php(172): Illuminate\\Foundation\\Application->make()
#17 E:\\Suorce\\VS_CODE\\WEB\\Mvek\\vendor\\laravel\\framework\\src\\Illuminate\\Pipeline\\Pipeline.php(119): Illuminate\\Pipeline\\Pipeline->Illuminate\\Pipeline\\{closure}()
#18 E:\\Suorce\\VS_CODE\\WEB\\Mvek\\vendor\\laravel\\framework\\src\\Illuminate\\Routing\\Router.php(807): Illuminate\\Pipeline\\Pipeline->then()
#19 E:\\Suorce\\VS_CODE\\WEB\\Mvek\\vendor\\laravel\\framework\\src\\Illuminate\\Routing\\Router.php(784): Illuminate\\Routing\\Router->runRouteWithinStack()
#20 E:\\Suorce\\VS_CODE\\WEB\\Mvek\\vendor\\laravel\\framework\\src\\Illuminate\\Routing\\Router.php(748): Illuminate\\Routing\\Router->runRoute()
#21 E:\\Suorce\\VS_CODE\\WEB\\Mvek\\vendor\\laravel\\framework\\src\\Illuminate\\Routing\\Router.php(737): Illuminate\\Routing\\Router->dispatchToRoute()
#22 E:\\Suorce\\VS_CODE\\WEB\\Mvek\\vendor\\laravel\\framework\\src\\Illuminate\\Foundation\\Http\\Kernel.php(200): Illuminate\\Routing\\Router->dispatch()
#23 E:\\Suorce\\VS_CODE\\WEB\\Mvek\\vendor\\laravel\\framework\\src\\Illuminate\\Pipeline\\Pipeline.php(144): Illuminate\\Foundation\\Http\\Kernel->Illuminate\\Foundation\\Http\\{closure}()
#24 E:\\Suorce\\VS_CODE\\WEB\\Mvek\\vendor\\laravel\\framework\\src\\Illuminate\\Foundation\\Http\\Middleware\\TransformsRequest.php(21): Illuminate\\Pipeline\\Pipeline->Illuminate\\Pipeline\\{closure}()
#25 E:\\Suorce\\VS_CODE\\WEB\\Mvek\\vendor\\laravel\\framework\\src\\Illuminate\\Foundation\\Http\\Middleware\\ConvertEmptyStringsToNull.php(31): Illuminate\\Foundation\\Http\\Middleware\\TransformsRequest->handle()
#26 E:\\Suorce\\VS_CODE\\WEB\\Mvek\\vendor\\laravel\\framework\\src\\Illuminate\\Pipeline\\Pipeline.php(183): Illuminate\\Foundation\\Http\\Middleware\\ConvertEmptyStringsToNull->handle()
#27 E:\\Suorce\\VS_CODE\\WEB\\Mvek\\vendor\\laravel\\framework\\src\\Illuminate\\Foundation\\Http\\Middleware\\TransformsRequest.php(21): Illuminate\\Pipeline\\Pipeline->Illuminate\\Pipeline\\{closure}()
#28 E:\\Suorce\\VS_CODE\\WEB\\Mvek\\vendor\\laravel\\framework\\src\\Illuminate\\Foundation\\Http\\Middleware\\TrimStrings.php(40): Illuminate\\Foundation\\Http\\Middleware\\TransformsRequest->handle()
#29 E:\\Suorce\\VS_CODE\\WEB\\Mvek\\vendor\\laravel\\framework\\src\\Illuminate\\Pipeline\\Pipeline.php(183): Illuminate\\Foundation\\Http\\Middleware\\TrimStrings->handle()
#30 E:\\Suorce\\VS_CODE\\WEB\\Mvek\\vendor\\laravel\\framework\\src\\Illuminate\\Foundation\\Http\\Middleware\\ValidatePostSize.php(27): Illuminate\\Pipeline\\Pipeline->Illuminate\\Pipeline\\{closure}()
#31 E:\\Suorce\\VS_CODE\\WEB\\Mvek\\vendor\\laravel\\framework\\src\\Illuminate\\Pipeline\\Pipeline.php(183): Illuminate\\Foundation\\Http\\Middleware\\ValidatePostSize->handle()
#32 E:\\Suorce\\VS_CODE\\WEB\\Mvek\\vendor\\laravel\\framework\\src\\Illuminate\\Foundation\\Http\\Middleware\\PreventRequestsDuringMaintenance.php(99): Illuminate\\Pipeline\\Pipeline->Illuminate\\Pipeline\\{closure}()
#33 E:\\Suorce\\VS_CODE\\WEB\\Mvek\\vendor\\laravel\\framework\\src\\Illuminate\\Pipeline\\Pipeline.php(183): Illuminate\\Foundation\\Http\\Middleware\\PreventRequestsDuringMaintenance->handle()
#34 E:\\Suorce\\VS_CODE\\WEB\\Mvek\\vendor\\laravel\\framework\\src\\Illuminate\\Http\\Middleware\\HandleCors.php(49): Illuminate\\Pipeline\\Pipeline->Illuminate\\Pipeline\\{closure}()
#35 E:\\Suorce\\VS_CODE\\WEB\\Mvek\\vendor\\laravel\\framework\\src\\Illuminate\\Pipeline\\Pipeline.php(183): Illuminate\\Http\\Middleware\\HandleCors->handle()
#36 E:\\Suorce\\VS_CODE\\WEB\\Mvek\\vendor\\laravel\\framework\\src\\Illuminate\\Http\\Middleware\\TrustProxies.php(39): Illuminate\\Pipeline\\Pipeline->Illuminate\\Pipeline\\{closure}()
#37 E:\\Suorce\\VS_CODE\\WEB\\Mvek\\vendor\\laravel\\framework\\src\\Illuminate\\Pipeline\\Pipeline.php(183): Illuminate\\Http\\Middleware\\TrustProxies->handle()
#38 E:\\Suorce\\VS_CODE\\WEB\\Mvek\\vendor\\laravel\\framework\\src\\Illuminate\\Pipeline\\Pipeline.php(119): Illuminate\\Pipeline\\Pipeline->Illuminate\\Pipeline\\{closure}()
#39 E:\\Suorce\\VS_CODE\\WEB\\Mvek\\vendor\\laravel\\framework\\src\\Illuminate\\Foundation\\Http\\Kernel.php(175): Illuminate\\Pipeline\\Pipeline->then()
#40 E:\\Suorce\\VS_CODE\\WEB\\Mvek\\vendor\\laravel\\framework\\src\\Illuminate\\Foundation\\Http\\Kernel.php(144): Illuminate\\Foundation\\Http\\Kernel->sendRequestThroughRouter()
#41 E:\\Suorce\\VS_CODE\\WEB\\Mvek\\public\\index.php(52): Illuminate\\Foundation\\Http\\Kernel->handle()
#42 E:\\Suorce\\VS_CODE\\WEB\\Mvek\\vendor\\laravel\\framework\\src\\Illuminate\\Foundation\\resources\\server.php(16): require_once('E:\\\\Suorce\\\\VS_CO...')
#43 {main}
"} 
[2026-02-05 04:22:45] local.ERROR: No application encryption key has been specified. {"exception":"[object] (Illuminate\\Encryption\\MissingAppKeyException(code: 0): No application encryption key has been specified. at E:\\Suorce\\VS_CODE\\WEB\\Mvek\\vendor\\laravel\\framework\\src\\Illuminate\\Encryption\\EncryptionServiceProvider.php:79)
[stacktrace]
#0 E:\\Suorce\\VS_CODE\\WEB\\Mvek\\vendor\\laravel\\framework\\src\\Illuminate\\Support\\helpers.php(320): Illuminate\\Encryption\\EncryptionServiceProvider->Illuminate\\Encryption\\{closure}()
#1 E:\\Suorce\\VS_CODE\\WEB\\Mvek\\vendor\\laravel\\framework\\src\\Illuminate\\Encryption\\EncryptionServiceProvider.php(81): tap()
#2 E:\\Suorce\\VS_CODE\\WEB\\Mvek\\vendor\\laravel\\framework\\src\\Illuminate\\Encryption\\EncryptionServiceProvider.php(60): Illuminate\\Encryption\\EncryptionServiceProvider->key()
#3 E:\\Suorce\\VS_CODE\\WEB\\Mvek\\vendor\\laravel\\framework\\src\\Illuminate\\Encryption\\EncryptionServiceProvider.php(32): Illuminate\\Encryption\\EncryptionServiceProvider->parseKey()
#4 E:\\Suorce\\VS_CODE\\WEB\\Mvek\\vendor\\laravel\\framework\\src\\Illuminate\\Container\\Container.php(908): Illuminate\\Encryption\\EncryptionServiceProvider->Illuminate\\Encryption\\{closure}()
#5 E:\\Suorce\\VS_CODE\\WEB\\Mvek\\vendor\\laravel\\framework\\src\\Illuminate\\Container\\Container.php(795): Illuminate\\Container\\Container->build()
#6 E:\\Suorce\\VS_CODE\\WEB\\Mvek\\vendor\\laravel\\framework\\src\\Illuminate\\Foundation\\Application.php(986): Illuminate\\Container\\Container->resolve()
#7 E:\\Suorce\\VS_CODE\\WEB\\Mvek\\vendor\\laravel\\framework\\src\\Illuminate\\Container\\Container.php(731): Illuminate\\Foundation\\Application->resolve()
#8 E:\\Suorce\\VS_CODE\\WEB\\Mvek\\vendor\\laravel\\framework\\src\\Illuminate\\Foundation\\Application.php(971): Illuminate\\Container\\Container->make()
#9 E:\\Suorce\\VS_CODE\\WEB\\Mvek\\vendor\\laravel\\framework\\src\\Illuminate\\Container\\Container.php(1066): Illuminate\\Foundation\\Application->make()
#10 E:\\Suorce\\VS_CODE\\WEB\\Mvek\\vendor\\laravel\\framework\\src\\Illuminate\\Container\\Container.php(982): Illuminate\\Container\\Container->resolveClass()
#11 E:\\Suorce\\VS_CODE\\WEB\\Mvek\\vendor\\laravel\\framework\\src\\Illuminate\\Container\\Container.php(943): Illuminate\\Container\\Container->resolveDependencies()
#12 E:\\Suorce\\VS_CODE\\WEB\\Mvek\\vendor\\laravel\\framework\\src\\Illuminate\\Container\\Container.php(795): Illuminate\\Container\\Container->build()
#13 E:\\Suorce\\VS_CODE\\WEB\\Mvek\\vendor\\laravel\\framework\\src\\Illuminate\\Foundation\\Application.php(986): Illuminate\\Container\\Container->resolve()
#14 E:\\Suorce\\VS_CODE\\WEB\\Mvek\\vendor\\laravel\\framework\\src\\Illuminate\\Container\\Container.php(731): Illuminate\\Foundation\\Application->resolve()
#15 E:\\Suorce\\VS_CODE\\WEB\\Mvek\\vendor\\laravel\\framework\\src\\Illuminate\\Foundation\\Application.php(971): Illuminate\\Container\\Container->make()
#16 E:\\Suorce\\VS_CODE\\WEB\\Mvek\\vendor\\laravel\\framework\\src\\Illuminate\\Foundation\\Http\\Kernel.php(255): Illuminate\\Foundation\\Application->make()
#17 E:\\Suorce\\VS_CODE\\WEB\\Mvek\\vendor\\laravel\\framework\\src\\Illuminate\\Foundation\\Http\\Kernel.php(213): Illuminate\\Foundation\\Http\\Kernel->terminateMiddleware()
#18 E:\\Suorce\\VS_CODE\\WEB\\Mvek\\public\\index.php(55): Illuminate\\Foundation\\Http\\Kernel->terminate()
#19 E:\\Suorce\\VS_CODE\\WEB\\Mvek\\vendor\\laravel\\framework\\src\\Illuminate\\Foundation\\resources\\server.php(16): require_once('E:\\\\Suorce\\\\VS_CO...')
#20 {main}
"} 
[2026-02-05 05:02:21] local.ERROR: Undefined variable $tab {"view":{"view":"E:\\Suorce\\VS_CODE\\WEB\\Mvek\\resources\\views\\layouts\\app.blade.php","data":[]},"exception":"[object] (Spatie\\LaravelIgnition\\Exceptions\\ViewException(code: 0): Undefined variable $tab at E:\\Suorce\\VS_CODE\\WEB\\Mvek\\resources\\views\\layouts\\app.blade.php:14)
[stacktrace]
#0 E:\\Suorce\\VS_CODE\\WEB\\Mvek\\vendor\\laravel\\framework\\src\\Illuminate\\Filesystem\\Filesystem.php(123): require('E:\\\\Suorce\\\\VS_CO...')
#1 E:\\Suorce\\VS_CODE\\WEB\\Mvek\\vendor\\laravel\\framework\\src\\Illuminate\\Filesystem\\Filesystem.php(124): Illuminate\\Filesystem\\Filesystem::Illuminate\\Filesystem\\{closure}()
#2 E:\\Suorce\\VS_CODE\\WEB\\Mvek\\vendor\\laravel\\framework\\src\\Illuminate\\View\\Engines\\PhpEngine.php(58): Illuminate\\Filesystem\\Filesystem->getRequire()
#3 E:\\Suorce\\VS_CODE\\WEB\\Mvek\\vendor\\laravel\\framework\\src\\Illuminate\\View\\Engines\\CompilerEngine.php(72): Illuminate\\View\\Engines\\PhpEngine->evaluatePath()
#4 E:\\Suorce\\VS_CODE\\WEB\\Mvek\\vendor\\laravel\\framework\\src\\Illuminate\\View\\View.php(207): Illuminate\\View\\Engines\\CompilerEngine->get()
#5 E:\\Suorce\\VS_CODE\\WEB\\Mvek\\vendor\\laravel\\framework\\src\\Illuminate\\View\\View.php(190): Illuminate\\View\\View->getContents()
#6 E:\\Suorce\\VS_CODE\\WEB\\Mvek\\vendor\\laravel\\framework\\src\\Illuminate\\View\\View.php(159): Illuminate\\View\\View->renderContents()
#7 E:\\Suorce\\VS_CODE\\WEB\\Mvek\\resources\\views\\home.blade.php(93): Illuminate\\View\\View->render()
#8 E:\\Suorce\\VS_CODE\\WEB\\Mvek\\vendor\\laravel\\framework\\src\\Illuminate\\Filesystem\\Filesystem.php(123): require('E:\\\\Suorce\\\\VS_CO...')
#9 E:\\Suorce\\VS_CODE\\WEB\\Mvek\\vendor\\laravel\\framework\\src\\Illuminate\\Filesystem\\Filesystem.php(124): Illuminate\\Filesystem\\Filesystem::Illuminate\\Filesystem\\{closure}()
#10 E:\\Suorce\\VS_CODE\\WEB\\Mvek\\vendor\\laravel\\framework\\src\\Illuminate\\View\\Engines\\PhpEngine.php(58): Illuminate\\Filesystem\\Filesystem->getRequire()
#11 E:\\Suorce\\VS_CODE\\WEB\\Mvek\\vendor\\laravel\\framework\\src\\Illuminate\\View\\Engines\\CompilerEngine.php(72): Illuminate\\View\\Engines\\PhpEngine->evaluatePath()
#12 E:\\Suorce\\VS_CODE\\WEB\\Mvek\\vendor\\laravel\\framework\\src\\Illuminate\\View\\View.php(207): Illuminate\\View\\Engines\\CompilerEngine->get()
#13 E:\\Suorce\\VS_CODE\\WEB\\Mvek\\vendor\\laravel\\framework\\src\\Illuminate\\View\\View.php(190): Illuminate\\View\\View->getContents()
#14 E:\\Suorce\\VS_CODE\\WEB\\Mvek\\vendor\\laravel\\framework\\src\\Illuminate\\View\\View.php(159): Illuminate\\View\\View->renderContents()
#15 E:\\Suorce\\VS_CODE\\WEB\\Mvek\\vendor\\laravel\\framework\\src\\Illuminate\\Http\\Response.php(69): Illuminate\\View\\View->render()
#16 E:\\Suorce\\VS_CODE\\WEB\\Mvek\\vendor\\laravel\\framework\\src\\Illuminate\\Http\\Response.php(35): Illuminate\\Http\\Response->setContent()
#17 E:\\Suorce\\VS_CODE\\WEB\\Mvek\\vendor\\laravel\\framework\\src\\Illuminate\\Routing\\Router.php(918): Illuminate\\Http\\Response->__construct()
#18 E:\\Suorce\\VS_CODE\\WEB\\Mvek\\vendor\\laravel\\framework\\src\\Illuminate\\Routing\\Router.php(885): Illuminate\\Routing\\Router::toResponse()
#19 E:\\Suorce\\VS_CODE\\WEB\\Mvek\\vendor\\laravel\\framework\\src\\Illuminate\\Routing\\Router.php(806): Illuminate\\Routing\\Router->prepareResponse()
#20 E:\\Suorce\\VS_CODE\\WEB\\Mvek\\vendor\\laravel\\framework\\src\\Illuminate\\Pipeline\\Pipeline.php(144): Illuminate\\Routing\\Router->Illuminate\\Routing\\{closure}()
#21 E:\\Suorce\\VS_CODE\\WEB\\Mvek\\vendor\\laravel\\framework\\src\\Illuminate\\Routing\\Middleware\\SubstituteBindings.php(50): Illuminate\\Pipeline\\Pipeline->Illuminate\\Pipeline\\{closure}()
#22 E:\\Suorce\\VS_CODE\\WEB\\Mvek\\vendor\\laravel\\framework\\src\\Illuminate\\Pipeline\\Pipeline.php(183): Illuminate\\Routing\\Middleware\\SubstituteBindings->handle()
#23 E:\\Suorce\\VS_CODE\\WEB\\Mvek\\vendor\\laravel\\framework\\src\\Illuminate\\Foundation\\Http\\Middleware\\VerifyCsrfToken.php(78): Illuminate\\Pipeline\\Pipeline->Illuminate\\Pipeline\\{closure}()
#24 E:\\Suorce\\VS_CODE\\WEB\\Mvek\\vendor\\laravel\\framework\\src\\Illuminate\\Pipeline\\Pipeline.php(183): Illuminate\\Foundation\\Http\\Middleware\\VerifyCsrfToken->handle()
#25 E:\\Suorce\\VS_CODE\\WEB\\Mvek\\vendor\\laravel\\framework\\src\\Illuminate\\View\\Middleware\\ShareErrorsFromSession.php(49): Illuminate\\Pipeline\\Pipeline->Illuminate\\Pipeline\\{closure}()
#26 E:\\Suorce\\VS_CODE\\WEB\\Mvek\\vendor\\laravel\\framework\\src\\Illuminate\\Pipeline\\Pipeline.php(183): Illuminate\\View\\Middleware\\ShareErrorsFromSession->handle()
#27 E:\\Suorce\\VS_CODE\\WEB\\Mvek\\vendor\\laravel\\framework\\src\\Illuminate\\Session\\Middleware\\StartSession.php(121): Illuminate\\Pipeline\\Pipeline->Illuminate\\Pipeline\\{closure}()
#28 E:\\Suorce\\VS_CODE\\WEB\\Mvek\\vendor\\laravel\\framework\\src\\Illuminate\\Session\\Middleware\\StartSession.php(64): Illuminate\\Session\\Middleware\\StartSession->handleStatefulRequest()
#29 E:\\Suorce\\VS_CODE\\WEB\\Mvek\\vendor\\laravel\\framework\\src\\Illuminate\\Pipeline\\Pipeline.php(183): Illuminate\\Session\\Middleware\\StartSession->handle()
#30 E:\\Suorce\\VS_CODE\\WEB\\Mvek\\vendor\\laravel\\framework\\src\\Illuminate\\Cookie\\Middleware\\AddQueuedCookiesToResponse.php(37): Illuminate\\Pipeline\\Pipeline->Illuminate\\Pipeline\\{closure}()
#31 E:\\Suorce\\VS_CODE\\WEB\\Mvek\\vendor\\laravel\\framework\\src\\Illuminate\\Pipeline\\Pipeline.php(183): Illuminate\\Cookie\\Middleware\\AddQueuedCookiesToResponse->handle()
#32 E:\\Suorce\\VS_CODE\\WEB\\Mvek\\vendor\\laravel\\framework\\src\\Illuminate\\Cookie\\Middleware\\EncryptCookies.php(67): Illuminate\\Pipeline\\Pipeline->Illuminate\\Pipeline\\{closure}()
#33 E:\\Suorce\\VS_CODE\\WEB\\Mvek\\vendor\\laravel\\framework\\src\\Illuminate\\Pipeline\\Pipeline.php(183): Illuminate\\Cookie\\Middleware\\EncryptCookies->handle()
#34 E:\\Suorce\\VS_CODE\\WEB\\Mvek\\vendor\\laravel\\framework\\src\\Illuminate\\Pipeline\\Pipeline.php(119): Illuminate\\Pipeline\\Pipeline->Illuminate\\Pipeline\\{closure}()
#35 E:\\Suorce\\VS_CODE\\WEB\\Mvek\\vendor\\laravel\\framework\\src\\Illuminate\\Routing\\Router.php(807): Illuminate\\Pipeline\\Pipeline->then()
#36 E:\\Suorce\\VS_CODE\\WEB\\Mvek\\vendor\\laravel\\framework\\src\\Illuminate\\Routing\\Router.php(784): Illuminate\\Routing\\Router->runRouteWithinStack()
#37 E:\\Suorce\\VS_CODE\\WEB\\Mvek\\vendor\\laravel\\framework\\src\\Illuminate\\Routing\\Router.php(748): Illuminate\\Routing\\Router->runRoute()
#38 E:\\Suorce\\VS_CODE\\WEB\\Mvek\\vendor\\laravel\\framework\\src\\Illuminate\\Routing\\Router.php(737): Illuminate\\Routing\\Router->dispatchToRoute()
#39 E:\\Suorce\\VS_CODE\\WEB\\Mvek\\vendor\\laravel\\framework\\src\\Illuminate\\Foundation\\Http\\Kernel.php(200): Illuminate\\Routing\\Router->dispatch()
#40 E:\\Suorce\\VS_CODE\\WEB\\Mvek\\vendor\\laravel\\framework\\src\\Illuminate\\Pipeline\\Pipeline.php(144): Illuminate\\Foundation\\Http\\Kernel->Illuminate\\Foundation\\Http\\{closure}()
#41 E:\\Suorce\\VS_CODE\\WEB\\Mvek\\vendor\\laravel\\framework\\src\\Illuminate\\Foundation\\Http\\Middleware\\TransformsRequest.php(21): Illuminate\\Pipeline\\Pipeline->Illuminate\\Pipeline\\{closure}()
#42 E:\\Suorce\\VS_CODE\\WEB\\Mvek\\vendor\\laravel\\framework\\src\\Illuminate\\Foundation\\Http\\Middleware\\ConvertEmptyStringsToNull.php(31): Illuminate\\Foundation\\Http\\Middleware\\TransformsRequest->handle()
#43 E:\\Suorce\\VS_CODE\\WEB\\Mvek\\vendor\\laravel\\framework\\src\\Illuminate\\Pipeline\\Pipeline.php(183): Illuminate\\Foundation\\Http\\Middleware\\ConvertEmptyStringsToNull->handle()
#44 E:\\Suorce\\VS_CODE\\WEB\\Mvek\\vendor\\laravel\\framework\\src\\Illuminate\\Foundation\\Http\\Middleware\\TransformsRequest.php(21): Illuminate\\Pipeline\\Pipeline->Illuminate\\Pipeline\\{closure}()
#45 E:\\Suorce\\VS_CODE\\WEB\\Mvek\\vendor\\laravel\\framework\\src\\Illuminate\\Foundation\\Http\\Middleware\\TrimStrings.php(40): Illuminate\\Foundation\\Http\\Middleware\\TransformsRequest->handle()
#46 E:\\Suorce\\VS_CODE\\WEB\\Mvek\\vendor\\laravel\\framework\\src\\Illuminate\\Pipeline\\Pipeline.php(183): Illuminate\\Foundation\\Http\\Middleware\\TrimStrings->handle()
#47 E:\\Suorce\\VS_CODE\\WEB\\Mvek\\vendor\\laravel\\framework\\src\\Illuminate\\Foundation\\Http\\Middleware\\ValidatePostSize.php(27): Illuminate\\Pipeline\\Pipeline->Illuminate\\Pipeline\\{closure}()
#48 E:\\Suorce\\VS_CODE\\WEB\\Mvek\\vendor\\laravel\\framework\\src\\Illuminate\\Pipeline\\Pipeline.php(183): Illuminate\\Foundation\\Http\\Middleware\\ValidatePostSize->handle()
#49 E:\\Suorce\\VS_CODE\\WEB\\Mvek\\vendor\\laravel\\framework\\src\\Illuminate\\Foundation\\Http\\Middleware\\PreventRequestsDuringMaintenance.php(99): Illuminate\\Pipeline\\Pipeline->Illuminate\\Pipeline\\{closure}()
#50 E:\\Suorce\\VS_CODE\\WEB\\Mvek\\vendor\\laravel\\framework\\src\\Illuminate\\Pipeline\\Pipeline.php(183): Illuminate\\Foundation\\Http\\Middleware\\PreventRequestsDuringMaintenance->handle()
#51 E:\\Suorce\\VS_CODE\\WEB\\Mvek\\vendor\\laravel\\framework\\src\\Illuminate\\Http\\Middleware\\HandleCors.php(49): Illuminate\\Pipeline\\Pipeline->Illuminate\\Pipeline\\{closure}()
#52 E:\\Suorce\\VS_CODE\\WEB\\Mvek\\vendor\\laravel\\framework\\src\\Illuminate\\Pipeline\\Pipeline.php(183): Illuminate\\Http\\Middleware\\HandleCors->handle()
#53 E:\\Suorce\\VS_CODE\\WEB\\Mvek\\vendor\\laravel\\framework\\src\\Illuminate\\Http\\Middleware\\TrustProxies.php(39): Illuminate\\Pipeline\\Pipeline->Illuminate\\Pipeline\\{closure}()
#54 E:\\Suorce\\VS_CODE\\WEB\\Mvek\\vendor\\laravel\\framework\\src\\Illuminate\\Pipeline\\Pipeline.php(183): Illuminate\\Http\\Middleware\\TrustProxies->handle()
#55 E:\\Suorce\\VS_CODE\\WEB\\Mvek\\vendor\\laravel\\framework\\src\\Illuminate\\Pipeline\\Pipeline.php(119): Illuminate\\Pipeline\\Pipeline->Illuminate\\Pipeline\\{closure}()
#56 E:\\Suorce\\VS_CODE\\WEB\\Mvek\\vendor\\laravel\\framework\\src\\Illuminate\\Foundation\\Http\\Kernel.php(175): Illuminate\\Pipeline\\Pipeline->then()
#57 E:\\Suorce\\VS_CODE\\WEB\\Mvek\\vendor\\laravel\\framework\\src\\Illuminate\\Foundation\\Http\\Kernel.php(144): Illuminate\\Foundation\\Http\\Kernel->sendRequestThroughRouter()
#58 E:\\Suorce\\VS_CODE\\WEB\\Mvek\\public\\index.php(52): Illuminate\\Foundation\\Http\\Kernel->handle()
#59 E:\\Suorce\\VS_CODE\\WEB\\Mvek\\vendor\\laravel\\framework\\src\\Illuminate\\Foundation\\resources\\server.php(16): require_once('E:\\\\Suorce\\\\VS_CO...')
#60 {main}

[previous exception] [object] (ErrorException(code: 0): Undefined variable $tab at E:\\Suorce\\VS_CODE\\WEB\\Mvek\\storage\\framework\\views\\aadc447ce5a5895a761b67b4427ccbe4.php:12)
[stacktrace]
#0 E:\\Suorce\\VS_CODE\\WEB\\Mvek\\vendor\\laravel\\framework\\src\\Illuminate\\Foundation\\Bootstrap\\HandleExceptions.php(255): Illuminate\\Foundation\\Bootstrap\\HandleExceptions->handleError()
#1 E:\\Suorce\\VS_CODE\\WEB\\Mvek\\storage\\framework\\views\\aadc447ce5a5895a761b67b4427ccbe4.php(12): Illuminate\\Foundation\\Bootstrap\\HandleExceptions->Illuminate\\Foundation\\Bootstrap\\{closure}()
#2 E:\\Suorce\\VS_CODE\\WEB\\Mvek\\vendor\\laravel\\framework\\src\\Illuminate\\Filesystem\\Filesystem.php(123): require('E:\\\\Suorce\\\\VS_CO...')
#3 E:\\Suorce\\VS_CODE\\WEB\\Mvek\\vendor\\laravel\\framework\\src\\Illuminate\\Filesystem\\Filesystem.php(124): Illuminate\\Filesystem\\Filesystem::Illuminate\\Filesystem\\{closure}()
#4 E:\\Suorce\\VS_CODE\\WEB\\Mvek\\vendor\\laravel\\framework\\src\\Illuminate\\View\\Engines\\PhpEngine.php(58): Illuminate\\Filesystem\\Filesystem->getRequire()
#5 E:\\Suorce\\VS_CODE\\WEB\\Mvek\\vendor\\laravel\\framework\\src\\Illuminate\\View\\Engines\\CompilerEngine.php(72): Illuminate\\View\\Engines\\PhpEngine->evaluatePath()
#6 E:\\Suorce\\VS_CODE\\WEB\\Mvek\\vendor\\laravel\\framework\\src\\Illuminate\\View\\View.php(207): Illuminate\\View\\Engines\\CompilerEngine->get()
#7 E:\\Suorce\\VS_CODE\\WEB\\Mvek\\vendor\\laravel\\framework\\src\\Illuminate\\View\\View.php(190): Illuminate\\View\\View->getContents()
#8 E:\\Suorce\\VS_CODE\\WEB\\Mvek\\vendor\\laravel\\framework\\src\\Illuminate\\View\\View.php(159): Illuminate\\View\\View->renderContents()
#9 E:\\Suorce\\VS_CODE\\WEB\\Mvek\\storage\\framework\\views\\0a7bac3b44124d24d15af542cc6c02f2.php(93): Illuminate\\View\\View->render()
#10 E:\\Suorce\\VS_CODE\\WEB\\Mvek\\vendor\\laravel\\framework\\src\\Illuminate\\Filesystem\\Filesystem.php(123): require('E:\\\\Suorce\\\\VS_CO...')
#11 E:\\Suorce\\VS_CODE\\WEB\\Mvek\\vendor\\laravel\\framework\\src\\Illuminate\\Filesystem\\Filesystem.php(124): Illuminate\\Filesystem\\Filesystem::Illuminate\\Filesystem\\{closure}()
#12 E:\\Suorce\\VS_CODE\\WEB\\Mvek\\vendor\\laravel\\framework\\src\\Illuminate\\View\\Engines\\PhpEngine.php(58): Illuminate\\Filesystem\\Filesystem->getRequire()
#13 E:\\Suorce\\VS_CODE\\WEB\\Mvek\\vendor\\laravel\\framework\\src\\Illuminate\\View\\Engines\\CompilerEngine.php(72): Illuminate\\View\\Engines\\PhpEngine->evaluatePath()
#14 E:\\Suorce\\VS_CODE\\WEB\\Mvek\\vendor\\laravel\\framework\\src\\Illuminate\\View\\View.php(207): Illuminate\\View\\Engines\\CompilerEngine->get()
#15 E:\\Suorce\\VS_CODE\\WEB\\Mvek\\vendor\\laravel\\framework\\src\\Illuminate\\View\\View.php(190): Illuminate\\View\\View->getContents()
#16 E:\\Suorce\\VS_CODE\\WEB\\Mvek\\vendor\\laravel\\framework\\src\\Illuminate\\View\\View.php(159): Illuminate\\View\\View->renderContents()
#17 E:\\Suorce\\VS_CODE\\WEB\\Mvek\\vendor\\laravel\\framework\\src\\Illuminate\\Http\\Response.php(69): Illuminate\\View\\View->render()
#18 E:\\Suorce\\VS_CODE\\WEB\\Mvek\\vendor\\laravel\\framework\\src\\Illuminate\\Http\\Response.php(35): Illuminate\\Http\\Response->setContent()
#19 E:\\Suorce\\VS_CODE\\WEB\\Mvek\\vendor\\laravel\\framework\\src\\Illuminate\\Routing\\Router.php(918): Illuminate\\Http\\Response->__construct()
#20 E:\\Suorce\\VS_CODE\\WEB\\Mvek\\vendor\\laravel\\framework\\src\\Illuminate\\Routing\\Router.php(885): Illuminate\\Routing\\Router::toResponse()
#21 E:\\Suorce\\VS_CODE\\WEB\\Mvek\\vendor\\laravel\\framework\\src\\Illuminate\\Routing\\Router.php(806): Illuminate\\Routing\\Router->prepareResponse()
#22 E:\\Suorce\\VS_CODE\\WEB\\Mvek\\vendor\\laravel\\framework\\src\\Illuminate\\Pipeline\\Pipeline.php(144): Illuminate\\Routing\\Router->Illuminate\\Routing\\{closure}()
#23 E:\\Suorce\\VS_CODE\\WEB\\Mvek\\vendor\\laravel\\framework\\src\\Illuminate\\Routing\\Middleware\\SubstituteBindings.php(50): Illuminate\\Pipeline\\Pipeline->Illuminate\\Pipeline\\{closure}()
#24 E:\\Suorce\\VS_CODE\\WEB\\Mvek\\vendor\\laravel\\framework\\src\\Illuminate\\Pipeline\\Pipeline.php(183): Illuminate\\Routing\\Middleware\\SubstituteBindings->handle()
#25 E:\\Suorce\\VS_CODE\\WEB\\Mvek\\vendor\\laravel\\framework\\src\\Illuminate\\Foundation\\Http\\Middleware\\VerifyCsrfToken.php(78): Illuminate\\Pipeline\\Pipeline->Illuminate\\Pipeline\\{closure}()
#26 E:\\Suorce\\VS_CODE\\WEB\\Mvek\\vendor\\laravel\\framework\\src\\Illuminate\\Pipeline\\Pipeline.php(183): Illuminate\\Foundation\\Http\\Middleware\\VerifyCsrfToken->handle()
#27 E:\\Suorce\\VS_CODE\\WEB\\Mvek\\vendor\\laravel\\framework\\src\\Illuminate\\View\\Middleware\\ShareErrorsFromSession.php(49): Illuminate\\Pipeline\\Pipeline->Illuminate\\Pipeline\\{closure}()
#28 E:\\Suorce\\VS_CODE\\WEB\\Mvek\\vendor\\laravel\\framework\\src\\Illuminate\\Pipeline\\Pipeline.php(183): Illuminate\\View\\Middleware\\ShareErrorsFromSession->handle()
#29 E:\\Suorce\\VS_CODE\\WEB\\Mvek\\vendor\\laravel\\framework\\src\\Illuminate\\Session\\Middleware\\StartSession.php(121): Illuminate\\Pipeline\\Pipeline->Illuminate\\Pipeline\\{closure}()
#30 E:\\Suorce\\VS_CODE\\WEB\\Mvek\\vendor\\laravel\\framework\\src\\Illuminate\\Session\\Middleware\\StartSession.php(64): Illuminate\\Session\\Middleware\\StartSession->handleStatefulRequest()
#31 E:\\Suorce\\VS_CODE\\WEB\\Mvek\\vendor\\laravel\\framework\\src\\Illuminate\\Pipeline\\Pipeline.php(183): Illuminate\\Session\\Middleware\\StartSession->handle()
#32 E:\\Suorce\\VS_CODE\\WEB\\Mvek\\vendor\\laravel\\framework\\src\\Illuminate\\Cookie\\Middleware\\AddQueuedCookiesToResponse.php(37): Illuminate\\Pipeline\\Pipeline->Illuminate\\Pipeline\\{closure}()
#33 E:\\Suorce\\VS_CODE\\WEB\\Mvek\\vendor\\laravel\\framework\\src\\Illuminate\\Pipeline\\Pipeline.php(183): Illuminate\\Cookie\\Middleware\\AddQueuedCookiesToResponse->handle()
#34 E:\\Suorce\\VS_CODE\\WEB\\Mvek\\vendor\\laravel\\framework\\src\\Illuminate\\Cookie\\Middleware\\EncryptCookies.php(67): Illuminate\\Pipeline\\Pipeline->Illuminate\\Pipeline\\{closure}()
#35 E:\\Suorce\\VS_CODE\\WEB\\Mvek\\vendor\\laravel\\framework\\src\\Illuminate\\Pipeline\\Pipeline.php(183): Illuminate\\Cookie\\Middleware\\EncryptCookies->handle()
#36 E:\\Suorce\\VS_CODE\\WEB\\Mvek\\vendor\\laravel\\framework\\src\\Illuminate\\Pipeline\\Pipeline.php(119): Illuminate\\Pipeline\\Pipeline->Illuminate\\Pipeline\\{closure}()
#37 E:\\Suorce\\VS_CODE\\WEB\\Mvek\\vendor\\laravel\\framework\\src\\Illuminate\\Routing\\Router.php(807): Illuminate\\Pipeline\\Pipeline->then()
#38 E:\\Suorce\\VS_CODE\\WEB\\Mvek\\vendor\\laravel\\framework\\src\\Illuminate\\Routing\\Router.php(784): Illuminate\\Routing\\Router->runRouteWithinStack()
#39 E:\\Suorce\\VS_CODE\\WEB\\Mvek\\vendor\\laravel\\framework\\src\\Illuminate\\Routing\\Router.php(748): Illuminate\\Routing\\Router->runRoute()
#40 E:\\Suorce\\VS_CODE\\WEB\\Mvek\\vendor\\laravel\\framework\\src\\Illuminate\\Routing\\Router.php(737): Illuminate\\Routing\\Router->dispatchToRoute()
#41 E:\\Suorce\\VS_CODE\\WEB\\Mvek\\vendor\\laravel\\framework\\src\\Illuminate\\Foundation\\Http\\Kernel.php(200): Illuminate\\Routing\\Router->dispatch()
#42 E:\\Suorce\\VS_CODE\\WEB\\Mvek\\vendor\\laravel\\framework\\src\\Illuminate\\Pipeline\\Pipeline.php(144): Illuminate\\Foundation\\Http\\Kernel->Illuminate\\Foundation\\Http\\{closure}()
#43 E:\\Suorce\\VS_CODE\\WEB\\Mvek\\vendor\\laravel\\framework\\src\\Illuminate\\Foundation\\Http\\Middleware\\TransformsRequest.php(21): Illuminate\\Pipeline\\Pipeline->Illuminate\\Pipeline\\{closure}()
#44 E:\\Suorce\\VS_CODE\\WEB\\Mvek\\vendor\\laravel\\framework\\src\\Illuminate\\Foundation\\Http\\Middleware\\ConvertEmptyStringsToNull.php(31): Illuminate\\Foundation\\Http\\Middleware\\TransformsRequest->handle()
#45 E:\\Suorce\\VS_CODE\\WEB\\Mvek\\vendor\\laravel\\framework\\src\\Illuminate\\Pipeline\\Pipeline.php(183): Illuminate\\Foundation\\Http\\Middleware\\ConvertEmptyStringsToNull->handle()
#46 E:\\Suorce\\VS_CODE\\WEB\\Mvek\\vendor\\laravel\\framework\\src\\Illuminate\\Foundation\\Http\\Middleware\\TransformsRequest.php(21): Illuminate\\Pipeline\\Pipeline->Illuminate\\Pipeline\\{closure}()
#47 E:\\Suorce\\VS_CODE\\WEB\\Mvek\\vendor\\laravel\\framework\\src\\Illuminate\\Foundation\\Http\\Middleware\\TrimStrings.php(40): Illuminate\\Foundation\\Http\\Middleware\\TransformsRequest->handle()
#48 E:\\Suorce\\VS_CODE\\WEB\\Mvek\\vendor\\laravel\\framework\\src\\Illuminate\\Pipeline\\Pipeline.php(183): Illuminate\\Foundation\\Http\\Middleware\\TrimStrings->handle()
#49 E:\\Suorce\\VS_CODE\\WEB\\Mvek\\vendor\\laravel\\framework\\src\\Illuminate\\Foundation\\Http\\Middleware\\ValidatePostSize.php(27): Illuminate\\Pipeline\\Pipeline->Illuminate\\Pipeline\\{closure}()
#50 E:\\Suorce\\VS_CODE\\WEB\\Mvek\\vendor\\laravel\\framework\\src\\Illuminate\\Pipeline\\Pipeline.php(183): Illuminate\\Foundation\\Http\\Middleware\\ValidatePostSize->handle()
#51 E:\\Suorce\\VS_CODE\\WEB\\Mvek\\vendor\\laravel\\framework\\src\\Illuminate\\Foundation\\Http\\Middleware\\PreventRequestsDuringMaintenance.php(99): Illuminate\\Pipeline\\Pipeline->Illuminate\\Pipeline\\{closure}()
#52 E:\\Suorce\\VS_CODE\\WEB\\Mvek\\vendor\\laravel\\framework\\src\\Illuminate\\Pipeline\\Pipeline.php(183): Illuminate\\Foundation\\Http\\Middleware\\PreventRequestsDuringMaintenance->handle()
#53 E:\\Suorce\\VS_CODE\\WEB\\Mvek\\vendor\\laravel\\framework\\src\\Illuminate\\Http\\Middleware\\HandleCors.php(49): Illuminate\\Pipeline\\Pipeline->Illuminate\\Pipeline\\{closure}()
#54 E:\\Suorce\\VS_CODE\\WEB\\Mvek\\vendor\\laravel\\framework\\src\\Illuminate\\Pipeline\\Pipeline.php(183): Illuminate\\Http\\Middleware\\HandleCors->handle()
#55 E:\\Suorce\\VS_CODE\\WEB\\Mvek\\vendor\\laravel\\framework\\src\\Illuminate\\Http\\Middleware\\TrustProxies.php(39): Illuminate\\Pipeline\\Pipeline->Illuminate\\Pipeline\\{closure}()
#56 E:\\Suorce\\VS_CODE\\WEB\\Mvek\\vendor\\laravel\\framework\\src\\Illuminate\\Pipeline\\Pipeline.php(183): Illuminate\\Http\\Middleware\\TrustProxies->handle()
#57 E:\\Suorce\\VS_CODE\\WEB\\Mvek\\vendor\\laravel\\framework\\src\\Illuminate\\Pipeline\\Pipeline.php(119): Illuminate\\Pipeline\\Pipeline->Illuminate\\Pipeline\\{closure}()
#58 E:\\Suorce\\VS_CODE\\WEB\\Mvek\\vendor\\laravel\\framework\\src\\Illuminate\\Foundation\\Http\\Kernel.php(175): Illuminate\\Pipeline\\Pipeline->then()
#59 E:\\Suorce\\VS_CODE\\WEB\\Mvek\\vendor\\laravel\\framework\\src\\Illuminate\\Foundation\\Http\\Kernel.php(144): Illuminate\\Foundation\\Http\\Kernel->sendRequestThroughRouter()
#60 E:\\Suorce\\VS_CODE\\WEB\\Mvek\\public\\index.php(52): Illuminate\\Foundation\\Http\\Kernel->handle()
#61 E:\\Suorce\\VS_CODE\\WEB\\Mvek\\vendor\\laravel\\framework\\src\\Illuminate\\Foundation\\resources\\server.php(16): require_once('E:\\\\Suorce\\\\VS_CO...')
#62 {main}
"} 
[2026-02-05 05:05:03] local.ERROR: Undefined variable $tab {"view":{"view":"E:\\Suorce\\VS_CODE\\WEB\\Mvek\\resources\\views\\layouts\\app.blade.php","data":[]},"exception":"[object] (Spatie\\LaravelIgnition\\Exceptions\\ViewException(code: 0): Undefined variable $tab at E:\\Suorce\\VS_CODE\\WEB\\Mvek\\resources\\views\\layouts\\app.blade.php:53)
[stacktrace]
#0 E:\\Suorce\\VS_CODE\\WEB\\Mvek\\vendor\\laravel\\framework\\src\\Illuminate\\Filesystem\\Filesystem.php(123): require('E:\\\\Suorce\\\\VS_CO...')
#1 E:\\Suorce\\VS_CODE\\WEB\\Mvek\\vendor\\laravel\\framework\\src\\Illuminate\\Filesystem\\Filesystem.php(124): Illuminate\\Filesystem\\Filesystem::Illuminate\\Filesystem\\{closure}()
#2 E:\\Suorce\\VS_CODE\\WEB\\Mvek\\vendor\\laravel\\framework\\src\\Illuminate\\View\\Engines\\PhpEngine.php(58): Illuminate\\Filesystem\\Filesystem->getRequire()
#3 E:\\Suorce\\VS_CODE\\WEB\\Mvek\\vendor\\laravel\\framework\\src\\Illuminate\\View\\Engines\\CompilerEngine.php(72): Illuminate\\View\\Engines\\PhpEngine->evaluatePath()
#4 E:\\Suorce\\VS_CODE\\WEB\\Mvek\\vendor\\laravel\\framework\\src\\Illuminate\\View\\View.php(207): Illuminate\\View\\Engines\\CompilerEngine->get()
#5 E:\\Suorce\\VS_CODE\\WEB\\Mvek\\vendor\\laravel\\framework\\src\\Illuminate\\View\\View.php(190): Illuminate\\View\\View->getContents()
#6 E:\\Suorce\\VS_CODE\\WEB\\Mvek\\vendor\\laravel\\framework\\src\\Illuminate\\View\\View.php(159): Illuminate\\View\\View->renderContents()
#7 E:\\Suorce\\VS_CODE\\WEB\\Mvek\\resources\\views\\home.blade.php(93): Illuminate\\View\\View->render()
#8 E:\\Suorce\\VS_CODE\\WEB\\Mvek\\vendor\\laravel\\framework\\src\\Illuminate\\Filesystem\\Filesystem.php(123): require('E:\\\\Suorce\\\\VS_CO...')
#9 E:\\Suorce\\VS_CODE\\WEB\\Mvek\\vendor\\laravel\\framework\\src\\Illuminate\\Filesystem\\Filesystem.php(124): Illuminate\\Filesystem\\Filesystem::Illuminate\\Filesystem\\{closure}()
#10 E:\\Suorce\\VS_CODE\\WEB\\Mvek\\vendor\\laravel\\framework\\src\\Illuminate\\View\\Engines\\PhpEngine.php(58): Illuminate\\Filesystem\\Filesystem->getRequire()
#11 E:\\Suorce\\VS_CODE\\WEB\\Mvek\\vendor\\laravel\\framework\\src\\Illuminate\\View\\Engines\\CompilerEngine.php(72): Illuminate\\View\\Engines\\PhpEngine->evaluatePath()
#12 E:\\Suorce\\VS_CODE\\WEB\\Mvek\\vendor\\laravel\\framework\\src\\Illuminate\\View\\View.php(207): Illuminate\\View\\Engines\\CompilerEngine->get()
#13 E:\\Suorce\\VS_CODE\\WEB\\Mvek\\vendor\\laravel\\framework\\src\\Illuminate\\View\\View.php(190): Illuminate\\View\\View->getContents()
#14 E:\\Suorce\\VS_CODE\\WEB\\Mvek\\vendor\\laravel\\framework\\src\\Illuminate\\View\\View.php(159): Illuminate\\View\\View->renderContents()
#15 E:\\Suorce\\VS_CODE\\WEB\\Mvek\\vendor\\laravel\\framework\\src\\Illuminate\\Http\\Response.php(69): Illuminate\\View\\View->render()
#16 E:\\Suorce\\VS_CODE\\WEB\\Mvek\\vendor\\laravel\\framework\\src\\Illuminate\\Http\\Response.php(35): Illuminate\\Http\\Response->setContent()
#17 E:\\Suorce\\VS_CODE\\WEB\\Mvek\\vendor\\laravel\\framework\\src\\Illuminate\\Routing\\Router.php(918): Illuminate\\Http\\Response->__construct()
#18 E:\\Suorce\\VS_CODE\\WEB\\Mvek\\vendor\\laravel\\framework\\src\\Illuminate\\Routing\\Router.php(885): Illuminate\\Routing\\Router::toResponse()
#19 E:\\Suorce\\VS_CODE\\WEB\\Mvek\\vendor\\laravel\\framework\\src\\Illuminate\\Routing\\Router.php(806): Illuminate\\Routing\\Router->prepareResponse()
#20 E:\\Suorce\\VS_CODE\\WEB\\Mvek\\vendor\\laravel\\framework\\src\\Illuminate\\Pipeline\\Pipeline.php(144): Illuminate\\Routing\\Router->Illuminate\\Routing\\{closure}()
#21 E:\\Suorce\\VS_CODE\\WEB\\Mvek\\vendor\\laravel\\framework\\src\\Illuminate\\Routing\\Middleware\\SubstituteBindings.php(50): Illuminate\\Pipeline\\Pipeline->Illuminate\\Pipeline\\{closure}()
#22 E:\\Suorce\\VS_CODE\\WEB\\Mvek\\vendor\\laravel\\framework\\src\\Illuminate\\Pipeline\\Pipeline.php(183): Illuminate\\Routing\\Middleware\\SubstituteBindings->handle()
#23 E:\\Suorce\\VS_CODE\\WEB\\Mvek\\vendor\\laravel\\framework\\src\\Illuminate\\Foundation\\Http\\Middleware\\VerifyCsrfToken.php(78): Illuminate\\Pipeline\\Pipeline->Illuminate\\Pipeline\\{closure}()
#24 E:\\Suorce\\VS_CODE\\WEB\\Mvek\\vendor\\laravel\\framework\\src\\Illuminate\\Pipeline\\Pipeline.php(183): Illuminate\\Foundation\\Http\\Middleware\\VerifyCsrfToken->handle()
#25 E:\\Suorce\\VS_CODE\\WEB\\Mvek\\vendor\\laravel\\framework\\src\\Illuminate\\View\\Middleware\\ShareErrorsFromSession.php(49): Illuminate\\Pipeline\\Pipeline->Illuminate\\Pipeline\\{closure}()
#26 E:\\Suorce\\VS_CODE\\WEB\\Mvek\\vendor\\laravel\\framework\\src\\Illuminate\\Pipeline\\Pipeline.php(183): Illuminate\\View\\Middleware\\ShareErrorsFromSession->handle()
#27 E:\\Suorce\\VS_CODE\\WEB\\Mvek\\vendor\\laravel\\framework\\src\\Illuminate\\Session\\Middleware\\StartSession.php(121): Illuminate\\Pipeline\\Pipeline->Illuminate\\Pipeline\\{closure}()
#28 E:\\Suorce\\VS_CODE\\WEB\\Mvek\\vendor\\laravel\\framework\\src\\Illuminate\\Session\\Middleware\\StartSession.php(64): Illuminate\\Session\\Middleware\\StartSession->handleStatefulRequest()
#29 E:\\Suorce\\VS_CODE\\WEB\\Mvek\\vendor\\laravel\\framework\\src\\Illuminate\\Pipeline\\Pipeline.php(183): Illuminate\\Session\\Middleware\\StartSession->handle()
#30 E:\\Suorce\\VS_CODE\\WEB\\Mvek\\vendor\\laravel\\framework\\src\\Illuminate\\Cookie\\Middleware\\AddQueuedCookiesToResponse.php(37): Illuminate\\Pipeline\\Pipeline->Illuminate\\Pipeline\\{closure}()
#31 E:\\Suorce\\VS_CODE\\WEB\\Mvek\\vendor\\laravel\\framework\\src\\Illuminate\\Pipeline\\Pipeline.php(183): Illuminate\\Cookie\\Middleware\\AddQueuedCookiesToResponse->handle()
#32 E:\\Suorce\\VS_CODE\\WEB\\Mvek\\vendor\\laravel\\framework\\src\\Illuminate\\Cookie\\Middleware\\EncryptCookies.php(67): Illuminate\\Pipeline\\Pipeline->Illuminate\\Pipeline\\{closure}()
#33 E:\\Suorce\\VS_CODE\\WEB\\Mvek\\vendor\\laravel\\framework\\src\\Illuminate\\Pipeline\\Pipeline.php(183): Illuminate\\Cookie\\Middleware\\EncryptCookies->handle()
#34 E:\\Suorce\\VS_CODE\\WEB\\Mvek\\vendor\\laravel\\framework\\src\\Illuminate\\Pipeline\\Pipeline.php(119): Illuminate\\Pipeline\\Pipeline->Illuminate\\Pipeline\\{closure}()
#35 E:\\Suorce\\VS_CODE\\WEB\\Mvek\\vendor\\laravel\\framework\\src\\Illuminate\\Routing\\Router.php(807): Illuminate\\Pipeline\\Pipeline->then()
#36 E:\\Suorce\\VS_CODE\\WEB\\Mvek\\vendor\\laravel\\framework\\src\\Illuminate\\Routing\\Router.php(784): Illuminate\\Routing\\Router->runRouteWithinStack()
#37 E:\\Suorce\\VS_CODE\\WEB\\Mvek\\vendor\\laravel\\framework\\src\\Illuminate\\Routing\\Router.php(748): Illuminate\\Routing\\Router->runRoute()
#38 E:\\Suorce\\VS_CODE\\WEB\\Mvek\\vendor\\laravel\\framework\\src\\Illuminate\\Routing\\Router.php(737): Illuminate\\Routing\\Router->dispatchToRoute()
#39 E:\\Suorce\\VS_CODE\\WEB\\Mvek\\vendor\\laravel\\framework\\src\\Illuminate\\Foundation\\Http\\Kernel.php(200): Illuminate\\Routing\\Router->dispatch()
#40 E:\\Suorce\\VS_CODE\\WEB\\Mvek\\vendor\\laravel\\framework\\src\\Illuminate\\Pipeline\\Pipeline.php(144): Illuminate\\Foundation\\Http\\Kernel->Illuminate\\Foundation\\Http\\{closure}()
#41 E:\\Suorce\\VS_CODE\\WEB\\Mvek\\vendor\\laravel\\framework\\src\\Illuminate\\Foundation\\Http\\Middleware\\TransformsRequest.php(21): Illuminate\\Pipeline\\Pipeline->Illuminate\\Pipeline\\{closure}()
#42 E:\\Suorce\\VS_CODE\\WEB\\Mvek\\vendor\\laravel\\framework\\src\\Illuminate\\Foundation\\Http\\Middleware\\ConvertEmptyStringsToNull.php(31): Illuminate\\Foundation\\Http\\Middleware\\TransformsRequest->handle()
#43 E:\\Suorce\\VS_CODE\\WEB\\Mvek\\vendor\\laravel\\framework\\src\\Illuminate\\Pipeline\\Pipeline.php(183): Illuminate\\Foundation\\Http\\Middleware\\ConvertEmptyStringsToNull->handle()
#44 E:\\Suorce\\VS_CODE\\WEB\\Mvek\\vendor\\laravel\\framework\\src\\Illuminate\\Foundation\\Http\\Middleware\\TransformsRequest.php(21): Illuminate\\Pipeline\\Pipeline->Illuminate\\Pipeline\\{closure}()
#45 E:\\Suorce\\VS_CODE\\WEB\\Mvek\\vendor\\laravel\\framework\\src\\Illuminate\\Foundation\\Http\\Middleware\\TrimStrings.php(40): Illuminate\\Foundation\\Http\\Middleware\\TransformsRequest->handle()
#46 E:\\Suorce\\VS_CODE\\WEB\\Mvek\\vendor\\laravel\\framework\\src\\Illuminate\\Pipeline\\Pipeline.php(183): Illuminate\\Foundation\\Http\\Middleware\\TrimStrings->handle()
#47 E:\\Suorce\\VS_CODE\\WEB\\Mvek\\vendor\\laravel\\framework\\src\\Illuminate\\Foundation\\Http\\Middleware\\ValidatePostSize.php(27): Illuminate\\Pipeline\\Pipeline->Illuminate\\Pipeline\\{closure}()
#48 E:\\Suorce\\VS_CODE\\WEB\\Mvek\\vendor\\laravel\\framework\\src\\Illuminate\\Pipeline\\Pipeline.php(183): Illuminate\\Foundation\\Http\\Middleware\\ValidatePostSize->handle()
#49 E:\\Suorce\\VS_CODE\\WEB\\Mvek\\vendor\\laravel\\framework\\src\\Illuminate\\Foundation\\Http\\Middleware\\PreventRequestsDuringMaintenance.php(99): Illuminate\\Pipeline\\Pipeline->Illuminate\\Pipeline\\{closure}()
#50 E:\\Suorce\\VS_CODE\\WEB\\Mvek\\vendor\\laravel\\framework\\src\\Illuminate\\Pipeline\\Pipeline.php(183): Illuminate\\Foundation\\Http\\Middleware\\PreventRequestsDuringMaintenance->handle()
#51 E:\\Suorce\\VS_CODE\\WEB\\Mvek\\vendor\\laravel\\framework\\src\\Illuminate\\Http\\Middleware\\HandleCors.php(49): Illuminate\\Pipeline\\Pipeline->Illuminate\\Pipeline\\{closure}()
#52 E:\\Suorce\\VS_CODE\\WEB\\Mvek\\vendor\\laravel\\framework\\src\\Illuminate\\Pipeline\\Pipeline.php(183): Illuminate\\Http\\Middleware\\HandleCors->handle()
#53 E:\\Suorce\\VS_CODE\\WEB\\Mvek\\vendor\\laravel\\framework\\src\\Illuminate\\Http\\Middleware\\TrustProxies.php(39): Illuminate\\Pipeline\\Pipeline->Illuminate\\Pipeline\\{closure}()
#54 E:\\Suorce\\VS_CODE\\WEB\\Mvek\\vendor\\laravel\\framework\\src\\Illuminate\\Pipeline\\Pipeline.php(183): Illuminate\\Http\\Middleware\\TrustProxies->handle()
#55 E:\\Suorce\\VS_CODE\\WEB\\Mvek\\vendor\\laravel\\framework\\src\\Illuminate\\Pipeline\\Pipeline.php(119): Illuminate\\Pipeline\\Pipeline->Illuminate\\Pipeline\\{closure}()
#56 E:\\Suorce\\VS_CODE\\WEB\\Mvek\\vendor\\laravel\\framework\\src\\Illuminate\\Foundation\\Http\\Kernel.php(175): Illuminate\\Pipeline\\Pipeline->then()
#57 E:\\Suorce\\VS_CODE\\WEB\\Mvek\\vendor\\laravel\\framework\\src\\Illuminate\\Foundation\\Http\\Kernel.php(144): Illuminate\\Foundation\\Http\\Kernel->sendRequestThroughRouter()
#58 E:\\Suorce\\VS_CODE\\WEB\\Mvek\\public\\index.php(52): Illuminate\\Foundation\\Http\\Kernel->handle()
#59 E:\\Suorce\\VS_CODE\\WEB\\Mvek\\vendor\\laravel\\framework\\src\\Illuminate\\Foundation\\resources\\server.php(16): require_once('E:\\\\Suorce\\\\VS_CO...')
#60 {main}

[previous exception] [object] (ErrorException(code: 0): Undefined variable $tab at E:\\Suorce\\VS_CODE\\WEB\\Mvek\\storage\\framework\\views\\aadc447ce5a5895a761b67b4427ccbe4.php:52)
[stacktrace]
#0 E:\\Suorce\\VS_CODE\\WEB\\Mvek\\vendor\\laravel\\framework\\src\\Illuminate\\Foundation\\Bootstrap\\HandleExceptions.php(255): Illuminate\\Foundation\\Bootstrap\\HandleExceptions->handleError()
#1 E:\\Suorce\\VS_CODE\\WEB\\Mvek\\storage\\framework\\views\\aadc447ce5a5895a761b67b4427ccbe4.php(52): Illuminate\\Foundation\\Bootstrap\\HandleExceptions->Illuminate\\Foundation\\Bootstrap\\{closure}()
#2 E:\\Suorce\\VS_CODE\\WEB\\Mvek\\vendor\\laravel\\framework\\src\\Illuminate\\Filesystem\\Filesystem.php(123): require('E:\\\\Suorce\\\\VS_CO...')
#3 E:\\Suorce\\VS_CODE\\WEB\\Mvek\\vendor\\laravel\\framework\\src\\Illuminate\\Filesystem\\Filesystem.php(124): Illuminate\\Filesystem\\Filesystem::Illuminate\\Filesystem\\{closure}()
#4 E:\\Suorce\\VS_CODE\\WEB\\Mvek\\vendor\\laravel\\framework\\src\\Illuminate\\View\\Engines\\PhpEngine.php(58): Illuminate\\Filesystem\\Filesystem->getRequire()
#5 E:\\Suorce\\VS_CODE\\WEB\\Mvek\\vendor\\laravel\\framework\\src\\Illuminate\\View\\Engines\\CompilerEngine.php(72): Illuminate\\View\\Engines\\PhpEngine->evaluatePath()
#6 E:\\Suorce\\VS_CODE\\WEB\\Mvek\\vendor\\laravel\\framework\\src\\Illuminate\\View\\View.php(207): Illuminate\\View\\Engines\\CompilerEngine->get()
#7 E:\\Suorce\\VS_CODE\\WEB\\Mvek\\vendor\\laravel\\framework\\src\\Illuminate\\View\\View.php(190): Illuminate\\View\\View->getContents()
#8 E:\\Suorce\\VS_CODE\\WEB\\Mvek\\vendor\\laravel\\framework\\src\\Illuminate\\View\\View.php(159): Illuminate\\View\\View->renderContents()
#9 E:\\Suorce\\VS_CODE\\WEB\\Mvek\\storage\\framework\\views\\0a7bac3b44124d24d15af542cc6c02f2.php(93): Illuminate\\View\\View->render()
#10 E:\\Suorce\\VS_CODE\\WEB\\Mvek\\vendor\\laravel\\framework\\src\\Illuminate\\Filesystem\\Filesystem.php(123): require('E:\\\\Suorce\\\\VS_CO...')
#11 E:\\Suorce\\VS_CODE\\WEB\\Mvek\\vendor\\laravel\\framework\\src\\Illuminate\\Filesystem\\Filesystem.php(124): Illuminate\\Filesystem\\Filesystem::Illuminate\\Filesystem\\{closure}()
#12 E:\\Suorce\\VS_CODE\\WEB\\Mvek\\vendor\\laravel\\framework\\src\\Illuminate\\View\\Engines\\PhpEngine.php(58): Illuminate\\Filesystem\\Filesystem->getRequire()
#13 E:\\Suorce\\VS_CODE\\WEB\\Mvek\\vendor\\laravel\\framework\\src\\Illuminate\\View\\Engines\\CompilerEngine.php(72): Illuminate\\View\\Engines\\PhpEngine->evaluatePath()
#14 E:\\Suorce\\VS_CODE\\WEB\\Mvek\\vendor\\laravel\\framework\\src\\Illuminate\\View\\View.php(207): Illuminate\\View\\Engines\\CompilerEngine->get()
#15 E:\\Suorce\\VS_CODE\\WEB\\Mvek\\vendor\\laravel\\framework\\src\\Illuminate\\View\\View.php(190): Illuminate\\View\\View->getContents()
#16 E:\\Suorce\\VS_CODE\\WEB\\Mvek\\vendor\\laravel\\framework\\src\\Illuminate\\View\\View.php(159): Illuminate\\View\\View->renderContents()
#17 E:\\Suorce\\VS_CODE\\WEB\\Mvek\\vendor\\laravel\\framework\\src\\Illuminate\\Http\\Response.php(69): Illuminate\\View\\View->render()
#18 E:\\Suorce\\VS_CODE\\WEB\\Mvek\\vendor\\laravel\\framework\\src\\Illuminate\\Http\\Response.php(35): Illuminate\\Http\\Response->setContent()
#19 E:\\Suorce\\VS_CODE\\WEB\\Mvek\\vendor\\laravel\\framework\\src\\Illuminate\\Routing\\Router.php(918): Illuminate\\Http\\Response->__construct()
#20 E:\\Suorce\\VS_CODE\\WEB\\Mvek\\vendor\\laravel\\framework\\src\\Illuminate\\Routing\\Router.php(885): Illuminate\\Routing\\Router::toResponse()
#21 E:\\Suorce\\VS_CODE\\WEB\\Mvek\\vendor\\laravel\\framework\\src\\Illuminate\\Routing\\Router.php(806): Illuminate\\Routing\\Router->prepareResponse()
#22 E:\\Suorce\\VS_CODE\\WEB\\Mvek\\vendor\\laravel\\framework\\src\\Illuminate\\Pipeline\\Pipeline.php(144): Illuminate\\Routing\\Router->Illuminate\\Routing\\{closure}()
#23 E:\\Suorce\\VS_CODE\\WEB\\Mvek\\vendor\\laravel\\framework\\src\\Illuminate\\Routing\\Middleware\\SubstituteBindings.php(50): Illuminate\\Pipeline\\Pipeline->Illuminate\\Pipeline\\{closure}()
#24 E:\\Suorce\\VS_CODE\\WEB\\Mvek\\vendor\\laravel\\framework\\src\\Illuminate\\Pipeline\\Pipeline.php(183): Illuminate\\Routing\\Middleware\\SubstituteBindings->handle()
#25 E:\\Suorce\\VS_CODE\\WEB\\Mvek\\vendor\\laravel\\framework\\src\\Illuminate\\Foundation\\Http\\Middleware\\VerifyCsrfToken.php(78): Illuminate\\Pipeline\\Pipeline->Illuminate\\Pipeline\\{closure}()
#26 E:\\Suorce\\VS_CODE\\WEB\\Mvek\\vendor\\laravel\\framework\\src\\Illuminate\\Pipeline\\Pipeline.php(183): Illuminate\\Foundation\\Http\\Middleware\\VerifyCsrfToken->handle()
#27 E:\\Suorce\\VS_CODE\\WEB\\Mvek\\vendor\\laravel\\framework\\src\\Illuminate\\View\\Middleware\\ShareErrorsFromSession.php(49): Illuminate\\Pipeline\\Pipeline->Illuminate\\Pipeline\\{closure}()
#28 E:\\Suorce\\VS_CODE\\WEB\\Mvek\\vendor\\laravel\\framework\\src\\Illuminate\\Pipeline\\Pipeline.php(183): Illuminate\\View\\Middleware\\ShareErrorsFromSession->handle()
#29 E:\\Suorce\\VS_CODE\\WEB\\Mvek\\vendor\\laravel\\framework\\src\\Illuminate\\Session\\Middleware\\StartSession.php(121): Illuminate\\Pipeline\\Pipeline->Illuminate\\Pipeline\\{closure}()
#30 E:\\Suorce\\VS_CODE\\WEB\\Mvek\\vendor\\laravel\\framework\\src\\Illuminate\\Session\\Middleware\\StartSession.php(64): Illuminate\\Session\\Middleware\\StartSession->handleStatefulRequest()
#31 E:\\Suorce\\VS_CODE\\WEB\\Mvek\\vendor\\laravel\\framework\\src\\Illuminate\\Pipeline\\Pipeline.php(183): Illuminate\\Session\\Middleware\\StartSession->handle()
#32 E:\\Suorce\\VS_CODE\\WEB\\Mvek\\vendor\\laravel\\framework\\src\\Illuminate\\Cookie\\Middleware\\AddQueuedCookiesToResponse.php(37): Illuminate\\Pipeline\\Pipeline->Illuminate\\Pipeline\\{closure}()
#33 E:\\Suorce\\VS_CODE\\WEB\\Mvek\\vendor\\laravel\\framework\\src\\Illuminate\\Pipeline\\Pipeline.php(183): Illuminate\\Cookie\\Middleware\\AddQueuedCookiesToResponse->handle()
#34 E:\\Suorce\\VS_CODE\\WEB\\Mvek\\vendor\\laravel\\framework\\src\\Illuminate\\Cookie\\Middleware\\EncryptCookies.php(67): Illuminate\\Pipeline\\Pipeline->Illuminate\\Pipeline\\{closure}()
#35 E:\\Suorce\\VS_CODE\\WEB\\Mvek\\vendor\\laravel\\framework\\src\\Illuminate\\Pipeline\\Pipeline.php(183): Illuminate\\Cookie\\Middleware\\EncryptCookies->handle()
#36 E:\\Suorce\\VS_CODE\\WEB\\Mvek\\vendor\\laravel\\framework\\src\\Illuminate\\Pipeline\\Pipeline.php(119): Illuminate\\Pipeline\\Pipeline->Illuminate\\Pipeline\\{closure}()
#37 E:\\Suorce\\VS_CODE\\WEB\\Mvek\\vendor\\laravel\\framework\\src\\Illuminate\\Routing\\Router.php(807): Illuminate\\Pipeline\\Pipeline->then()
#38 E:\\Suorce\\VS_CODE\\WEB\\Mvek\\vendor\\laravel\\framework\\src\\Illuminate\\Routing\\Router.php(784): Illuminate\\Routing\\Router->runRouteWithinStack()
#39 E:\\Suorce\\VS_CODE\\WEB\\Mvek\\vendor\\laravel\\framework\\src\\Illuminate\\Routing\\Router.php(748): Illuminate\\Routing\\Router->runRoute()
#40 E:\\Suorce\\VS_CODE\\WEB\\Mvek\\vendor\\laravel\\framework\\src\\Illuminate\\Routing\\Router.php(737): Illuminate\\Routing\\Router->dispatchToRoute()
#41 E:\\Suorce\\VS_CODE\\WEB\\Mvek\\vendor\\laravel\\framework\\src\\Illuminate\\Foundation\\Http\\Kernel.php(200): Illuminate\\Routing\\Router->dispatch()
#42 E:\\Suorce\\VS_CODE\\WEB\\Mvek\\vendor\\laravel\\framework\\src\\Illuminate\\Pipeline\\Pipeline.php(144): Illuminate\\Foundation\\Http\\Kernel->Illuminate\\Foundation\\Http\\{closure}()
#43 E:\\Suorce\\VS_CODE\\WEB\\Mvek\\vendor\\laravel\\framework\\src\\Illuminate\\Foundation\\Http\\Middleware\\TransformsRequest.php(21): Illuminate\\Pipeline\\Pipeline->Illuminate\\Pipeline\\{closure}()
#44 E:\\Suorce\\VS_CODE\\WEB\\Mvek\\vendor\\laravel\\framework\\src\\Illuminate\\Foundation\\Http\\Middleware\\ConvertEmptyStringsToNull.php(31): Illuminate\\Foundation\\Http\\Middleware\\TransformsRequest->handle()
#45 E:\\Suorce\\VS_CODE\\WEB\\Mvek\\vendor\\laravel\\framework\\src\\Illuminate\\Pipeline\\Pipeline.php(183): Illuminate\\Foundation\\Http\\Middleware\\ConvertEmptyStringsToNull->handle()
#46 E:\\Suorce\\VS_CODE\\WEB\\Mvek\\vendor\\laravel\\framework\\src\\Illuminate\\Foundation\\Http\\Middleware\\TransformsRequest.php(21): Illuminate\\Pipeline\\Pipeline->Illuminate\\Pipeline\\{closure}()
#47 E:\\Suorce\\VS_CODE\\WEB\\Mvek\\vendor\\laravel\\framework\\src\\Illuminate\\Foundation\\Http\\Middleware\\TrimStrings.php(40): Illuminate\\Foundation\\Http\\Middleware\\TransformsRequest->handle()
#48 E:\\Suorce\\VS_CODE\\WEB\\Mvek\\vendor\\laravel\\framework\\src\\Illuminate\\Pipeline\\Pipeline.php(183): Illuminate\\Foundation\\Http\\Middleware\\TrimStrings->handle()
#49 E:\\Suorce\\VS_CODE\\WEB\\Mvek\\vendor\\laravel\\framework\\src\\Illuminate\\Foundation\\Http\\Middleware\\ValidatePostSize.php(27): Illuminate\\Pipeline\\Pipeline->Illuminate\\Pipeline\\{closure}()
#50 E:\\Suorce\\VS_CODE\\WEB\\Mvek\\vendor\\laravel\\framework\\src\\Illuminate\\Pipeline\\Pipeline.php(183): Illuminate\\Foundation\\Http\\Middleware\\ValidatePostSize->handle()
#51 E:\\Suorce\\VS_CODE\\WEB\\Mvek\\vendor\\laravel\\framework\\src\\Illuminate\\Foundation\\Http\\Middleware\\PreventRequestsDuringMaintenance.php(99): Illuminate\\Pipeline\\Pipeline->Illuminate\\Pipeline\\{closure}()
#52 E:\\Suorce\\VS_CODE\\WEB\\Mvek\\vendor\\laravel\\framework\\src\\Illuminate\\Pipeline\\Pipeline.php(183): Illuminate\\Foundation\\Http\\Middleware\\PreventRequestsDuringMaintenance->handle()
#53 E:\\Suorce\\VS_CODE\\WEB\\Mvek\\vendor\\laravel\\framework\\src\\Illuminate\\Http\\Middleware\\HandleCors.php(49): Illuminate\\Pipeline\\Pipeline->Illuminate\\Pipeline\\{closure}()
#54 E:\\Suorce\\VS_CODE\\WEB\\Mvek\\vendor\\laravel\\framework\\src\\Illuminate\\Pipeline\\Pipeline.php(183): Illuminate\\Http\\Middleware\\HandleCors->handle()
#55 E:\\Suorce\\VS_CODE\\WEB\\Mvek\\vendor\\laravel\\framework\\src\\Illuminate\\Http\\Middleware\\TrustProxies.php(39): Illuminate\\Pipeline\\Pipeline->Illuminate\\Pipeline\\{closure}()
#56 E:\\Suorce\\VS_CODE\\WEB\\Mvek\\vendor\\laravel\\framework\\src\\Illuminate\\Pipeline\\Pipeline.php(183): Illuminate\\Http\\Middleware\\TrustProxies->handle()
#57 E:\\Suorce\\VS_CODE\\WEB\\Mvek\\vendor\\laravel\\framework\\src\\Illuminate\\Pipeline\\Pipeline.php(119): Illuminate\\Pipeline\\Pipeline->Illuminate\\Pipeline\\{closure}()
#58 E:\\Suorce\\VS_CODE\\WEB\\Mvek\\vendor\\laravel\\framework\\src\\Illuminate\\Foundation\\Http\\Kernel.php(175): Illuminate\\Pipeline\\Pipeline->then()
#59 E:\\Suorce\\VS_CODE\\WEB\\Mvek\\vendor\\laravel\\framework\\src\\Illuminate\\Foundation\\Http\\Kernel.php(144): Illuminate\\Foundation\\Http\\Kernel->sendRequestThroughRouter()
#60 E:\\Suorce\\VS_CODE\\WEB\\Mvek\\public\\index.php(52): Illuminate\\Foundation\\Http\\Kernel->handle()
#61 E:\\Suorce\\VS_CODE\\WEB\\Mvek\\vendor\\laravel\\framework\\src\\Illuminate\\Foundation\\resources\\server.php(16): require_once('E:\\\\Suorce\\\\VS_CO...')
#62 {main}
"} 
[2026-02-05 05:06:03] local.ERROR: Undefined variable $items {"view":{"view":"E:\\Suorce\\VS_CODE\\WEB\\Mvek\\resources\\views\\layouts\\app.blade.php","data":[]},"exception":"[object] (Spatie\\LaravelIgnition\\Exceptions\\ViewException(code: 0): Undefined variable $items at E:\\Suorce\\VS_CODE\\WEB\\Mvek\\resources\\views\\layouts\\app.blade.php:79)
[stacktrace]
#0 E:\\Suorce\\VS_CODE\\WEB\\Mvek\\vendor\\laravel\\framework\\src\\Illuminate\\Filesystem\\Filesystem.php(123): require('E:\\\\Suorce\\\\VS_CO...')
#1 E:\\Suorce\\VS_CODE\\WEB\\Mvek\\vendor\\laravel\\framework\\src\\Illuminate\\Filesystem\\Filesystem.php(124): Illuminate\\Filesystem\\Filesystem::Illuminate\\Filesystem\\{closure}()
#2 E:\\Suorce\\VS_CODE\\WEB\\Mvek\\vendor\\laravel\\framework\\src\\Illuminate\\View\\Engines\\PhpEngine.php(58): Illuminate\\Filesystem\\Filesystem->getRequire()
#3 E:\\Suorce\\VS_CODE\\WEB\\Mvek\\vendor\\laravel\\framework\\src\\Illuminate\\View\\Engines\\CompilerEngine.php(72): Illuminate\\View\\Engines\\PhpEngine->evaluatePath()
#4 E:\\Suorce\\VS_CODE\\WEB\\Mvek\\vendor\\laravel\\framework\\src\\Illuminate\\View\\View.php(207): Illuminate\\View\\Engines\\CompilerEngine->get()
#5 E:\\Suorce\\VS_CODE\\WEB\\Mvek\\vendor\\laravel\\framework\\src\\Illuminate\\View\\View.php(190): Illuminate\\View\\View->getContents()
#6 E:\\Suorce\\VS_CODE\\WEB\\Mvek\\vendor\\laravel\\framework\\src\\Illuminate\\View\\View.php(159): Illuminate\\View\\View->renderContents()
#7 E:\\Suorce\\VS_CODE\\WEB\\Mvek\\resources\\views\\home.blade.php(93): Illuminate\\View\\View->render()
#8 E:\\Suorce\\VS_CODE\\WEB\\Mvek\\vendor\\laravel\\framework\\src\\Illuminate\\Filesystem\\Filesystem.php(123): require('E:\\\\Suorce\\\\VS_CO...')
#9 E:\\Suorce\\VS_CODE\\WEB\\Mvek\\vendor\\laravel\\framework\\src\\Illuminate\\Filesystem\\Filesystem.php(124): Illuminate\\Filesystem\\Filesystem::Illuminate\\Filesystem\\{closure}()
#10 E:\\Suorce\\VS_CODE\\WEB\\Mvek\\vendor\\laravel\\framework\\src\\Illuminate\\View\\Engines\\PhpEngine.php(58): Illuminate\\Filesystem\\Filesystem->getRequire()
#11 E:\\Suorce\\VS_CODE\\WEB\\Mvek\\vendor\\laravel\\framework\\src\\Illuminate\\View\\Engines\\CompilerEngine.php(72): Illuminate\\View\\Engines\\PhpEngine->evaluatePath()
#12 E:\\Suorce\\VS_CODE\\WEB\\Mvek\\vendor\\laravel\\framework\\src\\Illuminate\\View\\View.php(207): Illuminate\\View\\Engines\\CompilerEngine->get()
#13 E:\\Suorce\\VS_CODE\\WEB\\Mvek\\vendor\\laravel\\framework\\src\\Illuminate\\View\\View.php(190): Illuminate\\View\\View->getContents()
#14 E:\\Suorce\\VS_CODE\\WEB\\Mvek\\vendor\\laravel\\framework\\src\\Illuminate\\View\\View.php(159): Illuminate\\View\\View->renderContents()
#15 E:\\Suorce\\VS_CODE\\WEB\\Mvek\\vendor\\laravel\\framework\\src\\Illuminate\\Http\\Response.php(69): Illuminate\\View\\View->render()
#16 E:\\Suorce\\VS_CODE\\WEB\\Mvek\\vendor\\laravel\\framework\\src\\Illuminate\\Http\\Response.php(35): Illuminate\\Http\\Response->setContent()
#17 E:\\Suorce\\VS_CODE\\WEB\\Mvek\\vendor\\laravel\\framework\\src\\Illuminate\\Routing\\Router.php(918): Illuminate\\Http\\Response->__construct()
#18 E:\\Suorce\\VS_CODE\\WEB\\Mvek\\vendor\\laravel\\framework\\src\\Illuminate\\Routing\\Router.php(885): Illuminate\\Routing\\Router::toResponse()
#19 E:\\Suorce\\VS_CODE\\WEB\\Mvek\\vendor\\laravel\\framework\\src\\Illuminate\\Routing\\Router.php(806): Illuminate\\Routing\\Router->prepareResponse()
#20 E:\\Suorce\\VS_CODE\\WEB\\Mvek\\vendor\\laravel\\framework\\src\\Illuminate\\Pipeline\\Pipeline.php(144): Illuminate\\Routing\\Router->Illuminate\\Routing\\{closure}()
#21 E:\\Suorce\\VS_CODE\\WEB\\Mvek\\vendor\\laravel\\framework\\src\\Illuminate\\Routing\\Middleware\\SubstituteBindings.php(50): Illuminate\\Pipeline\\Pipeline->Illuminate\\Pipeline\\{closure}()
#22 E:\\Suorce\\VS_CODE\\WEB\\Mvek\\vendor\\laravel\\framework\\src\\Illuminate\\Pipeline\\Pipeline.php(183): Illuminate\\Routing\\Middleware\\SubstituteBindings->handle()
#23 E:\\Suorce\\VS_CODE\\WEB\\Mvek\\vendor\\laravel\\framework\\src\\Illuminate\\Foundation\\Http\\Middleware\\VerifyCsrfToken.php(78): Illuminate\\Pipeline\\Pipeline->Illuminate\\Pipeline\\{closure}()
#24 E:\\Suorce\\VS_CODE\\WEB\\Mvek\\vendor\\laravel\\framework\\src\\Illuminate\\Pipeline\\Pipeline.php(183): Illuminate\\Foundation\\Http\\Middleware\\VerifyCsrfToken->handle()
#25 E:\\Suorce\\VS_CODE\\WEB\\Mvek\\vendor\\laravel\\framework\\src\\Illuminate\\View\\Middleware\\ShareErrorsFromSession.php(49): Illuminate\\Pipeline\\Pipeline->Illuminate\\Pipeline\\{closure}()
#26 E:\\Suorce\\VS_CODE\\WEB\\Mvek\\vendor\\laravel\\framework\\src\\Illuminate\\Pipeline\\Pipeline.php(183): Illuminate\\View\\Middleware\\ShareErrorsFromSession->handle()
#27 E:\\Suorce\\VS_CODE\\WEB\\Mvek\\vendor\\laravel\\framework\\src\\Illuminate\\Session\\Middleware\\StartSession.php(121): Illuminate\\Pipeline\\Pipeline->Illuminate\\Pipeline\\{closure}()
#28 E:\\Suorce\\VS_CODE\\WEB\\Mvek\\vendor\\laravel\\framework\\src\\Illuminate\\Session\\Middleware\\StartSession.php(64): Illuminate\\Session\\Middleware\\StartSession->handleStatefulRequest()
#29 E:\\Suorce\\VS_CODE\\WEB\\Mvek\\vendor\\laravel\\framework\\src\\Illuminate\\Pipeline\\Pipeline.php(183): Illuminate\\Session\\Middleware\\StartSession->handle()
#30 E:\\Suorce\\VS_CODE\\WEB\\Mvek\\vendor\\laravel\\framework\\src\\Illuminate\\Cookie\\Middleware\\AddQueuedCookiesToResponse.php(37): Illuminate\\Pipeline\\Pipeline->Illuminate\\Pipeline\\{closure}()
#31 E:\\Suorce\\VS_CODE\\WEB\\Mvek\\vendor\\laravel\\framework\\src\\Illuminate\\Pipeline\\Pipeline.php(183): Illuminate\\Cookie\\Middleware\\AddQueuedCookiesToResponse->handle()
#32 E:\\Suorce\\VS_CODE\\WEB\\Mvek\\vendor\\laravel\\framework\\src\\Illuminate\\Cookie\\Middleware\\EncryptCookies.php(67): Illuminate\\Pipeline\\Pipeline->Illuminate\\Pipeline\\{closure}()
#33 E:\\Suorce\\VS_CODE\\WEB\\Mvek\\vendor\\laravel\\framework\\src\\Illuminate\\Pipeline\\Pipeline.php(183): Illuminate\\Cookie\\Middleware\\EncryptCookies->handle()
#34 E:\\Suorce\\VS_CODE\\WEB\\Mvek\\vendor\\laravel\\framework\\src\\Illuminate\\Pipeline\\Pipeline.php(119): Illuminate\\Pipeline\\Pipeline->Illuminate\\Pipeline\\{closure}()
#35 E:\\Suorce\\VS_CODE\\WEB\\Mvek\\vendor\\laravel\\framework\\src\\Illuminate\\Routing\\Router.php(807): Illuminate\\Pipeline\\Pipeline->then()
#36 E:\\Suorce\\VS_CODE\\WEB\\Mvek\\vendor\\laravel\\framework\\src\\Illuminate\\Routing\\Router.php(784): Illuminate\\Routing\\Router->runRouteWithinStack()
#37 E:\\Suorce\\VS_CODE\\WEB\\Mvek\\vendor\\laravel\\framework\\src\\Illuminate\\Routing\\Router.php(748): Illuminate\\Routing\\Router->runRoute()
#38 E:\\Suorce\\VS_CODE\\WEB\\Mvek\\vendor\\laravel\\framework\\src\\Illuminate\\Routing\\Router.php(737): Illuminate\\Routing\\Router->dispatchToRoute()
#39 E:\\Suorce\\VS_CODE\\WEB\\Mvek\\vendor\\laravel\\framework\\src\\Illuminate\\Foundation\\Http\\Kernel.php(200): Illuminate\\Routing\\Router->dispatch()
#40 E:\\Suorce\\VS_CODE\\WEB\\Mvek\\vendor\\laravel\\framework\\src\\Illuminate\\Pipeline\\Pipeline.php(144): Illuminate\\Foundation\\Http\\Kernel->Illuminate\\Foundation\\Http\\{closure}()
#41 E:\\Suorce\\VS_CODE\\WEB\\Mvek\\vendor\\laravel\\framework\\src\\Illuminate\\Foundation\\Http\\Middleware\\TransformsRequest.php(21): Illuminate\\Pipeline\\Pipeline->Illuminate\\Pipeline\\{closure}()
#42 E:\\Suorce\\VS_CODE\\WEB\\Mvek\\vendor\\laravel\\framework\\src\\Illuminate\\Foundation\\Http\\Middleware\\ConvertEmptyStringsToNull.php(31): Illuminate\\Foundation\\Http\\Middleware\\TransformsRequest->handle()
#43 E:\\Suorce\\VS_CODE\\WEB\\Mvek\\vendor\\laravel\\framework\\src\\Illuminate\\Pipeline\\Pipeline.php(183): Illuminate\\Foundation\\Http\\Middleware\\ConvertEmptyStringsToNull->handle()
#44 E:\\Suorce\\VS_CODE\\WEB\\Mvek\\vendor\\laravel\\framework\\src\\Illuminate\\Foundation\\Http\\Middleware\\TransformsRequest.php(21): Illuminate\\Pipeline\\Pipeline->Illuminate\\Pipeline\\{closure}()
#45 E:\\Suorce\\VS_CODE\\WEB\\Mvek\\vendor\\laravel\\framework\\src\\Illuminate\\Foundation\\Http\\Middleware\\TrimStrings.php(40): Illuminate\\Foundation\\Http\\Middleware\\TransformsRequest->handle()
#46 E:\\Suorce\\VS_CODE\\WEB\\Mvek\\vendor\\laravel\\framework\\src\\Illuminate\\Pipeline\\Pipeline.php(183): Illuminate\\Foundation\\Http\\Middleware\\TrimStrings->handle()
#47 E:\\Suorce\\VS_CODE\\WEB\\Mvek\\vendor\\laravel\\framework\\src\\Illuminate\\Foundation\\Http\\Middleware\\ValidatePostSize.php(27): Illuminate\\Pipeline\\Pipeline->Illuminate\\Pipeline\\{closure}()
#48 E:\\Suorce\\VS_CODE\\WEB\\Mvek\\vendor\\laravel\\framework\\src\\Illuminate\\Pipeline\\Pipeline.php(183): Illuminate\\Foundation\\Http\\Middleware\\ValidatePostSize->handle()
#49 E:\\Suorce\\VS_CODE\\WEB\\Mvek\\vendor\\laravel\\framework\\src\\Illuminate\\Foundation\\Http\\Middleware\\PreventRequestsDuringMaintenance.php(99): Illuminate\\Pipeline\\Pipeline->Illuminate\\Pipeline\\{closure}()
#50 E:\\Suorce\\VS_CODE\\WEB\\Mvek\\vendor\\laravel\\framework\\src\\Illuminate\\Pipeline\\Pipeline.php(183): Illuminate\\Foundation\\Http\\Middleware\\PreventRequestsDuringMaintenance->handle()
#51 E:\\Suorce\\VS_CODE\\WEB\\Mvek\\vendor\\laravel\\framework\\src\\Illuminate\\Http\\Middleware\\HandleCors.php(49): Illuminate\\Pipeline\\Pipeline->Illuminate\\Pipeline\\{closure}()
#52 E:\\Suorce\\VS_CODE\\WEB\\Mvek\\vendor\\laravel\\framework\\src\\Illuminate\\Pipeline\\Pipeline.php(183): Illuminate\\Http\\Middleware\\HandleCors->handle()
#53 E:\\Suorce\\VS_CODE\\WEB\\Mvek\\vendor\\laravel\\framework\\src\\Illuminate\\Http\\Middleware\\TrustProxies.php(39): Illuminate\\Pipeline\\Pipeline->Illuminate\\Pipeline\\{closure}()
#54 E:\\Suorce\\VS_CODE\\WEB\\Mvek\\vendor\\laravel\\framework\\src\\Illuminate\\Pipeline\\Pipeline.php(183): Illuminate\\Http\\Middleware\\TrustProxies->handle()
#55 E:\\Suorce\\VS_CODE\\WEB\\Mvek\\vendor\\laravel\\framework\\src\\Illuminate\\Pipeline\\Pipeline.php(119): Illuminate\\Pipeline\\Pipeline->Illuminate\\Pipeline\\{closure}()
#56 E:\\Suorce\\VS_CODE\\WEB\\Mvek\\vendor\\laravel\\framework\\src\\Illuminate\\Foundation\\Http\\Kernel.php(175): Illuminate\\Pipeline\\Pipeline->then()
#57 E:\\Suorce\\VS_CODE\\WEB\\Mvek\\vendor\\laravel\\framework\\src\\Illuminate\\Foundation\\Http\\Kernel.php(144): Illuminate\\Foundation\\Http\\Kernel->sendRequestThroughRouter()
#58 E:\\Suorce\\VS_CODE\\WEB\\Mvek\\public\\index.php(52): Illuminate\\Foundation\\Http\\Kernel->handle()
#59 E:\\Suorce\\VS_CODE\\WEB\\Mvek\\vendor\\laravel\\framework\\src\\Illuminate\\Foundation\\resources\\server.php(16): require_once('E:\\\\Suorce\\\\VS_CO...')
#60 {main}

[previous exception] [object] (ErrorException(code: 0): Undefined variable $items at E:\\Suorce\\VS_CODE\\WEB\\Mvek\\storage\\framework\\views\\aadc447ce5a5895a761b67b4427ccbe4.php:78)
[stacktrace]
#0 E:\\Suorce\\VS_CODE\\WEB\\Mvek\\vendor\\laravel\\framework\\src\\Illuminate\\Foundation\\Bootstrap\\HandleExceptions.php(255): Illuminate\\Foundation\\Bootstrap\\HandleExceptions->handleError()
#1 E:\\Suorce\\VS_CODE\\WEB\\Mvek\\storage\\framework\\views\\aadc447ce5a5895a761b67b4427ccbe4.php(78): Illuminate\\Foundation\\Bootstrap\\HandleExceptions->Illuminate\\Foundation\\Bootstrap\\{closure}()
#2 E:\\Suorce\\VS_CODE\\WEB\\Mvek\\vendor\\laravel\\framework\\src\\Illuminate\\Filesystem\\Filesystem.php(123): require('E:\\\\Suorce\\\\VS_CO...')
#3 E:\\Suorce\\VS_CODE\\WEB\\Mvek\\vendor\\laravel\\framework\\src\\Illuminate\\Filesystem\\Filesystem.php(124): Illuminate\\Filesystem\\Filesystem::Illuminate\\Filesystem\\{closure}()
#4 E:\\Suorce\\VS_CODE\\WEB\\Mvek\\vendor\\laravel\\framework\\src\\Illuminate\\View\\Engines\\PhpEngine.php(58): Illuminate\\Filesystem\\Filesystem->getRequire()
#5 E:\\Suorce\\VS_CODE\\WEB\\Mvek\\vendor\\laravel\\framework\\src\\Illuminate\\View\\Engines\\CompilerEngine.php(72): Illuminate\\View\\Engines\\PhpEngine->evaluatePath()
#6 E:\\Suorce\\VS_CODE\\WEB\\Mvek\\vendor\\laravel\\framework\\src\\Illuminate\\View\\View.php(207): Illuminate\\View\\Engines\\CompilerEngine->get()
#7 E:\\Suorce\\VS_CODE\\WEB\\Mvek\\vendor\\laravel\\framework\\src\\Illuminate\\View\\View.php(190): Illuminate\\View\\View->getContents()
#8 E:\\Suorce\\VS_CODE\\WEB\\Mvek\\vendor\\laravel\\framework\\src\\Illuminate\\View\\View.php(159): Illuminate\\View\\View->renderContents()
#9 E:\\Suorce\\VS_CODE\\WEB\\Mvek\\storage\\framework\\views\\0a7bac3b44124d24d15af542cc6c02f2.php(93): Illuminate\\View\\View->render()
#10 E:\\Suorce\\VS_CODE\\WEB\\Mvek\\vendor\\laravel\\framework\\src\\Illuminate\\Filesystem\\Filesystem.php(123): require('E:\\\\Suorce\\\\VS_CO...')
#11 E:\\Suorce\\VS_CODE\\WEB\\Mvek\\vendor\\laravel\\framework\\src\\Illuminate\\Filesystem\\Filesystem.php(124): Illuminate\\Filesystem\\Filesystem::Illuminate\\Filesystem\\{closure}()
#12 E:\\Suorce\\VS_CODE\\WEB\\Mvek\\vendor\\laravel\\framework\\src\\Illuminate\\View\\Engines\\PhpEngine.php(58): Illuminate\\Filesystem\\Filesystem->getRequire()
#13 E:\\Suorce\\VS_CODE\\WEB\\Mvek\\vendor\\laravel\\framework\\src\\Illuminate\\View\\Engines\\CompilerEngine.php(72): Illuminate\\View\\Engines\\PhpEngine->evaluatePath()
#14 E:\\Suorce\\VS_CODE\\WEB\\Mvek\\vendor\\laravel\\framework\\src\\Illuminate\\View\\View.php(207): Illuminate\\View\\Engines\\CompilerEngine->get()
#15 E:\\Suorce\\VS_CODE\\WEB\\Mvek\\vendor\\laravel\\framework\\src\\Illuminate\\View\\View.php(190): Illuminate\\View\\View->getContents()
#16 E:\\Suorce\\VS_CODE\\WEB\\Mvek\\vendor\\laravel\\framework\\src\\Illuminate\\View\\View.php(159): Illuminate\\View\\View->renderContents()
#17 E:\\Suorce\\VS_CODE\\WEB\\Mvek\\vendor\\laravel\\framework\\src\\Illuminate\\Http\\Response.php(69): Illuminate\\View\\View->render()
#18 E:\\Suorce\\VS_CODE\\WEB\\Mvek\\vendor\\laravel\\framework\\src\\Illuminate\\Http\\Response.php(35): Illuminate\\Http\\Response->setContent()
#19 E:\\Suorce\\VS_CODE\\WEB\\Mvek\\vendor\\laravel\\framework\\src\\Illuminate\\Routing\\Router.php(918): Illuminate\\Http\\Response->__construct()
#20 E:\\Suorce\\VS_CODE\\WEB\\Mvek\\vendor\\laravel\\framework\\src\\Illuminate\\Routing\\Router.php(885): Illuminate\\Routing\\Router::toResponse()
#21 E:\\Suorce\\VS_CODE\\WEB\\Mvek\\vendor\\laravel\\framework\\src\\Illuminate\\Routing\\Router.php(806): Illuminate\\Routing\\Router->prepareResponse()
#22 E:\\Suorce\\VS_CODE\\WEB\\Mvek\\vendor\\laravel\\framework\\src\\Illuminate\\Pipeline\\Pipeline.php(144): Illuminate\\Routing\\Router->Illuminate\\Routing\\{closure}()
#23 E:\\Suorce\\VS_CODE\\WEB\\Mvek\\vendor\\laravel\\framework\\src\\Illuminate\\Routing\\Middleware\\SubstituteBindings.php(50): Illuminate\\Pipeline\\Pipeline->Illuminate\\Pipeline\\{closure}()
#24 E:\\Suorce\\VS_CODE\\WEB\\Mvek\\vendor\\laravel\\framework\\src\\Illuminate\\Pipeline\\Pipeline.php(183): Illuminate\\Routing\\Middleware\\SubstituteBindings->handle()
#25 E:\\Suorce\\VS_CODE\\WEB\\Mvek\\vendor\\laravel\\framework\\src\\Illuminate\\Foundation\\Http\\Middleware\\VerifyCsrfToken.php(78): Illuminate\\Pipeline\\Pipeline->Illuminate\\Pipeline\\{closure}()
#26 E:\\Suorce\\VS_CODE\\WEB\\Mvek\\vendor\\laravel\\framework\\src\\Illuminate\\Pipeline\\Pipeline.php(183): Illuminate\\Foundation\\Http\\Middleware\\VerifyCsrfToken->handle()
#27 E:\\Suorce\\VS_CODE\\WEB\\Mvek\\vendor\\laravel\\framework\\src\\Illuminate\\View\\Middleware\\ShareErrorsFromSession.php(49): Illuminate\\Pipeline\\Pipeline->Illuminate\\Pipeline\\{closure}()
#28 E:\\Suorce\\VS_CODE\\WEB\\Mvek\\vendor\\laravel\\framework\\src\\Illuminate\\Pipeline\\Pipeline.php(183): Illuminate\\View\\Middleware\\ShareErrorsFromSession->handle()
#29 E:\\Suorce\\VS_CODE\\WEB\\Mvek\\vendor\\laravel\\framework\\src\\Illuminate\\Session\\Middleware\\StartSession.php(121): Illuminate\\Pipeline\\Pipeline->Illuminate\\Pipeline\\{closure}()
#30 E:\\Suorce\\VS_CODE\\WEB\\Mvek\\vendor\\laravel\\framework\\src\\Illuminate\\Session\\Middleware\\StartSession.php(64): Illuminate\\Session\\Middleware\\StartSession->handleStatefulRequest()
#31 E:\\Suorce\\VS_CODE\\WEB\\Mvek\\vendor\\laravel\\framework\\src\\Illuminate\\Pipeline\\Pipeline.php(183): Illuminate\\Session\\Middleware\\StartSession->handle()
#32 E:\\Suorce\\VS_CODE\\WEB\\Mvek\\vendor\\laravel\\framework\\src\\Illuminate\\Cookie\\Middleware\\AddQueuedCookiesToResponse.php(37): Illuminate\\Pipeline\\Pipeline->Illuminate\\Pipeline\\{closure}()
#33 E:\\Suorce\\VS_CODE\\WEB\\Mvek\\vendor\\laravel\\framework\\src\\Illuminate\\Pipeline\\Pipeline.php(183): Illuminate\\Cookie\\Middleware\\AddQueuedCookiesToResponse->handle()
#34 E:\\Suorce\\VS_CODE\\WEB\\Mvek\\vendor\\laravel\\framework\\src\\Illuminate\\Cookie\\Middleware\\EncryptCookies.php(67): Illuminate\\Pipeline\\Pipeline->Illuminate\\Pipeline\\{closure}()
#35 E:\\Suorce\\VS_CODE\\WEB\\Mvek\\vendor\\laravel\\framework\\src\\Illuminate\\Pipeline\\Pipeline.php(183): Illuminate\\Cookie\\Middleware\\EncryptCookies->handle()
#36 E:\\Suorce\\VS_CODE\\WEB\\Mvek\\vendor\\laravel\\framework\\src\\Illuminate\\Pipeline\\Pipeline.php(119): Illuminate\\Pipeline\\Pipeline->Illuminate\\Pipeline\\{closure}()
#37 E:\\Suorce\\VS_CODE\\WEB\\Mvek\\vendor\\laravel\\framework\\src\\Illuminate\\Routing\\Router.php(807): Illuminate\\Pipeline\\Pipeline->then()
#38 E:\\Suorce\\VS_CODE\\WEB\\Mvek\\vendor\\laravel\\framework\\src\\Illuminate\\Routing\\Router.php(784): Illuminate\\Routing\\Router->runRouteWithinStack()
#39 E:\\Suorce\\VS_CODE\\WEB\\Mvek\\vendor\\laravel\\framework\\src\\Illuminate\\Routing\\Router.php(748): Illuminate\\Routing\\Router->runRoute()
#40 E:\\Suorce\\VS_CODE\\WEB\\Mvek\\vendor\\laravel\\framework\\src\\Illuminate\\Routing\\Router.php(737): Illuminate\\Routing\\Router->dispatchToRoute()
#41 E:\\Suorce\\VS_CODE\\WEB\\Mvek\\vendor\\laravel\\framework\\src\\Illuminate\\Foundation\\Http\\Kernel.php(200): Illuminate\\Routing\\Router->dispatch()
#42 E:\\Suorce\\VS_CODE\\WEB\\Mvek\\vendor\\laravel\\framework\\src\\Illuminate\\Pipeline\\Pipeline.php(144): Illuminate\\Foundation\\Http\\Kernel->Illuminate\\Foundation\\Http\\{closure}()
#43 E:\\Suorce\\VS_CODE\\WEB\\Mvek\\vendor\\laravel\\framework\\src\\Illuminate\\Foundation\\Http\\Middleware\\TransformsRequest.php(21): Illuminate\\Pipeline\\Pipeline->Illuminate\\Pipeline\\{closure}()
#44 E:\\Suorce\\VS_CODE\\WEB\\Mvek\\vendor\\laravel\\framework\\src\\Illuminate\\Foundation\\Http\\Middleware\\ConvertEmptyStringsToNull.php(31): Illuminate\\Foundation\\Http\\Middleware\\TransformsRequest->handle()
#45 E:\\Suorce\\VS_CODE\\WEB\\Mvek\\vendor\\laravel\\framework\\src\\Illuminate\\Pipeline\\Pipeline.php(183): Illuminate\\Foundation\\Http\\Middleware\\ConvertEmptyStringsToNull->handle()
#46 E:\\Suorce\\VS_CODE\\WEB\\Mvek\\vendor\\laravel\\framework\\src\\Illuminate\\Foundation\\Http\\Middleware\\TransformsRequest.php(21): Illuminate\\Pipeline\\Pipeline->Illuminate\\Pipeline\\{closure}()
#47 E:\\Suorce\\VS_CODE\\WEB\\Mvek\\vendor\\laravel\\framework\\src\\Illuminate\\Foundation\\Http\\Middleware\\TrimStrings.php(40): Illuminate\\Foundation\\Http\\Middleware\\TransformsRequest->handle()
#48 E:\\Suorce\\VS_CODE\\WEB\\Mvek\\vendor\\laravel\\framework\\src\\Illuminate\\Pipeline\\Pipeline.php(183): Illuminate\\Foundation\\Http\\Middleware\\TrimStrings->handle()
#49 E:\\Suorce\\VS_CODE\\WEB\\Mvek\\vendor\\laravel\\framework\\src\\Illuminate\\Foundation\\Http\\Middleware\\ValidatePostSize.php(27): Illuminate\\Pipeline\\Pipeline->Illuminate\\Pipeline\\{closure}()
#50 E:\\Suorce\\VS_CODE\\WEB\\Mvek\\vendor\\laravel\\framework\\src\\Illuminate\\Pipeline\\Pipeline.php(183): Illuminate\\Foundation\\Http\\Middleware\\ValidatePostSize->handle()
#51 E:\\Suorce\\VS_CODE\\WEB\\Mvek\\vendor\\laravel\\framework\\src\\Illuminate\\Foundation\\Http\\Middleware\\PreventRequestsDuringMaintenance.php(99): Illuminate\\Pipeline\\Pipeline->Illuminate\\Pipeline\\{closure}()
#52 E:\\Suorce\\VS_CODE\\WEB\\Mvek\\vendor\\laravel\\framework\\src\\Illuminate\\Pipeline\\Pipeline.php(183): Illuminate\\Foundation\\Http\\Middleware\\PreventRequestsDuringMaintenance->handle()
#53 E:\\Suorce\\VS_CODE\\WEB\\Mvek\\vendor\\laravel\\framework\\src\\Illuminate\\Http\\Middleware\\HandleCors.php(49): Illuminate\\Pipeline\\Pipeline->Illuminate\\Pipeline\\{closure}()
#54 E:\\Suorce\\VS_CODE\\WEB\\Mvek\\vendor\\laravel\\framework\\src\\Illuminate\\Pipeline\\Pipeline.php(183): Illuminate\\Http\\Middleware\\HandleCors->handle()
#55 E:\\Suorce\\VS_CODE\\WEB\\Mvek\\vendor\\laravel\\framework\\src\\Illuminate\\Http\\Middleware\\TrustProxies.php(39): Illuminate\\Pipeline\\Pipeline->Illuminate\\Pipeline\\{closure}()
#56 E:\\Suorce\\VS_CODE\\WEB\\Mvek\\vendor\\laravel\\framework\\src\\Illuminate\\Pipeline\\Pipeline.php(183): Illuminate\\Http\\Middleware\\TrustProxies->handle()
#57 E:\\Suorce\\VS_CODE\\WEB\\Mvek\\vendor\\laravel\\framework\\src\\Illuminate\\Pipeline\\Pipeline.php(119): Illuminate\\Pipeline\\Pipeline->Illuminate\\Pipeline\\{closure}()
#58 E:\\Suorce\\VS_CODE\\WEB\\Mvek\\vendor\\laravel\\framework\\src\\Illuminate\\Foundation\\Http\\Kernel.php(175): Illuminate\\Pipeline\\Pipeline->then()
#59 E:\\Suorce\\VS_CODE\\WEB\\Mvek\\vendor\\laravel\\framework\\src\\Illuminate\\Foundation\\Http\\Kernel.php(144): Illuminate\\Foundation\\Http\\Kernel->sendRequestThroughRouter()
#60 E:\\Suorce\\VS_CODE\\WEB\\Mvek\\public\\index.php(52): Illuminate\\Foundation\\Http\\Kernel->handle()
#61 E:\\Suorce\\VS_CODE\\WEB\\Mvek\\vendor\\laravel\\framework\\src\\Illuminate\\Foundation\\resources\\server.php(16): require_once('E:\\\\Suorce\\\\VS_CO...')
#62 {main}
"} 
[2026-02-05 05:06:20] local.ERROR: Undefined variable $items {"view":{"view":"E:\\Suorce\\VS_CODE\\WEB\\Mvek\\resources\\views\\layouts\\app.blade.php","data":[]},"exception":"[object] (Spatie\\LaravelIgnition\\Exceptions\\ViewException(code: 0): Undefined variable $items at E:\\Suorce\\VS_CODE\\WEB\\Mvek\\resources\\views\\layouts\\app.blade.php:79)
[stacktrace]
#0 E:\\Suorce\\VS_CODE\\WEB\\Mvek\\vendor\\laravel\\framework\\src\\Illuminate\\Filesystem\\Filesystem.php(123): require('E:\\\\Suorce\\\\VS_CO...')
#1 E:\\Suorce\\VS_CODE\\WEB\\Mvek\\vendor\\laravel\\framework\\src\\Illuminate\\Filesystem\\Filesystem.php(124): Illuminate\\Filesystem\\Filesystem::Illuminate\\Filesystem\\{closure}()
#2 E:\\Suorce\\VS_CODE\\WEB\\Mvek\\vendor\\laravel\\framework\\src\\Illuminate\\View\\Engines\\PhpEngine.php(58): Illuminate\\Filesystem\\Filesystem->getRequire()
#3 E:\\Suorce\\VS_CODE\\WEB\\Mvek\\vendor\\laravel\\framework\\src\\Illuminate\\View\\Engines\\CompilerEngine.php(72): Illuminate\\View\\Engines\\PhpEngine->evaluatePath()
#4 E:\\Suorce\\VS_CODE\\WEB\\Mvek\\vendor\\laravel\\framework\\src\\Illuminate\\View\\View.php(207): Illuminate\\View\\Engines\\CompilerEngine->get()
#5 E:\\Suorce\\VS_CODE\\WEB\\Mvek\\vendor\\laravel\\framework\\src\\Illuminate\\View\\View.php(190): Illuminate\\View\\View->getContents()
#6 E:\\Suorce\\VS_CODE\\WEB\\Mvek\\vendor\\laravel\\framework\\src\\Illuminate\\View\\View.php(159): Illuminate\\View\\View->renderContents()
#7 E:\\Suorce\\VS_CODE\\WEB\\Mvek\\resources\\views\\home.blade.php(93): Illuminate\\View\\View->render()
#8 E:\\Suorce\\VS_CODE\\WEB\\Mvek\\vendor\\laravel\\framework\\src\\Illuminate\\Filesystem\\Filesystem.php(123): require('E:\\\\Suorce\\\\VS_CO...')
#9 E:\\Suorce\\VS_CODE\\WEB\\Mvek\\vendor\\laravel\\framework\\src\\Illuminate\\Filesystem\\Filesystem.php(124): Illuminate\\Filesystem\\Filesystem::Illuminate\\Filesystem\\{closure}()
#10 E:\\Suorce\\VS_CODE\\WEB\\Mvek\\vendor\\laravel\\framework\\src\\Illuminate\\View\\Engines\\PhpEngine.php(58): Illuminate\\Filesystem\\Filesystem->getRequire()
#11 E:\\Suorce\\VS_CODE\\WEB\\Mvek\\vendor\\laravel\\framework\\src\\Illuminate\\View\\Engines\\CompilerEngine.php(72): Illuminate\\View\\Engines\\PhpEngine->evaluatePath()
#12 E:\\Suorce\\VS_CODE\\WEB\\Mvek\\vendor\\laravel\\framework\\src\\Illuminate\\View\\View.php(207): Illuminate\\View\\Engines\\CompilerEngine->get()
#13 E:\\Suorce\\VS_CODE\\WEB\\Mvek\\vendor\\laravel\\framework\\src\\Illuminate\\View\\View.php(190): Illuminate\\View\\View->getContents()
#14 E:\\Suorce\\VS_CODE\\WEB\\Mvek\\vendor\\laravel\\framework\\src\\Illuminate\\View\\View.php(159): Illuminate\\View\\View->renderContents()
#15 E:\\Suorce\\VS_CODE\\WEB\\Mvek\\vendor\\laravel\\framework\\src\\Illuminate\\Http\\Response.php(69): Illuminate\\View\\View->render()
#16 E:\\Suorce\\VS_CODE\\WEB\\Mvek\\vendor\\laravel\\framework\\src\\Illuminate\\Http\\Response.php(35): Illuminate\\Http\\Response->setContent()
#17 E:\\Suorce\\VS_CODE\\WEB\\Mvek\\vendor\\laravel\\framework\\src\\Illuminate\\Routing\\Router.php(918): Illuminate\\Http\\Response->__construct()
#18 E:\\Suorce\\VS_CODE\\WEB\\Mvek\\vendor\\laravel\\framework\\src\\Illuminate\\Routing\\Router.php(885): Illuminate\\Routing\\Router::toResponse()
#19 E:\\Suorce\\VS_CODE\\WEB\\Mvek\\vendor\\laravel\\framework\\src\\Illuminate\\Routing\\Router.php(806): Illuminate\\Routing\\Router->prepareResponse()
#20 E:\\Suorce\\VS_CODE\\WEB\\Mvek\\vendor\\laravel\\framework\\src\\Illuminate\\Pipeline\\Pipeline.php(144): Illuminate\\Routing\\Router->Illuminate\\Routing\\{closure}()
#21 E:\\Suorce\\VS_CODE\\WEB\\Mvek\\vendor\\laravel\\framework\\src\\Illuminate\\Routing\\Middleware\\SubstituteBindings.php(50): Illuminate\\Pipeline\\Pipeline->Illuminate\\Pipeline\\{closure}()
#22 E:\\Suorce\\VS_CODE\\WEB\\Mvek\\vendor\\laravel\\framework\\src\\Illuminate\\Pipeline\\Pipeline.php(183): Illuminate\\Routing\\Middleware\\SubstituteBindings->handle()
#23 E:\\Suorce\\VS_CODE\\WEB\\Mvek\\vendor\\laravel\\framework\\src\\Illuminate\\Foundation\\Http\\Middleware\\VerifyCsrfToken.php(78): Illuminate\\Pipeline\\Pipeline->Illuminate\\Pipeline\\{closure}()
#24 E:\\Suorce\\VS_CODE\\WEB\\Mvek\\vendor\\laravel\\framework\\src\\Illuminate\\Pipeline\\Pipeline.php(183): Illuminate\\Foundation\\Http\\Middleware\\VerifyCsrfToken->handle()
#25 E:\\Suorce\\VS_CODE\\WEB\\Mvek\\vendor\\laravel\\framework\\src\\Illuminate\\View\\Middleware\\ShareErrorsFromSession.php(49): Illuminate\\Pipeline\\Pipeline->Illuminate\\Pipeline\\{closure}()
#26 E:\\Suorce\\VS_CODE\\WEB\\Mvek\\vendor\\laravel\\framework\\src\\Illuminate\\Pipeline\\Pipeline.php(183): Illuminate\\View\\Middleware\\ShareErrorsFromSession->handle()
#27 E:\\Suorce\\VS_CODE\\WEB\\Mvek\\vendor\\laravel\\framework\\src\\Illuminate\\Session\\Middleware\\StartSession.php(121): Illuminate\\Pipeline\\Pipeline->Illuminate\\Pipeline\\{closure}()
#28 E:\\Suorce\\VS_CODE\\WEB\\Mvek\\vendor\\laravel\\framework\\src\\Illuminate\\Session\\Middleware\\StartSession.php(64): Illuminate\\Session\\Middleware\\StartSession->handleStatefulRequest()
#29 E:\\Suorce\\VS_CODE\\WEB\\Mvek\\vendor\\laravel\\framework\\src\\Illuminate\\Pipeline\\Pipeline.php(183): Illuminate\\Session\\Middleware\\StartSession->handle()
#30 E:\\Suorce\\VS_CODE\\WEB\\Mvek\\vendor\\laravel\\framework\\src\\Illuminate\\Cookie\\Middleware\\AddQueuedCookiesToResponse.php(37): Illuminate\\Pipeline\\Pipeline->Illuminate\\Pipeline\\{closure}()
#31 E:\\Suorce\\VS_CODE\\WEB\\Mvek\\vendor\\laravel\\framework\\src\\Illuminate\\Pipeline\\Pipeline.php(183): Illuminate\\Cookie\\Middleware\\AddQueuedCookiesToResponse->handle()
#32 E:\\Suorce\\VS_CODE\\WEB\\Mvek\\vendor\\laravel\\framework\\src\\Illuminate\\Cookie\\Middleware\\EncryptCookies.php(67): Illuminate\\Pipeline\\Pipeline->Illuminate\\Pipeline\\{closure}()
#33 E:\\Suorce\\VS_CODE\\WEB\\Mvek\\vendor\\laravel\\framework\\src\\Illuminate\\Pipeline\\Pipeline.php(183): Illuminate\\Cookie\\Middleware\\EncryptCookies->handle()
#34 E:\\Suorce\\VS_CODE\\WEB\\Mvek\\vendor\\laravel\\framework\\src\\Illuminate\\Pipeline\\Pipeline.php(119): Illuminate\\Pipeline\\Pipeline->Illuminate\\Pipeline\\{closure}()
#35 E:\\Suorce\\VS_CODE\\WEB\\Mvek\\vendor\\laravel\\framework\\src\\Illuminate\\Routing\\Router.php(807): Illuminate\\Pipeline\\Pipeline->then()
#36 E:\\Suorce\\VS_CODE\\WEB\\Mvek\\vendor\\laravel\\framework\\src\\Illuminate\\Routing\\Router.php(784): Illuminate\\Routing\\Router->runRouteWithinStack()
#37 E:\\Suorce\\VS_CODE\\WEB\\Mvek\\vendor\\laravel\\framework\\src\\Illuminate\\Routing\\Router.php(748): Illuminate\\Routing\\Router->runRoute()
#38 E:\\Suorce\\VS_CODE\\WEB\\Mvek\\vendor\\laravel\\framework\\src\\Illuminate\\Routing\\Router.php(737): Illuminate\\Routing\\Router->dispatchToRoute()
#39 E:\\Suorce\\VS_CODE\\WEB\\Mvek\\vendor\\laravel\\framework\\src\\Illuminate\\Foundation\\Http\\Kernel.php(200): Illuminate\\Routing\\Router->dispatch()
#40 E:\\Suorce\\VS_CODE\\WEB\\Mvek\\vendor\\laravel\\framework\\src\\Illuminate\\Pipeline\\Pipeline.php(144): Illuminate\\Foundation\\Http\\Kernel->Illuminate\\Foundation\\Http\\{closure}()
#41 E:\\Suorce\\VS_CODE\\WEB\\Mvek\\vendor\\laravel\\framework\\src\\Illuminate\\Foundation\\Http\\Middleware\\TransformsRequest.php(21): Illuminate\\Pipeline\\Pipeline->Illuminate\\Pipeline\\{closure}()
#42 E:\\Suorce\\VS_CODE\\WEB\\Mvek\\vendor\\laravel\\framework\\src\\Illuminate\\Foundation\\Http\\Middleware\\ConvertEmptyStringsToNull.php(31): Illuminate\\Foundation\\Http\\Middleware\\TransformsRequest->handle()
#43 E:\\Suorce\\VS_CODE\\WEB\\Mvek\\vendor\\laravel\\framework\\src\\Illuminate\\Pipeline\\Pipeline.php(183): Illuminate\\Foundation\\Http\\Middleware\\ConvertEmptyStringsToNull->handle()
#44 E:\\Suorce\\VS_CODE\\WEB\\Mvek\\vendor\\laravel\\framework\\src\\Illuminate\\Foundation\\Http\\Middleware\\TransformsRequest.php(21): Illuminate\\Pipeline\\Pipeline->Illuminate\\Pipeline\\{closure}()
#45 E:\\Suorce\\VS_CODE\\WEB\\Mvek\\vendor\\laravel\\framework\\src\\Illuminate\\Foundation\\Http\\Middleware\\TrimStrings.php(40): Illuminate\\Foundation\\Http\\Middleware\\TransformsRequest->handle()
#46 E:\\Suorce\\VS_CODE\\WEB\\Mvek\\vendor\\laravel\\framework\\src\\Illuminate\\Pipeline\\Pipeline.php(183): Illuminate\\Foundation\\Http\\Middleware\\TrimStrings->handle()
#47 E:\\Suorce\\VS_CODE\\WEB\\Mvek\\vendor\\laravel\\framework\\src\\Illuminate\\Foundation\\Http\\Middleware\\ValidatePostSize.php(27): Illuminate\\Pipeline\\Pipeline->Illuminate\\Pipeline\\{closure}()
#48 E:\\Suorce\\VS_CODE\\WEB\\Mvek\\vendor\\laravel\\framework\\src\\Illuminate\\Pipeline\\Pipeline.php(183): Illuminate\\Foundation\\Http\\Middleware\\ValidatePostSize->handle()
#49 E:\\Suorce\\VS_CODE\\WEB\\Mvek\\vendor\\laravel\\framework\\src\\Illuminate\\Foundation\\Http\\Middleware\\PreventRequestsDuringMaintenance.php(99): Illuminate\\Pipeline\\Pipeline->Illuminate\\Pipeline\\{closure}()
#50 E:\\Suorce\\VS_CODE\\WEB\\Mvek\\vendor\\laravel\\framework\\src\\Illuminate\\Pipeline\\Pipeline.php(183): Illuminate\\Foundation\\Http\\Middleware\\PreventRequestsDuringMaintenance->handle()
#51 E:\\Suorce\\VS_CODE\\WEB\\Mvek\\vendor\\laravel\\framework\\src\\Illuminate\\Http\\Middleware\\HandleCors.php(49): Illuminate\\Pipeline\\Pipeline->Illuminate\\Pipeline\\{closure}()
#52 E:\\Suorce\\VS_CODE\\WEB\\Mvek\\vendor\\laravel\\framework\\src\\Illuminate\\Pipeline\\Pipeline.php(183): Illuminate\\Http\\Middleware\\HandleCors->handle()
#53 E:\\Suorce\\VS_CODE\\WEB\\Mvek\\vendor\\laravel\\framework\\src\\Illuminate\\Http\\Middleware\\TrustProxies.php(39): Illuminate\\Pipeline\\Pipeline->Illuminate\\Pipeline\\{closure}()
#54 E:\\Suorce\\VS_CODE\\WEB\\Mvek\\vendor\\laravel\\framework\\src\\Illuminate\\Pipeline\\Pipeline.php(183): Illuminate\\Http\\Middleware\\TrustProxies->handle()
#55 E:\\Suorce\\VS_CODE\\WEB\\Mvek\\vendor\\laravel\\framework\\src\\Illuminate\\Pipeline\\Pipeline.php(119): Illuminate\\Pipeline\\Pipeline->Illuminate\\Pipeline\\{closure}()
#56 E:\\Suorce\\VS_CODE\\WEB\\Mvek\\vendor\\laravel\\framework\\src\\Illuminate\\Foundation\\Http\\Kernel.php(175): Illuminate\\Pipeline\\Pipeline->then()
#57 E:\\Suorce\\VS_CODE\\WEB\\Mvek\\vendor\\laravel\\framework\\src\\Illuminate\\Foundation\\Http\\Kernel.php(144): Illuminate\\Foundation\\Http\\Kernel->sendRequestThroughRouter()
#58 E:\\Suorce\\VS_CODE\\WEB\\Mvek\\public\\index.php(52): Illuminate\\Foundation\\Http\\Kernel->handle()
#59 E:\\Suorce\\VS_CODE\\WEB\\Mvek\\vendor\\laravel\\framework\\src\\Illuminate\\Foundation\\resources\\server.php(16): require_once('E:\\\\Suorce\\\\VS_CO...')
#60 {main}

[previous exception] [object] (ErrorException(code: 0): Undefined variable $items at E:\\Suorce\\VS_CODE\\WEB\\Mvek\\storage\\framework\\views\\aadc447ce5a5895a761b67b4427ccbe4.php:78)
[stacktrace]
#0 E:\\Suorce\\VS_CODE\\WEB\\Mvek\\vendor\\laravel\\framework\\src\\Illuminate\\Foundation\\Bootstrap\\HandleExceptions.php(255): Illuminate\\Foundation\\Bootstrap\\HandleExceptions->handleError()
#1 E:\\Suorce\\VS_CODE\\WEB\\Mvek\\storage\\framework\\views\\aadc447ce5a5895a761b67b4427ccbe4.php(78): Illuminate\\Foundation\\Bootstrap\\HandleExceptions->Illuminate\\Foundation\\Bootstrap\\{closure}()
#2 E:\\Suorce\\VS_CODE\\WEB\\Mvek\\vendor\\laravel\\framework\\src\\Illuminate\\Filesystem\\Filesystem.php(123): require('E:\\\\Suorce\\\\VS_CO...')
#3 E:\\Suorce\\VS_CODE\\WEB\\Mvek\\vendor\\laravel\\framework\\src\\Illuminate\\Filesystem\\Filesystem.php(124): Illuminate\\Filesystem\\Filesystem::Illuminate\\Filesystem\\{closure}()
#4 E:\\Suorce\\VS_CODE\\WEB\\Mvek\\vendor\\laravel\\framework\\src\\Illuminate\\View\\Engines\\PhpEngine.php(58): Illuminate\\Filesystem\\Filesystem->getRequire()
#5 E:\\Suorce\\VS_CODE\\WEB\\Mvek\\vendor\\laravel\\framework\\src\\Illuminate\\View\\Engines\\CompilerEngine.php(72): Illuminate\\View\\Engines\\PhpEngine->evaluatePath()
#6 E:\\Suorce\\VS_CODE\\WEB\\Mvek\\vendor\\laravel\\framework\\src\\Illuminate\\View\\View.php(207): Illuminate\\View\\Engines\\CompilerEngine->get()
#7 E:\\Suorce\\VS_CODE\\WEB\\Mvek\\vendor\\laravel\\framework\\src\\Illuminate\\View\\View.php(190): Illuminate\\View\\View->getContents()
#8 E:\\Suorce\\VS_CODE\\WEB\\Mvek\\vendor\\laravel\\framework\\src\\Illuminate\\View\\View.php(159): Illuminate\\View\\View->renderContents()
#9 E:\\Suorce\\VS_CODE\\WEB\\Mvek\\storage\\framework\\views\\0a7bac3b44124d24d15af542cc6c02f2.php(93): Illuminate\\View\\View->render()
#10 E:\\Suorce\\VS_CODE\\WEB\\Mvek\\vendor\\laravel\\framework\\src\\Illuminate\\Filesystem\\Filesystem.php(123): require('E:\\\\Suorce\\\\VS_CO...')
#11 E:\\Suorce\\VS_CODE\\WEB\\Mvek\\vendor\\laravel\\framework\\src\\Illuminate\\Filesystem\\Filesystem.php(124): Illuminate\\Filesystem\\Filesystem::Illuminate\\Filesystem\\{closure}()
#12 E:\\Suorce\\VS_CODE\\WEB\\Mvek\\vendor\\laravel\\framework\\src\\Illuminate\\View\\Engines\\PhpEngine.php(58): Illuminate\\Filesystem\\Filesystem->getRequire()
#13 E:\\Suorce\\VS_CODE\\WEB\\Mvek\\vendor\\laravel\\framework\\src\\Illuminate\\View\\Engines\\CompilerEngine.php(72): Illuminate\\View\\Engines\\PhpEngine->evaluatePath()
#14 E:\\Suorce\\VS_CODE\\WEB\\Mvek\\vendor\\laravel\\framework\\src\\Illuminate\\View\\View.php(207): Illuminate\\View\\Engines\\CompilerEngine->get()
#15 E:\\Suorce\\VS_CODE\\WEB\\Mvek\\vendor\\laravel\\framework\\src\\Illuminate\\View\\View.php(190): Illuminate\\View\\View->getContents()
#16 E:\\Suorce\\VS_CODE\\WEB\\Mvek\\vendor\\laravel\\framework\\src\\Illuminate\\View\\View.php(159): Illuminate\\View\\View->renderContents()
#17 E:\\Suorce\\VS_CODE\\WEB\\Mvek\\vendor\\laravel\\framework\\src\\Illuminate\\Http\\Response.php(69): Illuminate\\View\\View->render()
#18 E:\\Suorce\\VS_CODE\\WEB\\Mvek\\vendor\\laravel\\framework\\src\\Illuminate\\Http\\Response.php(35): Illuminate\\Http\\Response->setContent()
#19 E:\\Suorce\\VS_CODE\\WEB\\Mvek\\vendor\\laravel\\framework\\src\\Illuminate\\Routing\\Router.php(918): Illuminate\\Http\\Response->__construct()
#20 E:\\Suorce\\VS_CODE\\WEB\\Mvek\\vendor\\laravel\\framework\\src\\Illuminate\\Routing\\Router.php(885): Illuminate\\Routing\\Router::toResponse()
#21 E:\\Suorce\\VS_CODE\\WEB\\Mvek\\vendor\\laravel\\framework\\src\\Illuminate\\Routing\\Router.php(806): Illuminate\\Routing\\Router->prepareResponse()
#22 E:\\Suorce\\VS_CODE\\WEB\\Mvek\\vendor\\laravel\\framework\\src\\Illuminate\\Pipeline\\Pipeline.php(144): Illuminate\\Routing\\Router->Illuminate\\Routing\\{closure}()
#23 E:\\Suorce\\VS_CODE\\WEB\\Mvek\\vendor\\laravel\\framework\\src\\Illuminate\\Routing\\Middleware\\SubstituteBindings.php(50): Illuminate\\Pipeline\\Pipeline->Illuminate\\Pipeline\\{closure}()
#24 E:\\Suorce\\VS_CODE\\WEB\\Mvek\\vendor\\laravel\\framework\\src\\Illuminate\\Pipeline\\Pipeline.php(183): Illuminate\\Routing\\Middleware\\SubstituteBindings->handle()
#25 E:\\Suorce\\VS_CODE\\WEB\\Mvek\\vendor\\laravel\\framework\\src\\Illuminate\\Foundation\\Http\\Middleware\\VerifyCsrfToken.php(78): Illuminate\\Pipeline\\Pipeline->Illuminate\\Pipeline\\{closure}()
#26 E:\\Suorce\\VS_CODE\\WEB\\Mvek\\vendor\\laravel\\framework\\src\\Illuminate\\Pipeline\\Pipeline.php(183): Illuminate\\Foundation\\Http\\Middleware\\VerifyCsrfToken->handle()
#27 E:\\Suorce\\VS_CODE\\WEB\\Mvek\\vendor\\laravel\\framework\\src\\Illuminate\\View\\Middleware\\ShareErrorsFromSession.php(49): Illuminate\\Pipeline\\Pipeline->Illuminate\\Pipeline\\{closure}()
#28 E:\\Suorce\\VS_CODE\\WEB\\Mvek\\vendor\\laravel\\framework\\src\\Illuminate\\Pipeline\\Pipeline.php(183): Illuminate\\View\\Middleware\\ShareErrorsFromSession->handle()
#29 E:\\Suorce\\VS_CODE\\WEB\\Mvek\\vendor\\laravel\\framework\\src\\Illuminate\\Session\\Middleware\\StartSession.php(121): Illuminate\\Pipeline\\Pipeline->Illuminate\\Pipeline\\{closure}()
#30 E:\\Suorce\\VS_CODE\\WEB\\Mvek\\vendor\\laravel\\framework\\src\\Illuminate\\Session\\Middleware\\StartSession.php(64): Illuminate\\Session\\Middleware\\StartSession->handleStatefulRequest()
#31 E:\\Suorce\\VS_CODE\\WEB\\Mvek\\vendor\\laravel\\framework\\src\\Illuminate\\Pipeline\\Pipeline.php(183): Illuminate\\Session\\Middleware\\StartSession->handle()
#32 E:\\Suorce\\VS_CODE\\WEB\\Mvek\\vendor\\laravel\\framework\\src\\Illuminate\\Cookie\\Middleware\\AddQueuedCookiesToResponse.php(37): Illuminate\\Pipeline\\Pipeline->Illuminate\\Pipeline\\{closure}()
#33 E:\\Suorce\\VS_CODE\\WEB\\Mvek\\vendor\\laravel\\framework\\src\\Illuminate\\Pipeline\\Pipeline.php(183): Illuminate\\Cookie\\Middleware\\AddQueuedCookiesToResponse->handle()
#34 E:\\Suorce\\VS_CODE\\WEB\\Mvek\\vendor\\laravel\\framework\\src\\Illuminate\\Cookie\\Middleware\\EncryptCookies.php(67): Illuminate\\Pipeline\\Pipeline->Illuminate\\Pipeline\\{closure}()
#35 E:\\Suorce\\VS_CODE\\WEB\\Mvek\\vendor\\laravel\\framework\\src\\Illuminate\\Pipeline\\Pipeline.php(183): Illuminate\\Cookie\\Middleware\\EncryptCookies->handle()
#36 E:\\Suorce\\VS_CODE\\WEB\\Mvek\\vendor\\laravel\\framework\\src\\Illuminate\\Pipeline\\Pipeline.php(119): Illuminate\\Pipeline\\Pipeline->Illuminate\\Pipeline\\{closure}()
#37 E:\\Suorce\\VS_CODE\\WEB\\Mvek\\vendor\\laravel\\framework\\src\\Illuminate\\Routing\\Router.php(807): Illuminate\\Pipeline\\Pipeline->then()
#38 E:\\Suorce\\VS_CODE\\WEB\\Mvek\\vendor\\laravel\\framework\\src\\Illuminate\\Routing\\Router.php(784): Illuminate\\Routing\\Router->runRouteWithinStack()
#39 E:\\Suorce\\VS_CODE\\WEB\\Mvek\\vendor\\laravel\\framework\\src\\Illuminate\\Routing\\Router.php(748): Illuminate\\Routing\\Router->runRoute()
#40 E:\\Suorce\\VS_CODE\\WEB\\Mvek\\vendor\\laravel\\framework\\src\\Illuminate\\Routing\\Router.php(737): Illuminate\\Routing\\Router->dispatchToRoute()
#41 E:\\Suorce\\VS_CODE\\WEB\\Mvek\\vendor\\laravel\\framework\\src\\Illuminate\\Foundation\\Http\\Kernel.php(200): Illuminate\\Routing\\Router->dispatch()
#42 E:\\Suorce\\VS_CODE\\WEB\\Mvek\\vendor\\laravel\\framework\\src\\Illuminate\\Pipeline\\Pipeline.php(144): Illuminate\\Foundation\\Http\\Kernel->Illuminate\\Foundation\\Http\\{closure}()
#43 E:\\Suorce\\VS_CODE\\WEB\\Mvek\\vendor\\laravel\\framework\\src\\Illuminate\\Foundation\\Http\\Middleware\\TransformsRequest.php(21): Illuminate\\Pipeline\\Pipeline->Illuminate\\Pipeline\\{closure}()
#44 E:\\Suorce\\VS_CODE\\WEB\\Mvek\\vendor\\laravel\\framework\\src\\Illuminate\\Foundation\\Http\\Middleware\\ConvertEmptyStringsToNull.php(31): Illuminate\\Foundation\\Http\\Middleware\\TransformsRequest->handle()
#45 E:\\Suorce\\VS_CODE\\WEB\\Mvek\\vendor\\laravel\\framework\\src\\Illuminate\\Pipeline\\Pipeline.php(183): Illuminate\\Foundation\\Http\\Middleware\\ConvertEmptyStringsToNull->handle()
#46 E:\\Suorce\\VS_CODE\\WEB\\Mvek\\vendor\\laravel\\framework\\src\\Illuminate\\Foundation\\Http\\Middleware\\TransformsRequest.php(21): Illuminate\\Pipeline\\Pipeline->Illuminate\\Pipeline\\{closure}()
#47 E:\\Suorce\\VS_CODE\\WEB\\Mvek\\vendor\\laravel\\framework\\src\\Illuminate\\Foundation\\Http\\Middleware\\TrimStrings.php(40): Illuminate\\Foundation\\Http\\Middleware\\TransformsRequest->handle()
#48 E:\\Suorce\\VS_CODE\\WEB\\Mvek\\vendor\\laravel\\framework\\src\\Illuminate\\Pipeline\\Pipeline.php(183): Illuminate\\Foundation\\Http\\Middleware\\TrimStrings->handle()
#49 E:\\Suorce\\VS_CODE\\WEB\\Mvek\\vendor\\laravel\\framework\\src\\Illuminate\\Foundation\\Http\\Middleware\\ValidatePostSize.php(27): Illuminate\\Pipeline\\Pipeline->Illuminate\\Pipeline\\{closure}()
#50 E:\\Suorce\\VS_CODE\\WEB\\Mvek\\vendor\\laravel\\framework\\src\\Illuminate\\Pipeline\\Pipeline.php(183): Illuminate\\Foundation\\Http\\Middleware\\ValidatePostSize->handle()
#51 E:\\Suorce\\VS_CODE\\WEB\\Mvek\\vendor\\laravel\\framework\\src\\Illuminate\\Foundation\\Http\\Middleware\\PreventRequestsDuringMaintenance.php(99): Illuminate\\Pipeline\\Pipeline->Illuminate\\Pipeline\\{closure}()
#52 E:\\Suorce\\VS_CODE\\WEB\\Mvek\\vendor\\laravel\\framework\\src\\Illuminate\\Pipeline\\Pipeline.php(183): Illuminate\\Foundation\\Http\\Middleware\\PreventRequestsDuringMaintenance->handle()
#53 E:\\Suorce\\VS_CODE\\WEB\\Mvek\\vendor\\laravel\\framework\\src\\Illuminate\\Http\\Middleware\\HandleCors.php(49): Illuminate\\Pipeline\\Pipeline->Illuminate\\Pipeline\\{closure}()
#54 E:\\Suorce\\VS_CODE\\WEB\\Mvek\\vendor\\laravel\\framework\\src\\Illuminate\\Pipeline\\Pipeline.php(183): Illuminate\\Http\\Middleware\\HandleCors->handle()
#55 E:\\Suorce\\VS_CODE\\WEB\\Mvek\\vendor\\laravel\\framework\\src\\Illuminate\\Http\\Middleware\\TrustProxies.php(39): Illuminate\\Pipeline\\Pipeline->Illuminate\\Pipeline\\{closure}()
#56 E:\\Suorce\\VS_CODE\\WEB\\Mvek\\vendor\\laravel\\framework\\src\\Illuminate\\Pipeline\\Pipeline.php(183): Illuminate\\Http\\Middleware\\TrustProxies->handle()
#57 E:\\Suorce\\VS_CODE\\WEB\\Mvek\\vendor\\laravel\\framework\\src\\Illuminate\\Pipeline\\Pipeline.php(119): Illuminate\\Pipeline\\Pipeline->Illuminate\\Pipeline\\{closure}()
#58 E:\\Suorce\\VS_CODE\\WEB\\Mvek\\vendor\\laravel\\framework\\src\\Illuminate\\Foundation\\Http\\Kernel.php(175): Illuminate\\Pipeline\\Pipeline->then()
#59 E:\\Suorce\\VS_CODE\\WEB\\Mvek\\vendor\\laravel\\framework\\src\\Illuminate\\Foundation\\Http\\Kernel.php(144): Illuminate\\Foundation\\Http\\Kernel->sendRequestThroughRouter()
#60 E:\\Suorce\\VS_CODE\\WEB\\Mvek\\public\\index.php(52): Illuminate\\Foundation\\Http\\Kernel->handle()
#61 E:\\Suorce\\VS_CODE\\WEB\\Mvek\\vendor\\laravel\\framework\\src\\Illuminate\\Foundation\\resources\\server.php(16): require_once('E:\\\\Suorce\\\\VS_CO...')
#62 {main}
"} 
[2026-02-05 05:07:35] local.ERROR: Route [admin.product.delete] not defined. {"view":{"view":"E:\\Suorce\\VS_CODE\\WEB\\Mvek\\resources\\views\\admin\\dashboard.blade.php","data":[]},"userId":1,"exception":"[object] (Spatie\\LaravelIgnition\\Exceptions\\ViewException(code: 0): Route [admin.product.delete] not defined. at E:\\Suorce\\VS_CODE\\WEB\\Mvek\\vendor\\laravel\\framework\\src\\Illuminate\\Routing\\UrlGenerator.php:477)
[stacktrace]
#0 E:\\Suorce\\VS_CODE\\WEB\\Mvek\\vendor\\laravel\\framework\\src\\Illuminate\\Foundation\\helpers.php(811): Illuminate\\Routing\\UrlGenerator->route()
#1 E:\\Suorce\\VS_CODE\\WEB\\Mvek\\resources\\views\\admin\\dashboard.blade.php(162): route()
#2 E:\\Suorce\\VS_CODE\\WEB\\Mvek\\vendor\\laravel\\framework\\src\\Illuminate\\Filesystem\\Filesystem.php(123): require('E:\\\\Suorce\\\\VS_CO...')
#3 E:\\Suorce\\VS_CODE\\WEB\\Mvek\\vendor\\laravel\\framework\\src\\Illuminate\\Filesystem\\Filesystem.php(124): Illuminate\\Filesystem\\Filesystem::Illuminate\\Filesystem\\{closure}()
#4 E:\\Suorce\\VS_CODE\\WEB\\Mvek\\vendor\\laravel\\framework\\src\\Illuminate\\View\\Engines\\PhpEngine.php(58): Illuminate\\Filesystem\\Filesystem->getRequire()
#5 E:\\Suorce\\VS_CODE\\WEB\\Mvek\\vendor\\laravel\\framework\\src\\Illuminate\\View\\Engines\\CompilerEngine.php(72): Illuminate\\View\\Engines\\PhpEngine->evaluatePath()
#6 E:\\Suorce\\VS_CODE\\WEB\\Mvek\\vendor\\laravel\\framework\\src\\Illuminate\\View\\View.php(207): Illuminate\\View\\Engines\\CompilerEngine->get()
#7 E:\\Suorce\\VS_CODE\\WEB\\Mvek\\vendor\\laravel\\framework\\src\\Illuminate\\View\\View.php(190): Illuminate\\View\\View->getContents()
#8 E:\\Suorce\\VS_CODE\\WEB\\Mvek\\vendor\\laravel\\framework\\src\\Illuminate\\View\\View.php(159): Illuminate\\View\\View->renderContents()
#9 E:\\Suorce\\VS_CODE\\WEB\\Mvek\\vendor\\laravel\\framework\\src\\Illuminate\\Http\\Response.php(69): Illuminate\\View\\View->render()
#10 E:\\Suorce\\VS_CODE\\WEB\\Mvek\\vendor\\laravel\\framework\\src\\Illuminate\\Http\\Response.php(35): Illuminate\\Http\\Response->setContent()
#11 E:\\Suorce\\VS_CODE\\WEB\\Mvek\\vendor\\laravel\\framework\\src\\Illuminate\\Routing\\Router.php(918): Illuminate\\Http\\Response->__construct()
#12 E:\\Suorce\\VS_CODE\\WEB\\Mvek\\vendor\\laravel\\framework\\src\\Illuminate\\Routing\\Router.php(885): Illuminate\\Routing\\Router::toResponse()
#13 E:\\Suorce\\VS_CODE\\WEB\\Mvek\\vendor\\laravel\\framework\\src\\Illuminate\\Routing\\Router.php(806): Illuminate\\Routing\\Router->prepareResponse()
#14 E:\\Suorce\\VS_CODE\\WEB\\Mvek\\vendor\\laravel\\framework\\src\\Illuminate\\Pipeline\\Pipeline.php(144): Illuminate\\Routing\\Router->Illuminate\\Routing\\{closure}()
#15 E:\\Suorce\\VS_CODE\\WEB\\Mvek\\app\\Http\\Middleware\\Admin.php(21): Illuminate\\Pipeline\\Pipeline->Illuminate\\Pipeline\\{closure}()
#16 E:\\Suorce\\VS_CODE\\WEB\\Mvek\\vendor\\laravel\\framework\\src\\Illuminate\\Pipeline\\Pipeline.php(183): App\\Http\\Middleware\\Admin->handle()
#17 E:\\Suorce\\VS_CODE\\WEB\\Mvek\\vendor\\laravel\\framework\\src\\Illuminate\\Routing\\Middleware\\SubstituteBindings.php(50): Illuminate\\Pipeline\\Pipeline->Illuminate\\Pipeline\\{closure}()
#18 E:\\Suorce\\VS_CODE\\WEB\\Mvek\\vendor\\laravel\\framework\\src\\Illuminate\\Pipeline\\Pipeline.php(183): Illuminate\\Routing\\Middleware\\SubstituteBindings->handle()
#19 E:\\Suorce\\VS_CODE\\WEB\\Mvek\\vendor\\laravel\\framework\\src\\Illuminate\\Auth\\Middleware\\Authenticate.php(57): Illuminate\\Pipeline\\Pipeline->Illuminate\\Pipeline\\{closure}()
#20 E:\\Suorce\\VS_CODE\\WEB\\Mvek\\vendor\\laravel\\framework\\src\\Illuminate\\Pipeline\\Pipeline.php(183): Illuminate\\Auth\\Middleware\\Authenticate->handle()
#21 E:\\Suorce\\VS_CODE\\WEB\\Mvek\\vendor\\laravel\\framework\\src\\Illuminate\\Foundation\\Http\\Middleware\\VerifyCsrfToken.php(78): Illuminate\\Pipeline\\Pipeline->Illuminate\\Pipeline\\{closure}()
#22 E:\\Suorce\\VS_CODE\\WEB\\Mvek\\vendor\\laravel\\framework\\src\\Illuminate\\Pipeline\\Pipeline.php(183): Illuminate\\Foundation\\Http\\Middleware\\VerifyCsrfToken->handle()
#23 E:\\Suorce\\VS_CODE\\WEB\\Mvek\\vendor\\laravel\\framework\\src\\Illuminate\\View\\Middleware\\ShareErrorsFromSession.php(49): Illuminate\\Pipeline\\Pipeline->Illuminate\\Pipeline\\{closure}()
#24 E:\\Suorce\\VS_CODE\\WEB\\Mvek\\vendor\\laravel\\framework\\src\\Illuminate\\Pipeline\\Pipeline.php(183): Illuminate\\View\\Middleware\\ShareErrorsFromSession->handle()
#25 E:\\Suorce\\VS_CODE\\WEB\\Mvek\\vendor\\laravel\\framework\\src\\Illuminate\\Session\\Middleware\\StartSession.php(121): Illuminate\\Pipeline\\Pipeline->Illuminate\\Pipeline\\{closure}()
#26 E:\\Suorce\\VS_CODE\\WEB\\Mvek\\vendor\\laravel\\framework\\src\\Illuminate\\Session\\Middleware\\StartSession.php(64): Illuminate\\Session\\Middleware\\StartSession->handleStatefulRequest()
#27 E:\\Suorce\\VS_CODE\\WEB\\Mvek\\vendor\\laravel\\framework\\src\\Illuminate\\Pipeline\\Pipeline.php(183): Illuminate\\Session\\Middleware\\StartSession->handle()
#28 E:\\Suorce\\VS_CODE\\WEB\\Mvek\\vendor\\laravel\\framework\\src\\Illuminate\\Cookie\\Middleware\\AddQueuedCookiesToResponse.php(37): Illuminate\\Pipeline\\Pipeline->Illuminate\\Pipeline\\{closure}()
#29 E:\\Suorce\\VS_CODE\\WEB\\Mvek\\vendor\\laravel\\framework\\src\\Illuminate\\Pipeline\\Pipeline.php(183): Illuminate\\Cookie\\Middleware\\AddQueuedCookiesToResponse->handle()
#30 E:\\Suorce\\VS_CODE\\WEB\\Mvek\\vendor\\laravel\\framework\\src\\Illuminate\\Cookie\\Middleware\\EncryptCookies.php(67): Illuminate\\Pipeline\\Pipeline->Illuminate\\Pipeline\\{closure}()
#31 E:\\Suorce\\VS_CODE\\WEB\\Mvek\\vendor\\laravel\\framework\\src\\Illuminate\\Pipeline\\Pipeline.php(183): Illuminate\\Cookie\\Middleware\\EncryptCookies->handle()
#32 E:\\Suorce\\VS_CODE\\WEB\\Mvek\\vendor\\laravel\\framework\\src\\Illuminate\\Pipeline\\Pipeline.php(119): Illuminate\\Pipeline\\Pipeline->Illuminate\\Pipeline\\{closure}()
#33 E:\\Suorce\\VS_CODE\\WEB\\Mvek\\vendor\\laravel\\framework\\src\\Illuminate\\Routing\\Router.php(807): Illuminate\\Pipeline\\Pipeline->then()
#34 E:\\Suorce\\VS_CODE\\WEB\\Mvek\\vendor\\laravel\\framework\\src\\Illuminate\\Routing\\Router.php(784): Illuminate\\Routing\\Router->runRouteWithinStack()
#35 E:\\Suorce\\VS_CODE\\WEB\\Mvek\\vendor\\laravel\\framework\\src\\Illuminate\\Routing\\Router.php(748): Illuminate\\Routing\\Router->runRoute()
#36 E:\\Suorce\\VS_CODE\\WEB\\Mvek\\vendor\\laravel\\framework\\src\\Illuminate\\Routing\\Router.php(737): Illuminate\\Routing\\Router->dispatchToRoute()
#37 E:\\Suorce\\VS_CODE\\WEB\\Mvek\\vendor\\laravel\\framework\\src\\Illuminate\\Foundation\\Http\\Kernel.php(200): Illuminate\\Routing\\Router->dispatch()
#38 E:\\Suorce\\VS_CODE\\WEB\\Mvek\\vendor\\laravel\\framework\\src\\Illuminate\\Pipeline\\Pipeline.php(144): Illuminate\\Foundation\\Http\\Kernel->Illuminate\\Foundation\\Http\\{closure}()
#39 E:\\Suorce\\VS_CODE\\WEB\\Mvek\\vendor\\laravel\\framework\\src\\Illuminate\\Foundation\\Http\\Middleware\\TransformsRequest.php(21): Illuminate\\Pipeline\\Pipeline->Illuminate\\Pipeline\\{closure}()
#40 E:\\Suorce\\VS_CODE\\WEB\\Mvek\\vendor\\laravel\\framework\\src\\Illuminate\\Foundation\\Http\\Middleware\\ConvertEmptyStringsToNull.php(31): Illuminate\\Foundation\\Http\\Middleware\\TransformsRequest->handle()
#41 E:\\Suorce\\VS_CODE\\WEB\\Mvek\\vendor\\laravel\\framework\\src\\Illuminate\\Pipeline\\Pipeline.php(183): Illuminate\\Foundation\\Http\\Middleware\\ConvertEmptyStringsToNull->handle()
#42 E:\\Suorce\\VS_CODE\\WEB\\Mvek\\vendor\\laravel\\framework\\src\\Illuminate\\Foundation\\Http\\Middleware\\TransformsRequest.php(21): Illuminate\\Pipeline\\Pipeline->Illuminate\\Pipeline\\{closure}()
#43 E:\\Suorce\\VS_CODE\\WEB\\Mvek\\vendor\\laravel\\framework\\src\\Illuminate\\Foundation\\Http\\Middleware\\TrimStrings.php(40): Illuminate\\Foundation\\Http\\Middleware\\TransformsRequest->handle()
#44 E:\\Suorce\\VS_CODE\\WEB\\Mvek\\vendor\\laravel\\framework\\src\\Illuminate\\Pipeline\\Pipeline.php(183): Illuminate\\Foundation\\Http\\Middleware\\TrimStrings->handle()
#45 E:\\Suorce\\VS_CODE\\WEB\\Mvek\\vendor\\laravel\\framework\\src\\Illuminate\\Foundation\\Http\\Middleware\\ValidatePostSize.php(27): Illuminate\\Pipeline\\Pipeline->Illuminate\\Pipeline\\{closure}()
#46 E:\\Suorce\\VS_CODE\\WEB\\Mvek\\vendor\\laravel\\framework\\src\\Illuminate\\Pipeline\\Pipeline.php(183): Illuminate\\Foundation\\Http\\Middleware\\ValidatePostSize->handle()
#47 E:\\Suorce\\VS_CODE\\WEB\\Mvek\\vendor\\laravel\\framework\\src\\Illuminate\\Foundation\\Http\\Middleware\\PreventRequestsDuringMaintenance.php(99): Illuminate\\Pipeline\\Pipeline->Illuminate\\Pipeline\\{closure}()
#48 E:\\Suorce\\VS_CODE\\WEB\\Mvek\\vendor\\laravel\\framework\\src\\Illuminate\\Pipeline\\Pipeline.php(183): Illuminate\\Foundation\\Http\\Middleware\\PreventRequestsDuringMaintenance->handle()
#49 E:\\Suorce\\VS_CODE\\WEB\\Mvek\\vendor\\laravel\\framework\\src\\Illuminate\\Http\\Middleware\\HandleCors.php(49): Illuminate\\Pipeline\\Pipeline->Illuminate\\Pipeline\\{closure}()
#50 E:\\Suorce\\VS_CODE\\WEB\\Mvek\\vendor\\laravel\\framework\\src\\Illuminate\\Pipeline\\Pipeline.php(183): Illuminate\\Http\\Middleware\\HandleCors->handle()
#51 E:\\Suorce\\VS_CODE\\WEB\\Mvek\\vendor\\laravel\\framework\\src\\Illuminate\\Http\\Middleware\\TrustProxies.php(39): Illuminate\\Pipeline\\Pipeline->Illuminate\\Pipeline\\{closure}()
#52 E:\\Suorce\\VS_CODE\\WEB\\Mvek\\vendor\\laravel\\framework\\src\\Illuminate\\Pipeline\\Pipeline.php(183): Illuminate\\Http\\Middleware\\TrustProxies->handle()
#53 E:\\Suorce\\VS_CODE\\WEB\\Mvek\\vendor\\laravel\\framework\\src\\Illuminate\\Pipeline\\Pipeline.php(119): Illuminate\\Pipeline\\Pipeline->Illuminate\\Pipeline\\{closure}()
#54 E:\\Suorce\\VS_CODE\\WEB\\Mvek\\vendor\\laravel\\framework\\src\\Illuminate\\Foundation\\Http\\Kernel.php(175): Illuminate\\Pipeline\\Pipeline->then()
#55 E:\\Suorce\\VS_CODE\\WEB\\Mvek\\vendor\\laravel\\framework\\src\\Illuminate\\Foundation\\Http\\Kernel.php(144): Illuminate\\Foundation\\Http\\Kernel->sendRequestThroughRouter()
#56 E:\\Suorce\\VS_CODE\\WEB\\Mvek\\public\\index.php(52): Illuminate\\Foundation\\Http\\Kernel->handle()
#57 E:\\Suorce\\VS_CODE\\WEB\\Mvek\\vendor\\laravel\\framework\\src\\Illuminate\\Foundation\\resources\\server.php(16): require_once('E:\\\\Suorce\\\\VS_CO...')
#58 {main}

[previous exception] [object] (Symfony\\Component\\Routing\\Exception\\RouteNotFoundException(code: 0): Route [admin.product.delete] not defined. at E:\\Suorce\\VS_CODE\\WEB\\Mvek\\vendor\\laravel\\framework\\src\\Illuminate\\Routing\\UrlGenerator.php:477)
[stacktrace]
#0 E:\\Suorce\\VS_CODE\\WEB\\Mvek\\vendor\\laravel\\framework\\src\\Illuminate\\Foundation\\helpers.php(811): Illuminate\\Routing\\UrlGenerator->route()
#1 E:\\Suorce\\VS_CODE\\WEB\\Mvek\\storage\\framework\\views\\fd3e0f8e027e37d4e7f154ddaf046d72.php(163): route()
#2 E:\\Suorce\\VS_CODE\\WEB\\Mvek\\vendor\\laravel\\framework\\src\\Illuminate\\Filesystem\\Filesystem.php(123): require('E:\\\\Suorce\\\\VS_CO...')
#3 E:\\Suorce\\VS_CODE\\WEB\\Mvek\\vendor\\laravel\\framework\\src\\Illuminate\\Filesystem\\Filesystem.php(124): Illuminate\\Filesystem\\Filesystem::Illuminate\\Filesystem\\{closure}()
#4 E:\\Suorce\\VS_CODE\\WEB\\Mvek\\vendor\\laravel\\framework\\src\\Illuminate\\View\\Engines\\PhpEngine.php(58): Illuminate\\Filesystem\\Filesystem->getRequire()
#5 E:\\Suorce\\VS_CODE\\WEB\\Mvek\\vendor\\laravel\\framework\\src\\Illuminate\\View\\Engines\\CompilerEngine.php(72): Illuminate\\View\\Engines\\PhpEngine->evaluatePath()
#6 E:\\Suorce\\VS_CODE\\WEB\\Mvek\\vendor\\laravel\\framework\\src\\Illuminate\\View\\View.php(207): Illuminate\\View\\Engines\\CompilerEngine->get()
#7 E:\\Suorce\\VS_CODE\\WEB\\Mvek\\vendor\\laravel\\framework\\src\\Illuminate\\View\\View.php(190): Illuminate\\View\\View->getContents()
#8 E:\\Suorce\\VS_CODE\\WEB\\Mvek\\vendor\\laravel\\framework\\src\\Illuminate\\View\\View.php(159): Illuminate\\View\\View->renderContents()
#9 E:\\Suorce\\VS_CODE\\WEB\\Mvek\\vendor\\laravel\\framework\\src\\Illuminate\\Http\\Response.php(69): Illuminate\\View\\View->render()
#10 E:\\Suorce\\VS_CODE\\WEB\\Mvek\\vendor\\laravel\\framework\\src\\Illuminate\\Http\\Response.php(35): Illuminate\\Http\\Response->setContent()
#11 E:\\Suorce\\VS_CODE\\WEB\\Mvek\\vendor\\laravel\\framework\\src\\Illuminate\\Routing\\Router.php(918): Illuminate\\Http\\Response->__construct()
#12 E:\\Suorce\\VS_CODE\\WEB\\Mvek\\vendor\\laravel\\framework\\src\\Illuminate\\Routing\\Router.php(885): Illuminate\\Routing\\Router::toResponse()
#13 E:\\Suorce\\VS_CODE\\WEB\\Mvek\\vendor\\laravel\\framework\\src\\Illuminate\\Routing\\Router.php(806): Illuminate\\Routing\\Router->prepareResponse()
#14 E:\\Suorce\\VS_CODE\\WEB\\Mvek\\vendor\\laravel\\framework\\src\\Illuminate\\Pipeline\\Pipeline.php(144): Illuminate\\Routing\\Router->Illuminate\\Routing\\{closure}()
#15 E:\\Suorce\\VS_CODE\\WEB\\Mvek\\app\\Http\\Middleware\\Admin.php(21): Illuminate\\Pipeline\\Pipeline->Illuminate\\Pipeline\\{closure}()
#16 E:\\Suorce\\VS_CODE\\WEB\\Mvek\\vendor\\laravel\\framework\\src\\Illuminate\\Pipeline\\Pipeline.php(183): App\\Http\\Middleware\\Admin->handle()
#17 E:\\Suorce\\VS_CODE\\WEB\\Mvek\\vendor\\laravel\\framework\\src\\Illuminate\\Routing\\Middleware\\SubstituteBindings.php(50): Illuminate\\Pipeline\\Pipeline->Illuminate\\Pipeline\\{closure}()
#18 E:\\Suorce\\VS_CODE\\WEB\\Mvek\\vendor\\laravel\\framework\\src\\Illuminate\\Pipeline\\Pipeline.php(183): Illuminate\\Routing\\Middleware\\SubstituteBindings->handle()
#19 E:\\Suorce\\VS_CODE\\WEB\\Mvek\\vendor\\laravel\\framework\\src\\Illuminate\\Auth\\Middleware\\Authenticate.php(57): Illuminate\\Pipeline\\Pipeline->Illuminate\\Pipeline\\{closure}()
#20 E:\\Suorce\\VS_CODE\\WEB\\Mvek\\vendor\\laravel\\framework\\src\\Illuminate\\Pipeline\\Pipeline.php(183): Illuminate\\Auth\\Middleware\\Authenticate->handle()
#21 E:\\Suorce\\VS_CODE\\WEB\\Mvek\\vendor\\laravel\\framework\\src\\Illuminate\\Foundation\\Http\\Middleware\\VerifyCsrfToken.php(78): Illuminate\\Pipeline\\Pipeline->Illuminate\\Pipeline\\{closure}()
#22 E:\\Suorce\\VS_CODE\\WEB\\Mvek\\vendor\\laravel\\framework\\src\\Illuminate\\Pipeline\\Pipeline.php(183): Illuminate\\Foundation\\Http\\Middleware\\VerifyCsrfToken->handle()
#23 E:\\Suorce\\VS_CODE\\WEB\\Mvek\\vendor\\laravel\\framework\\src\\Illuminate\\View\\Middleware\\ShareErrorsFromSession.php(49): Illuminate\\Pipeline\\Pipeline->Illuminate\\Pipeline\\{closure}()
#24 E:\\Suorce\\VS_CODE\\WEB\\Mvek\\vendor\\laravel\\framework\\src\\Illuminate\\Pipeline\\Pipeline.php(183): Illuminate\\View\\Middleware\\ShareErrorsFromSession->handle()
#25 E:\\Suorce\\VS_CODE\\WEB\\Mvek\\vendor\\laravel\\framework\\src\\Illuminate\\Session\\Middleware\\StartSession.php(121): Illuminate\\Pipeline\\Pipeline->Illuminate\\Pipeline\\{closure}()
#26 E:\\Suorce\\VS_CODE\\WEB\\Mvek\\vendor\\laravel\\framework\\src\\Illuminate\\Session\\Middleware\\StartSession.php(64): Illuminate\\Session\\Middleware\\StartSession->handleStatefulRequest()
#27 E:\\Suorce\\VS_CODE\\WEB\\Mvek\\vendor\\laravel\\framework\\src\\Illuminate\\Pipeline\\Pipeline.php(183): Illuminate\\Session\\Middleware\\StartSession->handle()
#28 E:\\Suorce\\VS_CODE\\WEB\\Mvek\\vendor\\laravel\\framework\\src\\Illuminate\\Cookie\\Middleware\\AddQueuedCookiesToResponse.php(37): Illuminate\\Pipeline\\Pipeline->Illuminate\\Pipeline\\{closure}()
#29 E:\\Suorce\\VS_CODE\\WEB\\Mvek\\vendor\\laravel\\framework\\src\\Illuminate\\Pipeline\\Pipeline.php(183): Illuminate\\Cookie\\Middleware\\AddQueuedCookiesToResponse->handle()
#30 E:\\Suorce\\VS_CODE\\WEB\\Mvek\\vendor\\laravel\\framework\\src\\Illuminate\\Cookie\\Middleware\\EncryptCookies.php(67): Illuminate\\Pipeline\\Pipeline->Illuminate\\Pipeline\\{closure}()
#31 E:\\Suorce\\VS_CODE\\WEB\\Mvek\\vendor\\laravel\\framework\\src\\Illuminate\\Pipeline\\Pipeline.php(183): Illuminate\\Cookie\\Middleware\\EncryptCookies->handle()
#32 E:\\Suorce\\VS_CODE\\WEB\\Mvek\\vendor\\laravel\\framework\\src\\Illuminate\\Pipeline\\Pipeline.php(119): Illuminate\\Pipeline\\Pipeline->Illuminate\\Pipeline\\{closure}()
#33 E:\\Suorce\\VS_CODE\\WEB\\Mvek\\vendor\\laravel\\framework\\src\\Illuminate\\Routing\\Router.php(807): Illuminate\\Pipeline\\Pipeline->then()
#34 E:\\Suorce\\VS_CODE\\WEB\\Mvek\\vendor\\laravel\\framework\\src\\Illuminate\\Routing\\Router.php(784): Illuminate\\Routing\\Router->runRouteWithinStack()
#35 E:\\Suorce\\VS_CODE\\WEB\\Mvek\\vendor\\laravel\\framework\\src\\Illuminate\\Routing\\Router.php(748): Illuminate\\Routing\\Router->runRoute()
#36 E:\\Suorce\\VS_CODE\\WEB\\Mvek\\vendor\\laravel\\framework\\src\\Illuminate\\Routing\\Router.php(737): Illuminate\\Routing\\Router->dispatchToRoute()
#37 E:\\Suorce\\VS_CODE\\WEB\\Mvek\\vendor\\laravel\\framework\\src\\Illuminate\\Foundation\\Http\\Kernel.php(200): Illuminate\\Routing\\Router->dispatch()
#38 E:\\Suorce\\VS_CODE\\WEB\\Mvek\\vendor\\laravel\\framework\\src\\Illuminate\\Pipeline\\Pipeline.php(144): Illuminate\\Foundation\\Http\\Kernel->Illuminate\\Foundation\\Http\\{closure}()
#39 E:\\Suorce\\VS_CODE\\WEB\\Mvek\\vendor\\laravel\\framework\\src\\Illuminate\\Foundation\\Http\\Middleware\\TransformsRequest.php(21): Illuminate\\Pipeline\\Pipeline->Illuminate\\Pipeline\\{closure}()
#40 E:\\Suorce\\VS_CODE\\WEB\\Mvek\\vendor\\laravel\\framework\\src\\Illuminate\\Foundation\\Http\\Middleware\\ConvertEmptyStringsToNull.php(31): Illuminate\\Foundation\\Http\\Middleware\\TransformsRequest->handle()
#41 E:\\Suorce\\VS_CODE\\WEB\\Mvek\\vendor\\laravel\\framework\\src\\Illuminate\\Pipeline\\Pipeline.php(183): Illuminate\\Foundation\\Http\\Middleware\\ConvertEmptyStringsToNull->handle()
#42 E:\\Suorce\\VS_CODE\\WEB\\Mvek\\vendor\\laravel\\framework\\src\\Illuminate\\Foundation\\Http\\Middleware\\TransformsRequest.php(21): Illuminate\\Pipeline\\Pipeline->Illuminate\\Pipeline\\{closure}()
#43 E:\\Suorce\\VS_CODE\\WEB\\Mvek\\vendor\\laravel\\framework\\src\\Illuminate\\Foundation\\Http\\Middleware\\TrimStrings.php(40): Illuminate\\Foundation\\Http\\Middleware\\TransformsRequest->handle()
#44 E:\\Suorce\\VS_CODE\\WEB\\Mvek\\vendor\\laravel\\framework\\src\\Illuminate\\Pipeline\\Pipeline.php(183): Illuminate\\Foundation\\Http\\Middleware\\TrimStrings->handle()
#45 E:\\Suorce\\VS_CODE\\WEB\\Mvek\\vendor\\laravel\\framework\\src\\Illuminate\\Foundation\\Http\\Middleware\\ValidatePostSize.php(27): Illuminate\\Pipeline\\Pipeline->Illuminate\\Pipeline\\{closure}()
#46 E:\\Suorce\\VS_CODE\\WEB\\Mvek\\vendor\\laravel\\framework\\src\\Illuminate\\Pipeline\\Pipeline.php(183): Illuminate\\Foundation\\Http\\Middleware\\ValidatePostSize->handle()
#47 E:\\Suorce\\VS_CODE\\WEB\\Mvek\\vendor\\laravel\\framework\\src\\Illuminate\\Foundation\\Http\\Middleware\\PreventRequestsDuringMaintenance.php(99): Illuminate\\Pipeline\\Pipeline->Illuminate\\Pipeline\\{closure}()
#48 E:\\Suorce\\VS_CODE\\WEB\\Mvek\\vendor\\laravel\\framework\\src\\Illuminate\\Pipeline\\Pipeline.php(183): Illuminate\\Foundation\\Http\\Middleware\\PreventRequestsDuringMaintenance->handle()
#49 E:\\Suorce\\VS_CODE\\WEB\\Mvek\\vendor\\laravel\\framework\\src\\Illuminate\\Http\\Middleware\\HandleCors.php(49): Illuminate\\Pipeline\\Pipeline->Illuminate\\Pipeline\\{closure}()
#50 E:\\Suorce\\VS_CODE\\WEB\\Mvek\\vendor\\laravel\\framework\\src\\Illuminate\\Pipeline\\Pipeline.php(183): Illuminate\\Http\\Middleware\\HandleCors->handle()
#51 E:\\Suorce\\VS_CODE\\WEB\\Mvek\\vendor\\laravel\\framework\\src\\Illuminate\\Http\\Middleware\\TrustProxies.php(39): Illuminate\\Pipeline\\Pipeline->Illuminate\\Pipeline\\{closure}()
#52 E:\\Suorce\\VS_CODE\\WEB\\Mvek\\vendor\\laravel\\framework\\src\\Illuminate\\Pipeline\\Pipeline.php(183): Illuminate\\Http\\Middleware\\TrustProxies->handle()
#53 E:\\Suorce\\VS_CODE\\WEB\\Mvek\\vendor\\laravel\\framework\\src\\Illuminate\\Pipeline\\Pipeline.php(119): Illuminate\\Pipeline\\Pipeline->Illuminate\\Pipeline\\{closure}()
#54 E:\\Suorce\\VS_CODE\\WEB\\Mvek\\vendor\\laravel\\framework\\src\\Illuminate\\Foundation\\Http\\Kernel.php(175): Illuminate\\Pipeline\\Pipeline->then()
#55 E:\\Suorce\\VS_CODE\\WEB\\Mvek\\vendor\\laravel\\framework\\src\\Illuminate\\Foundation\\Http\\Kernel.php(144): Illuminate\\Foundation\\Http\\Kernel->sendRequestThroughRouter()
#56 E:\\Suorce\\VS_CODE\\WEB\\Mvek\\public\\index.php(52): Illuminate\\Foundation\\Http\\Kernel->handle()
#57 E:\\Suorce\\VS_CODE\\WEB\\Mvek\\vendor\\laravel\\framework\\src\\Illuminate\\Foundation\\resources\\server.php(16): require_once('E:\\\\Suorce\\\\VS_CO...')
#58 {main}
"} 
[2026-02-05 05:08:36] local.ERROR: Route [admin.product.delete] not defined. {"view":{"view":"E:\\Suorce\\VS_CODE\\WEB\\Mvek\\resources\\views\\admin\\dashboard.blade.php","data":[]},"userId":1,"exception":"[object] (Spatie\\LaravelIgnition\\Exceptions\\ViewException(code: 0): Route [admin.product.delete] not defined. at E:\\Suorce\\VS_CODE\\WEB\\Mvek\\vendor\\laravel\\framework\\src\\Illuminate\\Routing\\UrlGenerator.php:477)
[stacktrace]
#0 E:\\Suorce\\VS_CODE\\WEB\\Mvek\\vendor\\laravel\\framework\\src\\Illuminate\\Foundation\\helpers.php(811): Illuminate\\Routing\\UrlGenerator->route()
#1 E:\\Suorce\\VS_CODE\\WEB\\Mvek\\resources\\views\\admin\\dashboard.blade.php(100): route()
#2 E:\\Suorce\\VS_CODE\\WEB\\Mvek\\vendor\\laravel\\framework\\src\\Illuminate\\Filesystem\\Filesystem.php(123): require('E:\\\\Suorce\\\\VS_CO...')
#3 E:\\Suorce\\VS_CODE\\WEB\\Mvek\\vendor\\laravel\\framework\\src\\Illuminate\\Filesystem\\Filesystem.php(124): Illuminate\\Filesystem\\Filesystem::Illuminate\\Filesystem\\{closure}()
#4 E:\\Suorce\\VS_CODE\\WEB\\Mvek\\vendor\\laravel\\framework\\src\\Illuminate\\View\\Engines\\PhpEngine.php(58): Illuminate\\Filesystem\\Filesystem->getRequire()
#5 E:\\Suorce\\VS_CODE\\WEB\\Mvek\\vendor\\laravel\\framework\\src\\Illuminate\\View\\Engines\\CompilerEngine.php(72): Illuminate\\View\\Engines\\PhpEngine->evaluatePath()
#6 E:\\Suorce\\VS_CODE\\WEB\\Mvek\\vendor\\laravel\\framework\\src\\Illuminate\\View\\View.php(207): Illuminate\\View\\Engines\\CompilerEngine->get()
#7 E:\\Suorce\\VS_CODE\\WEB\\Mvek\\vendor\\laravel\\framework\\src\\Illuminate\\View\\View.php(190): Illuminate\\View\\View->getContents()
#8 E:\\Suorce\\VS_CODE\\WEB\\Mvek\\vendor\\laravel\\framework\\src\\Illuminate\\View\\View.php(159): Illuminate\\View\\View->renderContents()
#9 E:\\Suorce\\VS_CODE\\WEB\\Mvek\\vendor\\laravel\\framework\\src\\Illuminate\\Http\\Response.php(69): Illuminate\\View\\View->render()
#10 E:\\Suorce\\VS_CODE\\WEB\\Mvek\\vendor\\laravel\\framework\\src\\Illuminate\\Http\\Response.php(35): Illuminate\\Http\\Response->setContent()
#11 E:\\Suorce\\VS_CODE\\WEB\\Mvek\\vendor\\laravel\\framework\\src\\Illuminate\\Routing\\Router.php(918): Illuminate\\Http\\Response->__construct()
#12 E:\\Suorce\\VS_CODE\\WEB\\Mvek\\vendor\\laravel\\framework\\src\\Illuminate\\Routing\\Router.php(885): Illuminate\\Routing\\Router::toResponse()
#13 E:\\Suorce\\VS_CODE\\WEB\\Mvek\\vendor\\laravel\\framework\\src\\Illuminate\\Routing\\Router.php(806): Illuminate\\Routing\\Router->prepareResponse()
#14 E:\\Suorce\\VS_CODE\\WEB\\Mvek\\vendor\\laravel\\framework\\src\\Illuminate\\Pipeline\\Pipeline.php(144): Illuminate\\Routing\\Router->Illuminate\\Routing\\{closure}()
#15 E:\\Suorce\\VS_CODE\\WEB\\Mvek\\app\\Http\\Middleware\\Admin.php(21): Illuminate\\Pipeline\\Pipeline->Illuminate\\Pipeline\\{closure}()
#16 E:\\Suorce\\VS_CODE\\WEB\\Mvek\\vendor\\laravel\\framework\\src\\Illuminate\\Pipeline\\Pipeline.php(183): App\\Http\\Middleware\\Admin->handle()
#17 E:\\Suorce\\VS_CODE\\WEB\\Mvek\\vendor\\laravel\\framework\\src\\Illuminate\\Routing\\Middleware\\SubstituteBindings.php(50): Illuminate\\Pipeline\\Pipeline->Illuminate\\Pipeline\\{closure}()
#18 E:\\Suorce\\VS_CODE\\WEB\\Mvek\\vendor\\laravel\\framework\\src\\Illuminate\\Pipeline\\Pipeline.php(183): Illuminate\\Routing\\Middleware\\SubstituteBindings->handle()
#19 E:\\Suorce\\VS_CODE\\WEB\\Mvek\\vendor\\laravel\\framework\\src\\Illuminate\\Auth\\Middleware\\Authenticate.php(57): Illuminate\\Pipeline\\Pipeline->Illuminate\\Pipeline\\{closure}()
#20 E:\\Suorce\\VS_CODE\\WEB\\Mvek\\vendor\\laravel\\framework\\src\\Illuminate\\Pipeline\\Pipeline.php(183): Illuminate\\Auth\\Middleware\\Authenticate->handle()
#21 E:\\Suorce\\VS_CODE\\WEB\\Mvek\\vendor\\laravel\\framework\\src\\Illuminate\\Foundation\\Http\\Middleware\\VerifyCsrfToken.php(78): Illuminate\\Pipeline\\Pipeline->Illuminate\\Pipeline\\{closure}()
#22 E:\\Suorce\\VS_CODE\\WEB\\Mvek\\vendor\\laravel\\framework\\src\\Illuminate\\Pipeline\\Pipeline.php(183): Illuminate\\Foundation\\Http\\Middleware\\VerifyCsrfToken->handle()
#23 E:\\Suorce\\VS_CODE\\WEB\\Mvek\\vendor\\laravel\\framework\\src\\Illuminate\\View\\Middleware\\ShareErrorsFromSession.php(49): Illuminate\\Pipeline\\Pipeline->Illuminate\\Pipeline\\{closure}()
#24 E:\\Suorce\\VS_CODE\\WEB\\Mvek\\vendor\\laravel\\framework\\src\\Illuminate\\Pipeline\\Pipeline.php(183): Illuminate\\View\\Middleware\\ShareErrorsFromSession->handle()
#25 E:\\Suorce\\VS_CODE\\WEB\\Mvek\\vendor\\laravel\\framework\\src\\Illuminate\\Session\\Middleware\\StartSession.php(121): Illuminate\\Pipeline\\Pipeline->Illuminate\\Pipeline\\{closure}()
#26 E:\\Suorce\\VS_CODE\\WEB\\Mvek\\vendor\\laravel\\framework\\src\\Illuminate\\Session\\Middleware\\StartSession.php(64): Illuminate\\Session\\Middleware\\StartSession->handleStatefulRequest()
#27 E:\\Suorce\\VS_CODE\\WEB\\Mvek\\vendor\\laravel\\framework\\src\\Illuminate\\Pipeline\\Pipeline.php(183): Illuminate\\Session\\Middleware\\StartSession->handle()
#28 E:\\Suorce\\VS_CODE\\WEB\\Mvek\\vendor\\laravel\\framework\\src\\Illuminate\\Cookie\\Middleware\\AddQueuedCookiesToResponse.php(37): Illuminate\\Pipeline\\Pipeline->Illuminate\\Pipeline\\{closure}()
#29 E:\\Suorce\\VS_CODE\\WEB\\Mvek\\vendor\\laravel\\framework\\src\\Illuminate\\Pipeline\\Pipeline.php(183): Illuminate\\Cookie\\Middleware\\AddQueuedCookiesToResponse->handle()
#30 E:\\Suorce\\VS_CODE\\WEB\\Mvek\\vendor\\laravel\\framework\\src\\Illuminate\\Cookie\\Middleware\\EncryptCookies.php(67): Illuminate\\Pipeline\\Pipeline->Illuminate\\Pipeline\\{closure}()
#31 E:\\Suorce\\VS_CODE\\WEB\\Mvek\\vendor\\laravel\\framework\\src\\Illuminate\\Pipeline\\Pipeline.php(183): Illuminate\\Cookie\\Middleware\\EncryptCookies->handle()
#32 E:\\Suorce\\VS_CODE\\WEB\\Mvek\\vendor\\laravel\\framework\\src\\Illuminate\\Pipeline\\Pipeline.php(119): Illuminate\\Pipeline\\Pipeline->Illuminate\\Pipeline\\{closure}()
#33 E:\\Suorce\\VS_CODE\\WEB\\Mvek\\vendor\\laravel\\framework\\src\\Illuminate\\Routing\\Router.php(807): Illuminate\\Pipeline\\Pipeline->then()
#34 E:\\Suorce\\VS_CODE\\WEB\\Mvek\\vendor\\laravel\\framework\\src\\Illuminate\\Routing\\Router.php(784): Illuminate\\Routing\\Router->runRouteWithinStack()
#35 E:\\Suorce\\VS_CODE\\WEB\\Mvek\\vendor\\laravel\\framework\\src\\Illuminate\\Routing\\Router.php(748): Illuminate\\Routing\\Router->runRoute()
#36 E:\\Suorce\\VS_CODE\\WEB\\Mvek\\vendor\\laravel\\framework\\src\\Illuminate\\Routing\\Router.php(737): Illuminate\\Routing\\Router->dispatchToRoute()
#37 E:\\Suorce\\VS_CODE\\WEB\\Mvek\\vendor\\laravel\\framework\\src\\Illuminate\\Foundation\\Http\\Kernel.php(200): Illuminate\\Routing\\Router->dispatch()
#38 E:\\Suorce\\VS_CODE\\WEB\\Mvek\\vendor\\laravel\\framework\\src\\Illuminate\\Pipeline\\Pipeline.php(144): Illuminate\\Foundation\\Http\\Kernel->Illuminate\\Foundation\\Http\\{closure}()
#39 E:\\Suorce\\VS_CODE\\WEB\\Mvek\\vendor\\laravel\\framework\\src\\Illuminate\\Foundation\\Http\\Middleware\\TransformsRequest.php(21): Illuminate\\Pipeline\\Pipeline->Illuminate\\Pipeline\\{closure}()
#40 E:\\Suorce\\VS_CODE\\WEB\\Mvek\\vendor\\laravel\\framework\\src\\Illuminate\\Foundation\\Http\\Middleware\\ConvertEmptyStringsToNull.php(31): Illuminate\\Foundation\\Http\\Middleware\\TransformsRequest->handle()
#41 E:\\Suorce\\VS_CODE\\WEB\\Mvek\\vendor\\laravel\\framework\\src\\Illuminate\\Pipeline\\Pipeline.php(183): Illuminate\\Foundation\\Http\\Middleware\\ConvertEmptyStringsToNull->handle()
#42 E:\\Suorce\\VS_CODE\\WEB\\Mvek\\vendor\\laravel\\framework\\src\\Illuminate\\Foundation\\Http\\Middleware\\TransformsRequest.php(21): Illuminate\\Pipeline\\Pipeline->Illuminate\\Pipeline\\{closure}()
#43 E:\\Suorce\\VS_CODE\\WEB\\Mvek\\vendor\\laravel\\framework\\src\\Illuminate\\Foundation\\Http\\Middleware\\TrimStrings.php(40): Illuminate\\Foundation\\Http\\Middleware\\TransformsRequest->handle()
#44 E:\\Suorce\\VS_CODE\\WEB\\Mvek\\vendor\\laravel\\framework\\src\\Illuminate\\Pipeline\\Pipeline.php(183): Illuminate\\Foundation\\Http\\Middleware\\TrimStrings->handle()
#45 E:\\Suorce\\VS_CODE\\WEB\\Mvek\\vendor\\laravel\\framework\\src\\Illuminate\\Foundation\\Http\\Middleware\\ValidatePostSize.php(27): Illuminate\\Pipeline\\Pipeline->Illuminate\\Pipeline\\{closure}()
#46 E:\\Suorce\\VS_CODE\\WEB\\Mvek\\vendor\\laravel\\framework\\src\\Illuminate\\Pipeline\\Pipeline.php(183): Illuminate\\Foundation\\Http\\Middleware\\ValidatePostSize->handle()
#47 E:\\Suorce\\VS_CODE\\WEB\\Mvek\\vendor\\laravel\\framework\\src\\Illuminate\\Foundation\\Http\\Middleware\\PreventRequestsDuringMaintenance.php(99): Illuminate\\Pipeline\\Pipeline->Illuminate\\Pipeline\\{closure}()
#48 E:\\Suorce\\VS_CODE\\WEB\\Mvek\\vendor\\laravel\\framework\\src\\Illuminate\\Pipeline\\Pipeline.php(183): Illuminate\\Foundation\\Http\\Middleware\\PreventRequestsDuringMaintenance->handle()
#49 E:\\Suorce\\VS_CODE\\WEB\\Mvek\\vendor\\laravel\\framework\\src\\Illuminate\\Http\\Middleware\\HandleCors.php(49): Illuminate\\Pipeline\\Pipeline->Illuminate\\Pipeline\\{closure}()
#50 E:\\Suorce\\VS_CODE\\WEB\\Mvek\\vendor\\laravel\\framework\\src\\Illuminate\\Pipeline\\Pipeline.php(183): Illuminate\\Http\\Middleware\\HandleCors->handle()
#51 E:\\Suorce\\VS_CODE\\WEB\\Mvek\\vendor\\laravel\\framework\\src\\Illuminate\\Http\\Middleware\\TrustProxies.php(39): Illuminate\\Pipeline\\Pipeline->Illuminate\\Pipeline\\{closure}()
#52 E:\\Suorce\\VS_CODE\\WEB\\Mvek\\vendor\\laravel\\framework\\src\\Illuminate\\Pipeline\\Pipeline.php(183): Illuminate\\Http\\Middleware\\TrustProxies->handle()
#53 E:\\Suorce\\VS_CODE\\WEB\\Mvek\\vendor\\laravel\\framework\\src\\Illuminate\\Pipeline\\Pipeline.php(119): Illuminate\\Pipeline\\Pipeline->Illuminate\\Pipeline\\{closure}()
#54 E:\\Suorce\\VS_CODE\\WEB\\Mvek\\vendor\\laravel\\framework\\src\\Illuminate\\Foundation\\Http\\Kernel.php(175): Illuminate\\Pipeline\\Pipeline->then()
#55 E:\\Suorce\\VS_CODE\\WEB\\Mvek\\vendor\\laravel\\framework\\src\\Illuminate\\Foundation\\Http\\Kernel.php(144): Illuminate\\Foundation\\Http\\Kernel->sendRequestThroughRouter()
#56 E:\\Suorce\\VS_CODE\\WEB\\Mvek\\public\\index.php(52): Illuminate\\Foundation\\Http\\Kernel->handle()
#57 E:\\Suorce\\VS_CODE\\WEB\\Mvek\\vendor\\laravel\\framework\\src\\Illuminate\\Foundation\\resources\\server.php(16): require_once('E:\\\\Suorce\\\\VS_CO...')
#58 {main}

[previous exception] [object] (Symfony\\Component\\Routing\\Exception\\RouteNotFoundException(code: 0): Route [admin.product.delete] not defined. at E:\\Suorce\\VS_CODE\\WEB\\Mvek\\vendor\\laravel\\framework\\src\\Illuminate\\Routing\\UrlGenerator.php:477)
[stacktrace]
#0 E:\\Suorce\\VS_CODE\\WEB\\Mvek\\vendor\\laravel\\framework\\src\\Illuminate\\Foundation\\helpers.php(811): Illuminate\\Routing\\UrlGenerator->route()
#1 E:\\Suorce\\VS_CODE\\WEB\\Mvek\\storage\\framework\\views\\fd3e0f8e027e37d4e7f154ddaf046d72.php(99): route()
#2 E:\\Suorce\\VS_CODE\\WEB\\Mvek\\vendor\\laravel\\framework\\src\\Illuminate\\Filesystem\\Filesystem.php(123): require('E:\\\\Suorce\\\\VS_CO...')
#3 E:\\Suorce\\VS_CODE\\WEB\\Mvek\\vendor\\laravel\\framework\\src\\Illuminate\\Filesystem\\Filesystem.php(124): Illuminate\\Filesystem\\Filesystem::Illuminate\\Filesystem\\{closure}()
#4 E:\\Suorce\\VS_CODE\\WEB\\Mvek\\vendor\\laravel\\framework\\src\\Illuminate\\View\\Engines\\PhpEngine.php(58): Illuminate\\Filesystem\\Filesystem->getRequire()
#5 E:\\Suorce\\VS_CODE\\WEB\\Mvek\\vendor\\laravel\\framework\\src\\Illuminate\\View\\Engines\\CompilerEngine.php(72): Illuminate\\View\\Engines\\PhpEngine->evaluatePath()
#6 E:\\Suorce\\VS_CODE\\WEB\\Mvek\\vendor\\laravel\\framework\\src\\Illuminate\\View\\View.php(207): Illuminate\\View\\Engines\\CompilerEngine->get()
#7 E:\\Suorce\\VS_CODE\\WEB\\Mvek\\vendor\\laravel\\framework\\src\\Illuminate\\View\\View.php(190): Illuminate\\View\\View->getContents()
#8 E:\\Suorce\\VS_CODE\\WEB\\Mvek\\vendor\\laravel\\framework\\src\\Illuminate\\View\\View.php(159): Illuminate\\View\\View->renderContents()
#9 E:\\Suorce\\VS_CODE\\WEB\\Mvek\\vendor\\laravel\\framework\\src\\Illuminate\\Http\\Response.php(69): Illuminate\\View\\View->render()
#10 E:\\Suorce\\VS_CODE\\WEB\\Mvek\\vendor\\laravel\\framework\\src\\Illuminate\\Http\\Response.php(35): Illuminate\\Http\\Response->setContent()
#11 E:\\Suorce\\VS_CODE\\WEB\\Mvek\\vendor\\laravel\\framework\\src\\Illuminate\\Routing\\Router.php(918): Illuminate\\Http\\Response->__construct()
#12 E:\\Suorce\\VS_CODE\\WEB\\Mvek\\vendor\\laravel\\framework\\src\\Illuminate\\Routing\\Router.php(885): Illuminate\\Routing\\Router::toResponse()
#13 E:\\Suorce\\VS_CODE\\WEB\\Mvek\\vendor\\laravel\\framework\\src\\Illuminate\\Routing\\Router.php(806): Illuminate\\Routing\\Router->prepareResponse()
#14 E:\\Suorce\\VS_CODE\\WEB\\Mvek\\vendor\\laravel\\framework\\src\\Illuminate\\Pipeline\\Pipeline.php(144): Illuminate\\Routing\\Router->Illuminate\\Routing\\{closure}()
#15 E:\\Suorce\\VS_CODE\\WEB\\Mvek\\app\\Http\\Middleware\\Admin.php(21): Illuminate\\Pipeline\\Pipeline->Illuminate\\Pipeline\\{closure}()
#16 E:\\Suorce\\VS_CODE\\WEB\\Mvek\\vendor\\laravel\\framework\\src\\Illuminate\\Pipeline\\Pipeline.php(183): App\\Http\\Middleware\\Admin->handle()
#17 E:\\Suorce\\VS_CODE\\WEB\\Mvek\\vendor\\laravel\\framework\\src\\Illuminate\\Routing\\Middleware\\SubstituteBindings.php(50): Illuminate\\Pipeline\\Pipeline->Illuminate\\Pipeline\\{closure}()
#18 E:\\Suorce\\VS_CODE\\WEB\\Mvek\\vendor\\laravel\\framework\\src\\Illuminate\\Pipeline\\Pipeline.php(183): Illuminate\\Routing\\Middleware\\SubstituteBindings->handle()
#19 E:\\Suorce\\VS_CODE\\WEB\\Mvek\\vendor\\laravel\\framework\\src\\Illuminate\\Auth\\Middleware\\Authenticate.php(57): Illuminate\\Pipeline\\Pipeline->Illuminate\\Pipeline\\{closure}()
#20 E:\\Suorce\\VS_CODE\\WEB\\Mvek\\vendor\\laravel\\framework\\src\\Illuminate\\Pipeline\\Pipeline.php(183): Illuminate\\Auth\\Middleware\\Authenticate->handle()
#21 E:\\Suorce\\VS_CODE\\WEB\\Mvek\\vendor\\laravel\\framework\\src\\Illuminate\\Foundation\\Http\\Middleware\\VerifyCsrfToken.php(78): Illuminate\\Pipeline\\Pipeline->Illuminate\\Pipeline\\{closure}()
#22 E:\\Suorce\\VS_CODE\\WEB\\Mvek\\vendor\\laravel\\framework\\src\\Illuminate\\Pipeline\\Pipeline.php(183): Illuminate\\Foundation\\Http\\Middleware\\VerifyCsrfToken->handle()
#23 E:\\Suorce\\VS_CODE\\WEB\\Mvek\\vendor\\laravel\\framework\\src\\Illuminate\\View\\Middleware\\ShareErrorsFromSession.php(49): Illuminate\\Pipeline\\Pipeline->Illuminate\\Pipeline\\{closure}()
#24 E:\\Suorce\\VS_CODE\\WEB\\Mvek\\vendor\\laravel\\framework\\src\\Illuminate\\Pipeline\\Pipeline.php(183): Illuminate\\View\\Middleware\\ShareErrorsFromSession->handle()
#25 E:\\Suorce\\VS_CODE\\WEB\\Mvek\\vendor\\laravel\\framework\\src\\Illuminate\\Session\\Middleware\\StartSession.php(121): Illuminate\\Pipeline\\Pipeline->Illuminate\\Pipeline\\{closure}()
#26 E:\\Suorce\\VS_CODE\\WEB\\Mvek\\vendor\\laravel\\framework\\src\\Illuminate\\Session\\Middleware\\StartSession.php(64): Illuminate\\Session\\Middleware\\StartSession->handleStatefulRequest()
#27 E:\\Suorce\\VS_CODE\\WEB\\Mvek\\vendor\\laravel\\framework\\src\\Illuminate\\Pipeline\\Pipeline.php(183): Illuminate\\Session\\Middleware\\StartSession->handle()
#28 E:\\Suorce\\VS_CODE\\WEB\\Mvek\\vendor\\laravel\\framework\\src\\Illuminate\\Cookie\\Middleware\\AddQueuedCookiesToResponse.php(37): Illuminate\\Pipeline\\Pipeline->Illuminate\\Pipeline\\{closure}()
#29 E:\\Suorce\\VS_CODE\\WEB\\Mvek\\vendor\\laravel\\framework\\src\\Illuminate\\Pipeline\\Pipeline.php(183): Illuminate\\Cookie\\Middleware\\AddQueuedCookiesToResponse->handle()
#30 E:\\Suorce\\VS_CODE\\WEB\\Mvek\\vendor\\laravel\\framework\\src\\Illuminate\\Cookie\\Middleware\\EncryptCookies.php(67): Illuminate\\Pipeline\\Pipeline->Illuminate\\Pipeline\\{closure}()
#31 E:\\Suorce\\VS_CODE\\WEB\\Mvek\\vendor\\laravel\\framework\\src\\Illuminate\\Pipeline\\Pipeline.php(183): Illuminate\\Cookie\\Middleware\\EncryptCookies->handle()
#32 E:\\Suorce\\VS_CODE\\WEB\\Mvek\\vendor\\laravel\\framework\\src\\Illuminate\\Pipeline\\Pipeline.php(119): Illuminate\\Pipeline\\Pipeline->Illuminate\\Pipeline\\{closure}()
#33 E:\\Suorce\\VS_CODE\\WEB\\Mvek\\vendor\\laravel\\framework\\src\\Illuminate\\Routing\\Router.php(807): Illuminate\\Pipeline\\Pipeline->then()
#34 E:\\Suorce\\VS_CODE\\WEB\\Mvek\\vendor\\laravel\\framework\\src\\Illuminate\\Routing\\Router.php(784): Illuminate\\Routing\\Router->runRouteWithinStack()
#35 E:\\Suorce\\VS_CODE\\WEB\\Mvek\\vendor\\laravel\\framework\\src\\Illuminate\\Routing\\Router.php(748): Illuminate\\Routing\\Router->runRoute()
#36 E:\\Suorce\\VS_CODE\\WEB\\Mvek\\vendor\\laravel\\framework\\src\\Illuminate\\Routing\\Router.php(737): Illuminate\\Routing\\Router->dispatchToRoute()
#37 E:\\Suorce\\VS_CODE\\WEB\\Mvek\\vendor\\laravel\\framework\\src\\Illuminate\\Foundation\\Http\\Kernel.php(200): Illuminate\\Routing\\Router->dispatch()
#38 E:\\Suorce\\VS_CODE\\WEB\\Mvek\\vendor\\laravel\\framework\\src\\Illuminate\\Pipeline\\Pipeline.php(144): Illuminate\\Foundation\\Http\\Kernel->Illuminate\\Foundation\\Http\\{closure}()
#39 E:\\Suorce\\VS_CODE\\WEB\\Mvek\\vendor\\laravel\\framework\\src\\Illuminate\\Foundation\\Http\\Middleware\\TransformsRequest.php(21): Illuminate\\Pipeline\\Pipeline->Illuminate\\Pipeline\\{closure}()
#40 E:\\Suorce\\VS_CODE\\WEB\\Mvek\\vendor\\laravel\\framework\\src\\Illuminate\\Foundation\\Http\\Middleware\\ConvertEmptyStringsToNull.php(31): Illuminate\\Foundation\\Http\\Middleware\\TransformsRequest->handle()
#41 E:\\Suorce\\VS_CODE\\WEB\\Mvek\\vendor\\laravel\\framework\\src\\Illuminate\\Pipeline\\Pipeline.php(183): Illuminate\\Foundation\\Http\\Middleware\\ConvertEmptyStringsToNull->handle()
#42 E:\\Suorce\\VS_CODE\\WEB\\Mvek\\vendor\\laravel\\framework\\src\\Illuminate\\Foundation\\Http\\Middleware\\TransformsRequest.php(21): Illuminate\\Pipeline\\Pipeline->Illuminate\\Pipeline\\{closure}()
#43 E:\\Suorce\\VS_CODE\\WEB\\Mvek\\vendor\\laravel\\framework\\src\\Illuminate\\Foundation\\Http\\Middleware\\TrimStrings.php(40): Illuminate\\Foundation\\Http\\Middleware\\TransformsRequest->handle()
#44 E:\\Suorce\\VS_CODE\\WEB\\Mvek\\vendor\\laravel\\framework\\src\\Illuminate\\Pipeline\\Pipeline.php(183): Illuminate\\Foundation\\Http\\Middleware\\TrimStrings->handle()
#45 E:\\Suorce\\VS_CODE\\WEB\\Mvek\\vendor\\laravel\\framework\\src\\Illuminate\\Foundation\\Http\\Middleware\\ValidatePostSize.php(27): Illuminate\\Pipeline\\Pipeline->Illuminate\\Pipeline\\{closure}()
#46 E:\\Suorce\\VS_CODE\\WEB\\Mvek\\vendor\\laravel\\framework\\src\\Illuminate\\Pipeline\\Pipeline.php(183): Illuminate\\Foundation\\Http\\Middleware\\ValidatePostSize->handle()
#47 E:\\Suorce\\VS_CODE\\WEB\\Mvek\\vendor\\laravel\\framework\\src\\Illuminate\\Foundation\\Http\\Middleware\\PreventRequestsDuringMaintenance.php(99): Illuminate\\Pipeline\\Pipeline->Illuminate\\Pipeline\\{closure}()
#48 E:\\Suorce\\VS_CODE\\WEB\\Mvek\\vendor\\laravel\\framework\\src\\Illuminate\\Pipeline\\Pipeline.php(183): Illuminate\\Foundation\\Http\\Middleware\\PreventRequestsDuringMaintenance->handle()
#49 E:\\Suorce\\VS_CODE\\WEB\\Mvek\\vendor\\laravel\\framework\\src\\Illuminate\\Http\\Middleware\\HandleCors.php(49): Illuminate\\Pipeline\\Pipeline->Illuminate\\Pipeline\\{closure}()
#50 E:\\Suorce\\VS_CODE\\WEB\\Mvek\\vendor\\laravel\\framework\\src\\Illuminate\\Pipeline\\Pipeline.php(183): Illuminate\\Http\\Middleware\\HandleCors->handle()
#51 E:\\Suorce\\VS_CODE\\WEB\\Mvek\\vendor\\laravel\\framework\\src\\Illuminate\\Http\\Middleware\\TrustProxies.php(39): Illuminate\\Pipeline\\Pipeline->Illuminate\\Pipeline\\{closure}()
#52 E:\\Suorce\\VS_CODE\\WEB\\Mvek\\vendor\\laravel\\framework\\src\\Illuminate\\Pipeline\\Pipeline.php(183): Illuminate\\Http\\Middleware\\TrustProxies->handle()
#53 E:\\Suorce\\VS_CODE\\WEB\\Mvek\\vendor\\laravel\\framework\\src\\Illuminate\\Pipeline\\Pipeline.php(119): Illuminate\\Pipeline\\Pipeline->Illuminate\\Pipeline\\{closure}()
#54 E:\\Suorce\\VS_CODE\\WEB\\Mvek\\vendor\\laravel\\framework\\src\\Illuminate\\Foundation\\Http\\Kernel.php(175): Illuminate\\Pipeline\\Pipeline->then()
#55 E:\\Suorce\\VS_CODE\\WEB\\Mvek\\vendor\\laravel\\framework\\src\\Illuminate\\Foundation\\Http\\Kernel.php(144): Illuminate\\Foundation\\Http\\Kernel->sendRequestThroughRouter()
#56 E:\\Suorce\\VS_CODE\\WEB\\Mvek\\public\\index.php(52): Illuminate\\Foundation\\Http\\Kernel->handle()
#57 E:\\Suorce\\VS_CODE\\WEB\\Mvek\\vendor\\laravel\\framework\\src\\Illuminate\\Foundation\\resources\\server.php(16): require_once('E:\\\\Suorce\\\\VS_CO...')
#58 {main}
"} 
[2026-02-05 05:11:07] local.ERROR: Route [admin.product.delete] not defined. {"view":{"view":"E:\\Suorce\\VS_CODE\\WEB\\Mvek\\resources\\views\\admin\\dashboard.blade.php","data":[]},"userId":1,"exception":"[object] (Spatie\\LaravelIgnition\\Exceptions\\ViewException(code: 0): Route [admin.product.delete] not defined. at E:\\Suorce\\VS_CODE\\WEB\\Mvek\\vendor\\laravel\\framework\\src\\Illuminate\\Routing\\UrlGenerator.php:477)
[stacktrace]
#0 E:\\Suorce\\VS_CODE\\WEB\\Mvek\\vendor\\laravel\\framework\\src\\Illuminate\\Foundation\\helpers.php(811): Illuminate\\Routing\\UrlGenerator->route()
#1 E:\\Suorce\\VS_CODE\\WEB\\Mvek\\resources\\views\\admin\\dashboard.blade.php(100): route()
#2 E:\\Suorce\\VS_CODE\\WEB\\Mvek\\vendor\\laravel\\framework\\src\\Illuminate\\Filesystem\\Filesystem.php(123): require('E:\\\\Suorce\\\\VS_CO...')
#3 E:\\Suorce\\VS_CODE\\WEB\\Mvek\\vendor\\laravel\\framework\\src\\Illuminate\\Filesystem\\Filesystem.php(124): Illuminate\\Filesystem\\Filesystem::Illuminate\\Filesystem\\{closure}()
#4 E:\\Suorce\\VS_CODE\\WEB\\Mvek\\vendor\\laravel\\framework\\src\\Illuminate\\View\\Engines\\PhpEngine.php(58): Illuminate\\Filesystem\\Filesystem->getRequire()
#5 E:\\Suorce\\VS_CODE\\WEB\\Mvek\\vendor\\laravel\\framework\\src\\Illuminate\\View\\Engines\\CompilerEngine.php(72): Illuminate\\View\\Engines\\PhpEngine->evaluatePath()
#6 E:\\Suorce\\VS_CODE\\WEB\\Mvek\\vendor\\laravel\\framework\\src\\Illuminate\\View\\View.php(207): Illuminate\\View\\Engines\\CompilerEngine->get()
#7 E:\\Suorce\\VS_CODE\\WEB\\Mvek\\vendor\\laravel\\framework\\src\\Illuminate\\View\\View.php(190): Illuminate\\View\\View->getContents()
#8 E:\\Suorce\\VS_CODE\\WEB\\Mvek\\vendor\\laravel\\framework\\src\\Illuminate\\View\\View.php(159): Illuminate\\View\\View->renderContents()
#9 E:\\Suorce\\VS_CODE\\WEB\\Mvek\\vendor\\laravel\\framework\\src\\Illuminate\\Http\\Response.php(69): Illuminate\\View\\View->render()
#10 E:\\Suorce\\VS_CODE\\WEB\\Mvek\\vendor\\laravel\\framework\\src\\Illuminate\\Http\\Response.php(35): Illuminate\\Http\\Response->setContent()
#11 E:\\Suorce\\VS_CODE\\WEB\\Mvek\\vendor\\laravel\\framework\\src\\Illuminate\\Routing\\Router.php(918): Illuminate\\Http\\Response->__construct()
#12 E:\\Suorce\\VS_CODE\\WEB\\Mvek\\vendor\\laravel\\framework\\src\\Illuminate\\Routing\\Router.php(885): Illuminate\\Routing\\Router::toResponse()
#13 E:\\Suorce\\VS_CODE\\WEB\\Mvek\\vendor\\laravel\\framework\\src\\Illuminate\\Routing\\Router.php(806): Illuminate\\Routing\\Router->prepareResponse()
#14 E:\\Suorce\\VS_CODE\\WEB\\Mvek\\vendor\\laravel\\framework\\src\\Illuminate\\Pipeline\\Pipeline.php(144): Illuminate\\Routing\\Router->Illuminate\\Routing\\{closure}()
#15 E:\\Suorce\\VS_CODE\\WEB\\Mvek\\app\\Http\\Middleware\\Admin.php(21): Illuminate\\Pipeline\\Pipeline->Illuminate\\Pipeline\\{closure}()
#16 E:\\Suorce\\VS_CODE\\WEB\\Mvek\\vendor\\laravel\\framework\\src\\Illuminate\\Pipeline\\Pipeline.php(183): App\\Http\\Middleware\\Admin->handle()
#17 E:\\Suorce\\VS_CODE\\WEB\\Mvek\\vendor\\laravel\\framework\\src\\Illuminate\\Routing\\Middleware\\SubstituteBindings.php(50): Illuminate\\Pipeline\\Pipeline->Illuminate\\Pipeline\\{closure}()
#18 E:\\Suorce\\VS_CODE\\WEB\\Mvek\\vendor\\laravel\\framework\\src\\Illuminate\\Pipeline\\Pipeline.php(183): Illuminate\\Routing\\Middleware\\SubstituteBindings->handle()
#19 E:\\Suorce\\VS_CODE\\WEB\\Mvek\\vendor\\laravel\\framework\\src\\Illuminate\\Auth\\Middleware\\Authenticate.php(57): Illuminate\\Pipeline\\Pipeline->Illuminate\\Pipeline\\{closure}()
#20 E:\\Suorce\\VS_CODE\\WEB\\Mvek\\vendor\\laravel\\framework\\src\\Illuminate\\Pipeline\\Pipeline.php(183): Illuminate\\Auth\\Middleware\\Authenticate->handle()
#21 E:\\Suorce\\VS_CODE\\WEB\\Mvek\\vendor\\laravel\\framework\\src\\Illuminate\\Foundation\\Http\\Middleware\\VerifyCsrfToken.php(78): Illuminate\\Pipeline\\Pipeline->Illuminate\\Pipeline\\{closure}()
#22 E:\\Suorce\\VS_CODE\\WEB\\Mvek\\vendor\\laravel\\framework\\src\\Illuminate\\Pipeline\\Pipeline.php(183): Illuminate\\Foundation\\Http\\Middleware\\VerifyCsrfToken->handle()
#23 E:\\Suorce\\VS_CODE\\WEB\\Mvek\\vendor\\laravel\\framework\\src\\Illuminate\\View\\Middleware\\ShareErrorsFromSession.php(49): Illuminate\\Pipeline\\Pipeline->Illuminate\\Pipeline\\{closure}()
#24 E:\\Suorce\\VS_CODE\\WEB\\Mvek\\vendor\\laravel\\framework\\src\\Illuminate\\Pipeline\\Pipeline.php(183): Illuminate\\View\\Middleware\\ShareErrorsFromSession->handle()
#25 E:\\Suorce\\VS_CODE\\WEB\\Mvek\\vendor\\laravel\\framework\\src\\Illuminate\\Session\\Middleware\\StartSession.php(121): Illuminate\\Pipeline\\Pipeline->Illuminate\\Pipeline\\{closure}()
#26 E:\\Suorce\\VS_CODE\\WEB\\Mvek\\vendor\\laravel\\framework\\src\\Illuminate\\Session\\Middleware\\StartSession.php(64): Illuminate\\Session\\Middleware\\StartSession->handleStatefulRequest()
#27 E:\\Suorce\\VS_CODE\\WEB\\Mvek\\vendor\\laravel\\framework\\src\\Illuminate\\Pipeline\\Pipeline.php(183): Illuminate\\Session\\Middleware\\StartSession->handle()
#28 E:\\Suorce\\VS_CODE\\WEB\\Mvek\\vendor\\laravel\\framework\\src\\Illuminate\\Cookie\\Middleware\\AddQueuedCookiesToResponse.php(37): Illuminate\\Pipeline\\Pipeline->Illuminate\\Pipeline\\{closure}()
#29 E:\\Suorce\\VS_CODE\\WEB\\Mvek\\vendor\\laravel\\framework\\src\\Illuminate\\Pipeline\\Pipeline.php(183): Illuminate\\Cookie\\Middleware\\AddQueuedCookiesToResponse->handle()
#30 E:\\Suorce\\VS_CODE\\WEB\\Mvek\\vendor\\laravel\\framework\\src\\Illuminate\\Cookie\\Middleware\\EncryptCookies.php(67): Illuminate\\Pipeline\\Pipeline->Illuminate\\Pipeline\\{closure}()
#31 E:\\Suorce\\VS_CODE\\WEB\\Mvek\\vendor\\laravel\\framework\\src\\Illuminate\\Pipeline\\Pipeline.php(183): Illuminate\\Cookie\\Middleware\\EncryptCookies->handle()
#32 E:\\Suorce\\VS_CODE\\WEB\\Mvek\\vendor\\laravel\\framework\\src\\Illuminate\\Pipeline\\Pipeline.php(119): Illuminate\\Pipeline\\Pipeline->Illuminate\\Pipeline\\{closure}()
#33 E:\\Suorce\\VS_CODE\\WEB\\Mvek\\vendor\\laravel\\framework\\src\\Illuminate\\Routing\\Router.php(807): Illuminate\\Pipeline\\Pipeline->then()
#34 E:\\Suorce\\VS_CODE\\WEB\\Mvek\\vendor\\laravel\\framework\\src\\Illuminate\\Routing\\Router.php(784): Illuminate\\Routing\\Router->runRouteWithinStack()
#35 E:\\Suorce\\VS_CODE\\WEB\\Mvek\\vendor\\laravel\\framework\\src\\Illuminate\\Routing\\Router.php(748): Illuminate\\Routing\\Router->runRoute()
#36 E:\\Suorce\\VS_CODE\\WEB\\Mvek\\vendor\\laravel\\framework\\src\\Illuminate\\Routing\\Router.php(737): Illuminate\\Routing\\Router->dispatchToRoute()
#37 E:\\Suorce\\VS_CODE\\WEB\\Mvek\\vendor\\laravel\\framework\\src\\Illuminate\\Foundation\\Http\\Kernel.php(200): Illuminate\\Routing\\Router->dispatch()
#38 E:\\Suorce\\VS_CODE\\WEB\\Mvek\\vendor\\laravel\\framework\\src\\Illuminate\\Pipeline\\Pipeline.php(144): Illuminate\\Foundation\\Http\\Kernel->Illuminate\\Foundation\\Http\\{closure}()
#39 E:\\Suorce\\VS_CODE\\WEB\\Mvek\\vendor\\laravel\\framework\\src\\Illuminate\\Foundation\\Http\\Middleware\\TransformsRequest.php(21): Illuminate\\Pipeline\\Pipeline->Illuminate\\Pipeline\\{closure}()
#40 E:\\Suorce\\VS_CODE\\WEB\\Mvek\\vendor\\laravel\\framework\\src\\Illuminate\\Foundation\\Http\\Middleware\\ConvertEmptyStringsToNull.php(31): Illuminate\\Foundation\\Http\\Middleware\\TransformsRequest->handle()
#41 E:\\Suorce\\VS_CODE\\WEB\\Mvek\\vendor\\laravel\\framework\\src\\Illuminate\\Pipeline\\Pipeline.php(183): Illuminate\\Foundation\\Http\\Middleware\\ConvertEmptyStringsToNull->handle()
#42 E:\\Suorce\\VS_CODE\\WEB\\Mvek\\vendor\\laravel\\framework\\src\\Illuminate\\Foundation\\Http\\Middleware\\TransformsRequest.php(21): Illuminate\\Pipeline\\Pipeline->Illuminate\\Pipeline\\{closure}()
#43 E:\\Suorce\\VS_CODE\\WEB\\Mvek\\vendor\\laravel\\framework\\src\\Illuminate\\Foundation\\Http\\Middleware\\TrimStrings.php(40): Illuminate\\Foundation\\Http\\Middleware\\TransformsRequest->handle()
#44 E:\\Suorce\\VS_CODE\\WEB\\Mvek\\vendor\\laravel\\framework\\src\\Illuminate\\Pipeline\\Pipeline.php(183): Illuminate\\Foundation\\Http\\Middleware\\TrimStrings->handle()
#45 E:\\Suorce\\VS_CODE\\WEB\\Mvek\\vendor\\laravel\\framework\\src\\Illuminate\\Foundation\\Http\\Middleware\\ValidatePostSize.php(27): Illuminate\\Pipeline\\Pipeline->Illuminate\\Pipeline\\{closure}()
#46 E:\\Suorce\\VS_CODE\\WEB\\Mvek\\vendor\\laravel\\framework\\src\\Illuminate\\Pipeline\\Pipeline.php(183): Illuminate\\Foundation\\Http\\Middleware\\ValidatePostSize->handle()
#47 E:\\Suorce\\VS_CODE\\WEB\\Mvek\\vendor\\laravel\\framework\\src\\Illuminate\\Foundation\\Http\\Middleware\\PreventRequestsDuringMaintenance.php(99): Illuminate\\Pipeline\\Pipeline->Illuminate\\Pipeline\\{closure}()
#48 E:\\Suorce\\VS_CODE\\WEB\\Mvek\\vendor\\laravel\\framework\\src\\Illuminate\\Pipeline\\Pipeline.php(183): Illuminate\\Foundation\\Http\\Middleware\\PreventRequestsDuringMaintenance->handle()
#49 E:\\Suorce\\VS_CODE\\WEB\\Mvek\\vendor\\laravel\\framework\\src\\Illuminate\\Http\\Middleware\\HandleCors.php(49): Illuminate\\Pipeline\\Pipeline->Illuminate\\Pipeline\\{closure}()
#50 E:\\Suorce\\VS_CODE\\WEB\\Mvek\\vendor\\laravel\\framework\\src\\Illuminate\\Pipeline\\Pipeline.php(183): Illuminate\\Http\\Middleware\\HandleCors->handle()
#51 E:\\Suorce\\VS_CODE\\WEB\\Mvek\\vendor\\laravel\\framework\\src\\Illuminate\\Http\\Middleware\\TrustProxies.php(39): Illuminate\\Pipeline\\Pipeline->Illuminate\\Pipeline\\{closure}()
#52 E:\\Suorce\\VS_CODE\\WEB\\Mvek\\vendor\\laravel\\framework\\src\\Illuminate\\Pipeline\\Pipeline.php(183): Illuminate\\Http\\Middleware\\TrustProxies->handle()
#53 E:\\Suorce\\VS_CODE\\WEB\\Mvek\\vendor\\laravel\\framework\\src\\Illuminate\\Pipeline\\Pipeline.php(119): Illuminate\\Pipeline\\Pipeline->Illuminate\\Pipeline\\{closure}()
#54 E:\\Suorce\\VS_CODE\\WEB\\Mvek\\vendor\\laravel\\framework\\src\\Illuminate\\Foundation\\Http\\Kernel.php(175): Illuminate\\Pipeline\\Pipeline->then()
#55 E:\\Suorce\\VS_CODE\\WEB\\Mvek\\vendor\\laravel\\framework\\src\\Illuminate\\Foundation\\Http\\Kernel.php(144): Illuminate\\Foundation\\Http\\Kernel->sendRequestThroughRouter()
#56 E:\\Suorce\\VS_CODE\\WEB\\Mvek\\public\\index.php(52): Illuminate\\Foundation\\Http\\Kernel->handle()
#57 E:\\Suorce\\VS_CODE\\WEB\\Mvek\\vendor\\laravel\\framework\\src\\Illuminate\\Foundation\\resources\\server.php(16): require_once('E:\\\\Suorce\\\\VS_CO...')
#58 {main}

[previous exception] [object] (Symfony\\Component\\Routing\\Exception\\RouteNotFoundException(code: 0): Route [admin.product.delete] not defined. at E:\\Suorce\\VS_CODE\\WEB\\Mvek\\vendor\\laravel\\framework\\src\\Illuminate\\Routing\\UrlGenerator.php:477)
[stacktrace]
#0 E:\\Suorce\\VS_CODE\\WEB\\Mvek\\vendor\\laravel\\framework\\src\\Illuminate\\Foundation\\helpers.php(811): Illuminate\\Routing\\UrlGenerator->route()
#1 E:\\Suorce\\VS_CODE\\WEB\\Mvek\\storage\\framework\\views\\fd3e0f8e027e37d4e7f154ddaf046d72.php(99): route()
#2 E:\\Suorce\\VS_CODE\\WEB\\Mvek\\vendor\\laravel\\framework\\src\\Illuminate\\Filesystem\\Filesystem.php(123): require('E:\\\\Suorce\\\\VS_CO...')
#3 E:\\Suorce\\VS_CODE\\WEB\\Mvek\\vendor\\laravel\\framework\\src\\Illuminate\\Filesystem\\Filesystem.php(124): Illuminate\\Filesystem\\Filesystem::Illuminate\\Filesystem\\{closure}()
#4 E:\\Suorce\\VS_CODE\\WEB\\Mvek\\vendor\\laravel\\framework\\src\\Illuminate\\View\\Engines\\PhpEngine.php(58): Illuminate\\Filesystem\\Filesystem->getRequire()
#5 E:\\Suorce\\VS_CODE\\WEB\\Mvek\\vendor\\laravel\\framework\\src\\Illuminate\\View\\Engines\\CompilerEngine.php(72): Illuminate\\View\\Engines\\PhpEngine->evaluatePath()
#6 E:\\Suorce\\VS_CODE\\WEB\\Mvek\\vendor\\laravel\\framework\\src\\Illuminate\\View\\View.php(207): Illuminate\\View\\Engines\\CompilerEngine->get()
#7 E:\\Suorce\\VS_CODE\\WEB\\Mvek\\vendor\\laravel\\framework\\src\\Illuminate\\View\\View.php(190): Illuminate\\View\\View->getContents()
#8 E:\\Suorce\\VS_CODE\\WEB\\Mvek\\vendor\\laravel\\framework\\src\\Illuminate\\View\\View.php(159): Illuminate\\View\\View->renderContents()
#9 E:\\Suorce\\VS_CODE\\WEB\\Mvek\\vendor\\laravel\\framework\\src\\Illuminate\\Http\\Response.php(69): Illuminate\\View\\View->render()
#10 E:\\Suorce\\VS_CODE\\WEB\\Mvek\\vendor\\laravel\\framework\\src\\Illuminate\\Http\\Response.php(35): Illuminate\\Http\\Response->setContent()
#11 E:\\Suorce\\VS_CODE\\WEB\\Mvek\\vendor\\laravel\\framework\\src\\Illuminate\\Routing\\Router.php(918): Illuminate\\Http\\Response->__construct()
#12 E:\\Suorce\\VS_CODE\\WEB\\Mvek\\vendor\\laravel\\framework\\src\\Illuminate\\Routing\\Router.php(885): Illuminate\\Routing\\Router::toResponse()
#13 E:\\Suorce\\VS_CODE\\WEB\\Mvek\\vendor\\laravel\\framework\\src\\Illuminate\\Routing\\Router.php(806): Illuminate\\Routing\\Router->prepareResponse()
#14 E:\\Suorce\\VS_CODE\\WEB\\Mvek\\vendor\\laravel\\framework\\src\\Illuminate\\Pipeline\\Pipeline.php(144): Illuminate\\Routing\\Router->Illuminate\\Routing\\{closure}()
#15 E:\\Suorce\\VS_CODE\\WEB\\Mvek\\app\\Http\\Middleware\\Admin.php(21): Illuminate\\Pipeline\\Pipeline->Illuminate\\Pipeline\\{closure}()
#16 E:\\Suorce\\VS_CODE\\WEB\\Mvek\\vendor\\laravel\\framework\\src\\Illuminate\\Pipeline\\Pipeline.php(183): App\\Http\\Middleware\\Admin->handle()
#17 E:\\Suorce\\VS_CODE\\WEB\\Mvek\\vendor\\laravel\\framework\\src\\Illuminate\\Routing\\Middleware\\SubstituteBindings.php(50): Illuminate\\Pipeline\\Pipeline->Illuminate\\Pipeline\\{closure}()
#18 E:\\Suorce\\VS_CODE\\WEB\\Mvek\\vendor\\laravel\\framework\\src\\Illuminate\\Pipeline\\Pipeline.php(183): Illuminate\\Routing\\Middleware\\SubstituteBindings->handle()
#19 E:\\Suorce\\VS_CODE\\WEB\\Mvek\\vendor\\laravel\\framework\\src\\Illuminate\\Auth\\Middleware\\Authenticate.php(57): Illuminate\\Pipeline\\Pipeline->Illuminate\\Pipeline\\{closure}()
#20 E:\\Suorce\\VS_CODE\\WEB\\Mvek\\vendor\\laravel\\framework\\src\\Illuminate\\Pipeline\\Pipeline.php(183): Illuminate\\Auth\\Middleware\\Authenticate->handle()
#21 E:\\Suorce\\VS_CODE\\WEB\\Mvek\\vendor\\laravel\\framework\\src\\Illuminate\\Foundation\\Http\\Middleware\\VerifyCsrfToken.php(78): Illuminate\\Pipeline\\Pipeline->Illuminate\\Pipeline\\{closure}()
#22 E:\\Suorce\\VS_CODE\\WEB\\Mvek\\vendor\\laravel\\framework\\src\\Illuminate\\Pipeline\\Pipeline.php(183): Illuminate\\Foundation\\Http\\Middleware\\VerifyCsrfToken->handle()
#23 E:\\Suorce\\VS_CODE\\WEB\\Mvek\\vendor\\laravel\\framework\\src\\Illuminate\\View\\Middleware\\ShareErrorsFromSession.php(49): Illuminate\\Pipeline\\Pipeline->Illuminate\\Pipeline\\{closure}()
#24 E:\\Suorce\\VS_CODE\\WEB\\Mvek\\vendor\\laravel\\framework\\src\\Illuminate\\Pipeline\\Pipeline.php(183): Illuminate\\View\\Middleware\\ShareErrorsFromSession->handle()
#25 E:\\Suorce\\VS_CODE\\WEB\\Mvek\\vendor\\laravel\\framework\\src\\Illuminate\\Session\\Middleware\\StartSession.php(121): Illuminate\\Pipeline\\Pipeline->Illuminate\\Pipeline\\{closure}()
#26 E:\\Suorce\\VS_CODE\\WEB\\Mvek\\vendor\\laravel\\framework\\src\\Illuminate\\Session\\Middleware\\StartSession.php(64): Illuminate\\Session\\Middleware\\StartSession->handleStatefulRequest()
#27 E:\\Suorce\\VS_CODE\\WEB\\Mvek\\vendor\\laravel\\framework\\src\\Illuminate\\Pipeline\\Pipeline.php(183): Illuminate\\Session\\Middleware\\StartSession->handle()
#28 E:\\Suorce\\VS_CODE\\WEB\\Mvek\\vendor\\laravel\\framework\\src\\Illuminate\\Cookie\\Middleware\\AddQueuedCookiesToResponse.php(37): Illuminate\\Pipeline\\Pipeline->Illuminate\\Pipeline\\{closure}()
#29 E:\\Suorce\\VS_CODE\\WEB\\Mvek\\vendor\\laravel\\framework\\src\\Illuminate\\Pipeline\\Pipeline.php(183): Illuminate\\Cookie\\Middleware\\AddQueuedCookiesToResponse->handle()
#30 E:\\Suorce\\VS_CODE\\WEB\\Mvek\\vendor\\laravel\\framework\\src\\Illuminate\\Cookie\\Middleware\\EncryptCookies.php(67): Illuminate\\Pipeline\\Pipeline->Illuminate\\Pipeline\\{closure}()
#31 E:\\Suorce\\VS_CODE\\WEB\\Mvek\\vendor\\laravel\\framework\\src\\Illuminate\\Pipeline\\Pipeline.php(183): Illuminate\\Cookie\\Middleware\\EncryptCookies->handle()
#32 E:\\Suorce\\VS_CODE\\WEB\\Mvek\\vendor\\laravel\\framework\\src\\Illuminate\\Pipeline\\Pipeline.php(119): Illuminate\\Pipeline\\Pipeline->Illuminate\\Pipeline\\{closure}()
#33 E:\\Suorce\\VS_CODE\\WEB\\Mvek\\vendor\\laravel\\framework\\src\\Illuminate\\Routing\\Router.php(807): Illuminate\\Pipeline\\Pipeline->then()
#34 E:\\Suorce\\VS_CODE\\WEB\\Mvek\\vendor\\laravel\\framework\\src\\Illuminate\\Routing\\Router.php(784): Illuminate\\Routing\\Router->runRouteWithinStack()
#35 E:\\Suorce\\VS_CODE\\WEB\\Mvek\\vendor\\laravel\\framework\\src\\Illuminate\\Routing\\Router.php(748): Illuminate\\Routing\\Router->runRoute()
#36 E:\\Suorce\\VS_CODE\\WEB\\Mvek\\vendor\\laravel\\framework\\src\\Illuminate\\Routing\\Router.php(737): Illuminate\\Routing\\Router->dispatchToRoute()
#37 E:\\Suorce\\VS_CODE\\WEB\\Mvek\\vendor\\laravel\\framework\\src\\Illuminate\\Foundation\\Http\\Kernel.php(200): Illuminate\\Routing\\Router->dispatch()
#38 E:\\Suorce\\VS_CODE\\WEB\\Mvek\\vendor\\laravel\\framework\\src\\Illuminate\\Pipeline\\Pipeline.php(144): Illuminate\\Foundation\\Http\\Kernel->Illuminate\\Foundation\\Http\\{closure}()
#39 E:\\Suorce\\VS_CODE\\WEB\\Mvek\\vendor\\laravel\\framework\\src\\Illuminate\\Foundation\\Http\\Middleware\\TransformsRequest.php(21): Illuminate\\Pipeline\\Pipeline->Illuminate\\Pipeline\\{closure}()
#40 E:\\Suorce\\VS_CODE\\WEB\\Mvek\\vendor\\laravel\\framework\\src\\Illuminate\\Foundation\\Http\\Middleware\\ConvertEmptyStringsToNull.php(31): Illuminate\\Foundation\\Http\\Middleware\\TransformsRequest->handle()
#41 E:\\Suorce\\VS_CODE\\WEB\\Mvek\\vendor\\laravel\\framework\\src\\Illuminate\\Pipeline\\Pipeline.php(183): Illuminate\\Foundation\\Http\\Middleware\\ConvertEmptyStringsToNull->handle()
#42 E:\\Suorce\\VS_CODE\\WEB\\Mvek\\vendor\\laravel\\framework\\src\\Illuminate\\Foundation\\Http\\Middleware\\TransformsRequest.php(21): Illuminate\\Pipeline\\Pipeline->Illuminate\\Pipeline\\{closure}()
#43 E:\\Suorce\\VS_CODE\\WEB\\Mvek\\vendor\\laravel\\framework\\src\\Illuminate\\Foundation\\Http\\Middleware\\TrimStrings.php(40): Illuminate\\Foundation\\Http\\Middleware\\TransformsRequest->handle()
#44 E:\\Suorce\\VS_CODE\\WEB\\Mvek\\vendor\\laravel\\framework\\src\\Illuminate\\Pipeline\\Pipeline.php(183): Illuminate\\Foundation\\Http\\Middleware\\TrimStrings->handle()
#45 E:\\Suorce\\VS_CODE\\WEB\\Mvek\\vendor\\laravel\\framework\\src\\Illuminate\\Foundation\\Http\\Middleware\\ValidatePostSize.php(27): Illuminate\\Pipeline\\Pipeline->Illuminate\\Pipeline\\{closure}()
#46 E:\\Suorce\\VS_CODE\\WEB\\Mvek\\vendor\\laravel\\framework\\src\\Illuminate\\Pipeline\\Pipeline.php(183): Illuminate\\Foundation\\Http\\Middleware\\ValidatePostSize->handle()
#47 E:\\Suorce\\VS_CODE\\WEB\\Mvek\\vendor\\laravel\\framework\\src\\Illuminate\\Foundation\\Http\\Middleware\\PreventRequestsDuringMaintenance.php(99): Illuminate\\Pipeline\\Pipeline->Illuminate\\Pipeline\\{closure}()
#48 E:\\Suorce\\VS_CODE\\WEB\\Mvek\\vendor\\laravel\\framework\\src\\Illuminate\\Pipeline\\Pipeline.php(183): Illuminate\\Foundation\\Http\\Middleware\\PreventRequestsDuringMaintenance->handle()
#49 E:\\Suorce\\VS_CODE\\WEB\\Mvek\\vendor\\laravel\\framework\\src\\Illuminate\\Http\\Middleware\\HandleCors.php(49): Illuminate\\Pipeline\\Pipeline->Illuminate\\Pipeline\\{closure}()
#50 E:\\Suorce\\VS_CODE\\WEB\\Mvek\\vendor\\laravel\\framework\\src\\Illuminate\\Pipeline\\Pipeline.php(183): Illuminate\\Http\\Middleware\\HandleCors->handle()
#51 E:\\Suorce\\VS_CODE\\WEB\\Mvek\\vendor\\laravel\\framework\\src\\Illuminate\\Http\\Middleware\\TrustProxies.php(39): Illuminate\\Pipeline\\Pipeline->Illuminate\\Pipeline\\{closure}()
#52 E:\\Suorce\\VS_CODE\\WEB\\Mvek\\vendor\\laravel\\framework\\src\\Illuminate\\Pipeline\\Pipeline.php(183): Illuminate\\Http\\Middleware\\TrustProxies->handle()
#53 E:\\Suorce\\VS_CODE\\WEB\\Mvek\\vendor\\laravel\\framework\\src\\Illuminate\\Pipeline\\Pipeline.php(119): Illuminate\\Pipeline\\Pipeline->Illuminate\\Pipeline\\{closure}()
#54 E:\\Suorce\\VS_CODE\\WEB\\Mvek\\vendor\\laravel\\framework\\src\\Illuminate\\Foundation\\Http\\Kernel.php(175): Illuminate\\Pipeline\\Pipeline->then()
#55 E:\\Suorce\\VS_CODE\\WEB\\Mvek\\vendor\\laravel\\framework\\src\\Illuminate\\Foundation\\Http\\Kernel.php(144): Illuminate\\Foundation\\Http\\Kernel->sendRequestThroughRouter()
#56 E:\\Suorce\\VS_CODE\\WEB\\Mvek\\public\\index.php(52): Illuminate\\Foundation\\Http\\Kernel->handle()
#57 E:\\Suorce\\VS_CODE\\WEB\\Mvek\\vendor\\laravel\\framework\\src\\Illuminate\\Foundation\\resources\\server.php(16): require_once('E:\\\\Suorce\\\\VS_CO...')
#58 {main}
"} 
[2026-02-05 05:11:17] local.ERROR: Route [admin.product.delete] not defined. {"view":{"view":"E:\\Suorce\\VS_CODE\\WEB\\Mvek\\resources\\views\\admin\\dashboard.blade.php","data":[]},"userId":1,"exception":"[object] (Spatie\\LaravelIgnition\\Exceptions\\ViewException(code: 0): Route [admin.product.delete] not defined. at E:\\Suorce\\VS_CODE\\WEB\\Mvek\\vendor\\laravel\\framework\\src\\Illuminate\\Routing\\UrlGenerator.php:477)
[stacktrace]
#0 E:\\Suorce\\VS_CODE\\WEB\\Mvek\\vendor\\laravel\\framework\\src\\Illuminate\\Foundation\\helpers.php(811): Illuminate\\Routing\\UrlGenerator->route()
#1 E:\\Suorce\\VS_CODE\\WEB\\Mvek\\resources\\views\\admin\\dashboard.blade.php(100): route()
#2 E:\\Suorce\\VS_CODE\\WEB\\Mvek\\vendor\\laravel\\framework\\src\\Illuminate\\Filesystem\\Filesystem.php(123): require('E:\\\\Suorce\\\\VS_CO...')
#3 E:\\Suorce\\VS_CODE\\WEB\\Mvek\\vendor\\laravel\\framework\\src\\Illuminate\\Filesystem\\Filesystem.php(124): Illuminate\\Filesystem\\Filesystem::Illuminate\\Filesystem\\{closure}()
#4 E:\\Suorce\\VS_CODE\\WEB\\Mvek\\vendor\\laravel\\framework\\src\\Illuminate\\View\\Engines\\PhpEngine.php(58): Illuminate\\Filesystem\\Filesystem->getRequire()
#5 E:\\Suorce\\VS_CODE\\WEB\\Mvek\\vendor\\laravel\\framework\\src\\Illuminate\\View\\Engines\\CompilerEngine.php(72): Illuminate\\View\\Engines\\PhpEngine->evaluatePath()
#6 E:\\Suorce\\VS_CODE\\WEB\\Mvek\\vendor\\laravel\\framework\\src\\Illuminate\\View\\View.php(207): Illuminate\\View\\Engines\\CompilerEngine->get()
#7 E:\\Suorce\\VS_CODE\\WEB\\Mvek\\vendor\\laravel\\framework\\src\\Illuminate\\View\\View.php(190): Illuminate\\View\\View->getContents()
#8 E:\\Suorce\\VS_CODE\\WEB\\Mvek\\vendor\\laravel\\framework\\src\\Illuminate\\View\\View.php(159): Illuminate\\View\\View->renderContents()
#9 E:\\Suorce\\VS_CODE\\WEB\\Mvek\\vendor\\laravel\\framework\\src\\Illuminate\\Http\\Response.php(69): Illuminate\\View\\View->render()
#10 E:\\Suorce\\VS_CODE\\WEB\\Mvek\\vendor\\laravel\\framework\\src\\Illuminate\\Http\\Response.php(35): Illuminate\\Http\\Response->setContent()
#11 E:\\Suorce\\VS_CODE\\WEB\\Mvek\\vendor\\laravel\\framework\\src\\Illuminate\\Routing\\Router.php(918): Illuminate\\Http\\Response->__construct()
#12 E:\\Suorce\\VS_CODE\\WEB\\Mvek\\vendor\\laravel\\framework\\src\\Illuminate\\Routing\\Router.php(885): Illuminate\\Routing\\Router::toResponse()
#13 E:\\Suorce\\VS_CODE\\WEB\\Mvek\\vendor\\laravel\\framework\\src\\Illuminate\\Routing\\Router.php(806): Illuminate\\Routing\\Router->prepareResponse()
#14 E:\\Suorce\\VS_CODE\\WEB\\Mvek\\vendor\\laravel\\framework\\src\\Illuminate\\Pipeline\\Pipeline.php(144): Illuminate\\Routing\\Router->Illuminate\\Routing\\{closure}()
#15 E:\\Suorce\\VS_CODE\\WEB\\Mvek\\app\\Http\\Middleware\\Admin.php(21): Illuminate\\Pipeline\\Pipeline->Illuminate\\Pipeline\\{closure}()
#16 E:\\Suorce\\VS_CODE\\WEB\\Mvek\\vendor\\laravel\\framework\\src\\Illuminate\\Pipeline\\Pipeline.php(183): App\\Http\\Middleware\\Admin->handle()
#17 E:\\Suorce\\VS_CODE\\WEB\\Mvek\\vendor\\laravel\\framework\\src\\Illuminate\\Routing\\Middleware\\SubstituteBindings.php(50): Illuminate\\Pipeline\\Pipeline->Illuminate\\Pipeline\\{closure}()
#18 E:\\Suorce\\VS_CODE\\WEB\\Mvek\\vendor\\laravel\\framework\\src\\Illuminate\\Pipeline\\Pipeline.php(183): Illuminate\\Routing\\Middleware\\SubstituteBindings->handle()
#19 E:\\Suorce\\VS_CODE\\WEB\\Mvek\\vendor\\laravel\\framework\\src\\Illuminate\\Auth\\Middleware\\Authenticate.php(57): Illuminate\\Pipeline\\Pipeline->Illuminate\\Pipeline\\{closure}()
#20 E:\\Suorce\\VS_CODE\\WEB\\Mvek\\vendor\\laravel\\framework\\src\\Illuminate\\Pipeline\\Pipeline.php(183): Illuminate\\Auth\\Middleware\\Authenticate->handle()
#21 E:\\Suorce\\VS_CODE\\WEB\\Mvek\\vendor\\laravel\\framework\\src\\Illuminate\\Foundation\\Http\\Middleware\\VerifyCsrfToken.php(78): Illuminate\\Pipeline\\Pipeline->Illuminate\\Pipeline\\{closure}()
#22 E:\\Suorce\\VS_CODE\\WEB\\Mvek\\vendor\\laravel\\framework\\src\\Illuminate\\Pipeline\\Pipeline.php(183): Illuminate\\Foundation\\Http\\Middleware\\VerifyCsrfToken->handle()
#23 E:\\Suorce\\VS_CODE\\WEB\\Mvek\\vendor\\laravel\\framework\\src\\Illuminate\\View\\Middleware\\ShareErrorsFromSession.php(49): Illuminate\\Pipeline\\Pipeline->Illuminate\\Pipeline\\{closure}()
#24 E:\\Suorce\\VS_CODE\\WEB\\Mvek\\vendor\\laravel\\framework\\src\\Illuminate\\Pipeline\\Pipeline.php(183): Illuminate\\View\\Middleware\\ShareErrorsFromSession->handle()
#25 E:\\Suorce\\VS_CODE\\WEB\\Mvek\\vendor\\laravel\\framework\\src\\Illuminate\\Session\\Middleware\\StartSession.php(121): Illuminate\\Pipeline\\Pipeline->Illuminate\\Pipeline\\{closure}()
#26 E:\\Suorce\\VS_CODE\\WEB\\Mvek\\vendor\\laravel\\framework\\src\\Illuminate\\Session\\Middleware\\StartSession.php(64): Illuminate\\Session\\Middleware\\StartSession->handleStatefulRequest()
#27 E:\\Suorce\\VS_CODE\\WEB\\Mvek\\vendor\\laravel\\framework\\src\\Illuminate\\Pipeline\\Pipeline.php(183): Illuminate\\Session\\Middleware\\StartSession->handle()
#28 E:\\Suorce\\VS_CODE\\WEB\\Mvek\\vendor\\laravel\\framework\\src\\Illuminate\\Cookie\\Middleware\\AddQueuedCookiesToResponse.php(37): Illuminate\\Pipeline\\Pipeline->Illuminate\\Pipeline\\{closure}()
#29 E:\\Suorce\\VS_CODE\\WEB\\Mvek\\vendor\\laravel\\framework\\src\\Illuminate\\Pipeline\\Pipeline.php(183): Illuminate\\Cookie\\Middleware\\AddQueuedCookiesToResponse->handle()
#30 E:\\Suorce\\VS_CODE\\WEB\\Mvek\\vendor\\laravel\\framework\\src\\Illuminate\\Cookie\\Middleware\\EncryptCookies.php(67): Illuminate\\Pipeline\\Pipeline->Illuminate\\Pipeline\\{closure}()
#31 E:\\Suorce\\VS_CODE\\WEB\\Mvek\\vendor\\laravel\\framework\\src\\Illuminate\\Pipeline\\Pipeline.php(183): Illuminate\\Cookie\\Middleware\\EncryptCookies->handle()
#32 E:\\Suorce\\VS_CODE\\WEB\\Mvek\\vendor\\laravel\\framework\\src\\Illuminate\\Pipeline\\Pipeline.php(119): Illuminate\\Pipeline\\Pipeline->Illuminate\\Pipeline\\{closure}()
#33 E:\\Suorce\\VS_CODE\\WEB\\Mvek\\vendor\\laravel\\framework\\src\\Illuminate\\Routing\\Router.php(807): Illuminate\\Pipeline\\Pipeline->then()
#34 E:\\Suorce\\VS_CODE\\WEB\\Mvek\\vendor\\laravel\\framework\\src\\Illuminate\\Routing\\Router.php(784): Illuminate\\Routing\\Router->runRouteWithinStack()
#35 E:\\Suorce\\VS_CODE\\WEB\\Mvek\\vendor\\laravel\\framework\\src\\Illuminate\\Routing\\Router.php(748): Illuminate\\Routing\\Router->runRoute()
#36 E:\\Suorce\\VS_CODE\\WEB\\Mvek\\vendor\\laravel\\framework\\src\\Illuminate\\Routing\\Router.php(737): Illuminate\\Routing\\Router->dispatchToRoute()
#37 E:\\Suorce\\VS_CODE\\WEB\\Mvek\\vendor\\laravel\\framework\\src\\Illuminate\\Foundation\\Http\\Kernel.php(200): Illuminate\\Routing\\Router->dispatch()
#38 E:\\Suorce\\VS_CODE\\WEB\\Mvek\\vendor\\laravel\\framework\\src\\Illuminate\\Pipeline\\Pipeline.php(144): Illuminate\\Foundation\\Http\\Kernel->Illuminate\\Foundation\\Http\\{closure}()
#39 E:\\Suorce\\VS_CODE\\WEB\\Mvek\\vendor\\laravel\\framework\\src\\Illuminate\\Foundation\\Http\\Middleware\\TransformsRequest.php(21): Illuminate\\Pipeline\\Pipeline->Illuminate\\Pipeline\\{closure}()
#40 E:\\Suorce\\VS_CODE\\WEB\\Mvek\\vendor\\laravel\\framework\\src\\Illuminate\\Foundation\\Http\\Middleware\\ConvertEmptyStringsToNull.php(31): Illuminate\\Foundation\\Http\\Middleware\\TransformsRequest->handle()
#41 E:\\Suorce\\VS_CODE\\WEB\\Mvek\\vendor\\laravel\\framework\\src\\Illuminate\\Pipeline\\Pipeline.php(183): Illuminate\\Foundation\\Http\\Middleware\\ConvertEmptyStringsToNull->handle()
#42 E:\\Suorce\\VS_CODE\\WEB\\Mvek\\vendor\\laravel\\framework\\src\\Illuminate\\Foundation\\Http\\Middleware\\TransformsRequest.php(21): Illuminate\\Pipeline\\Pipeline->Illuminate\\Pipeline\\{closure}()
#43 E:\\Suorce\\VS_CODE\\WEB\\Mvek\\vendor\\laravel\\framework\\src\\Illuminate\\Foundation\\Http\\Middleware\\TrimStrings.php(40): Illuminate\\Foundation\\Http\\Middleware\\TransformsRequest->handle()
#44 E:\\Suorce\\VS_CODE\\WEB\\Mvek\\vendor\\laravel\\framework\\src\\Illuminate\\Pipeline\\Pipeline.php(183): Illuminate\\Foundation\\Http\\Middleware\\TrimStrings->handle()
#45 E:\\Suorce\\VS_CODE\\WEB\\Mvek\\vendor\\laravel\\framework\\src\\Illuminate\\Foundation\\Http\\Middleware\\ValidatePostSize.php(27): Illuminate\\Pipeline\\Pipeline->Illuminate\\Pipeline\\{closure}()
#46 E:\\Suorce\\VS_CODE\\WEB\\Mvek\\vendor\\laravel\\framework\\src\\Illuminate\\Pipeline\\Pipeline.php(183): Illuminate\\Foundation\\Http\\Middleware\\ValidatePostSize->handle()
#47 E:\\Suorce\\VS_CODE\\WEB\\Mvek\\vendor\\laravel\\framework\\src\\Illuminate\\Foundation\\Http\\Middleware\\PreventRequestsDuringMaintenance.php(99): Illuminate\\Pipeline\\Pipeline->Illuminate\\Pipeline\\{closure}()
#48 E:\\Suorce\\VS_CODE\\WEB\\Mvek\\vendor\\laravel\\framework\\src\\Illuminate\\Pipeline\\Pipeline.php(183): Illuminate\\Foundation\\Http\\Middleware\\PreventRequestsDuringMaintenance->handle()
#49 E:\\Suorce\\VS_CODE\\WEB\\Mvek\\vendor\\laravel\\framework\\src\\Illuminate\\Http\\Middleware\\HandleCors.php(49): Illuminate\\Pipeline\\Pipeline->Illuminate\\Pipeline\\{closure}()
#50 E:\\Suorce\\VS_CODE\\WEB\\Mvek\\vendor\\laravel\\framework\\src\\Illuminate\\Pipeline\\Pipeline.php(183): Illuminate\\Http\\Middleware\\HandleCors->handle()
#51 E:\\Suorce\\VS_CODE\\WEB\\Mvek\\vendor\\laravel\\framework\\src\\Illuminate\\Http\\Middleware\\TrustProxies.php(39): Illuminate\\Pipeline\\Pipeline->Illuminate\\Pipeline\\{closure}()
#52 E:\\Suorce\\VS_CODE\\WEB\\Mvek\\vendor\\laravel\\framework\\src\\Illuminate\\Pipeline\\Pipeline.php(183): Illuminate\\Http\\Middleware\\TrustProxies->handle()
#53 E:\\Suorce\\VS_CODE\\WEB\\Mvek\\vendor\\laravel\\framework\\src\\Illuminate\\Pipeline\\Pipeline.php(119): Illuminate\\Pipeline\\Pipeline->Illuminate\\Pipeline\\{closure}()
#54 E:\\Suorce\\VS_CODE\\WEB\\Mvek\\vendor\\laravel\\framework\\src\\Illuminate\\Foundation\\Http\\Kernel.php(175): Illuminate\\Pipeline\\Pipeline->then()
#55 E:\\Suorce\\VS_CODE\\WEB\\Mvek\\vendor\\laravel\\framework\\src\\Illuminate\\Foundation\\Http\\Kernel.php(144): Illuminate\\Foundation\\Http\\Kernel->sendRequestThroughRouter()
#56 E:\\Suorce\\VS_CODE\\WEB\\Mvek\\public\\index.php(52): Illuminate\\Foundation\\Http\\Kernel->handle()
#57 E:\\Suorce\\VS_CODE\\WEB\\Mvek\\vendor\\laravel\\framework\\src\\Illuminate\\Foundation\\resources\\server.php(16): require_once('E:\\\\Suorce\\\\VS_CO...')
#58 {main}

[previous exception] [object] (Symfony\\Component\\Routing\\Exception\\RouteNotFoundException(code: 0): Route [admin.product.delete] not defined. at E:\\Suorce\\VS_CODE\\WEB\\Mvek\\vendor\\laravel\\framework\\src\\Illuminate\\Routing\\UrlGenerator.php:477)
[stacktrace]
#0 E:\\Suorce\\VS_CODE\\WEB\\Mvek\\vendor\\laravel\\framework\\src\\Illuminate\\Foundation\\helpers.php(811): Illuminate\\Routing\\UrlGenerator->route()
#1 E:\\Suorce\\VS_CODE\\WEB\\Mvek\\storage\\framework\\views\\fd3e0f8e027e37d4e7f154ddaf046d72.php(99): route()
#2 E:\\Suorce\\VS_CODE\\WEB\\Mvek\\vendor\\laravel\\framework\\src\\Illuminate\\Filesystem\\Filesystem.php(123): require('E:\\\\Suorce\\\\VS_CO...')
#3 E:\\Suorce\\VS_CODE\\WEB\\Mvek\\vendor\\laravel\\framework\\src\\Illuminate\\Filesystem\\Filesystem.php(124): Illuminate\\Filesystem\\Filesystem::Illuminate\\Filesystem\\{closure}()
#4 E:\\Suorce\\VS_CODE\\WEB\\Mvek\\vendor\\laravel\\framework\\src\\Illuminate\\View\\Engines\\PhpEngine.php(58): Illuminate\\Filesystem\\Filesystem->getRequire()
#5 E:\\Suorce\\VS_CODE\\WEB\\Mvek\\vendor\\laravel\\framework\\src\\Illuminate\\View\\Engines\\CompilerEngine.php(72): Illuminate\\View\\Engines\\PhpEngine->evaluatePath()
#6 E:\\Suorce\\VS_CODE\\WEB\\Mvek\\vendor\\laravel\\framework\\src\\Illuminate\\View\\View.php(207): Illuminate\\View\\Engines\\CompilerEngine->get()
#7 E:\\Suorce\\VS_CODE\\WEB\\Mvek\\vendor\\laravel\\framework\\src\\Illuminate\\View\\View.php(190): Illuminate\\View\\View->getContents()
#8 E:\\Suorce\\VS_CODE\\WEB\\Mvek\\vendor\\laravel\\framework\\src\\Illuminate\\View\\View.php(159): Illuminate\\View\\View->renderContents()
#9 E:\\Suorce\\VS_CODE\\WEB\\Mvek\\vendor\\laravel\\framework\\src\\Illuminate\\Http\\Response.php(69): Illuminate\\View\\View->render()
#10 E:\\Suorce\\VS_CODE\\WEB\\Mvek\\vendor\\laravel\\framework\\src\\Illuminate\\Http\\Response.php(35): Illuminate\\Http\\Response->setContent()
#11 E:\\Suorce\\VS_CODE\\WEB\\Mvek\\vendor\\laravel\\framework\\src\\Illuminate\\Routing\\Router.php(918): Illuminate\\Http\\Response->__construct()
#12 E:\\Suorce\\VS_CODE\\WEB\\Mvek\\vendor\\laravel\\framework\\src\\Illuminate\\Routing\\Router.php(885): Illuminate\\Routing\\Router::toResponse()
#13 E:\\Suorce\\VS_CODE\\WEB\\Mvek\\vendor\\laravel\\framework\\src\\Illuminate\\Routing\\Router.php(806): Illuminate\\Routing\\Router->prepareResponse()
#14 E:\\Suorce\\VS_CODE\\WEB\\Mvek\\vendor\\laravel\\framework\\src\\Illuminate\\Pipeline\\Pipeline.php(144): Illuminate\\Routing\\Router->Illuminate\\Routing\\{closure}()
#15 E:\\Suorce\\VS_CODE\\WEB\\Mvek\\app\\Http\\Middleware\\Admin.php(21): Illuminate\\Pipeline\\Pipeline->Illuminate\\Pipeline\\{closure}()
#16 E:\\Suorce\\VS_CODE\\WEB\\Mvek\\vendor\\laravel\\framework\\src\\Illuminate\\Pipeline\\Pipeline.php(183): App\\Http\\Middleware\\Admin->handle()
#17 E:\\Suorce\\VS_CODE\\WEB\\Mvek\\vendor\\laravel\\framework\\src\\Illuminate\\Routing\\Middleware\\SubstituteBindings.php(50): Illuminate\\Pipeline\\Pipeline->Illuminate\\Pipeline\\{closure}()
#18 E:\\Suorce\\VS_CODE\\WEB\\Mvek\\vendor\\laravel\\framework\\src\\Illuminate\\Pipeline\\Pipeline.php(183): Illuminate\\Routing\\Middleware\\SubstituteBindings->handle()
#19 E:\\Suorce\\VS_CODE\\WEB\\Mvek\\vendor\\laravel\\framework\\src\\Illuminate\\Auth\\Middleware\\Authenticate.php(57): Illuminate\\Pipeline\\Pipeline->Illuminate\\Pipeline\\{closure}()
#20 E:\\Suorce\\VS_CODE\\WEB\\Mvek\\vendor\\laravel\\framework\\src\\Illuminate\\Pipeline\\Pipeline.php(183): Illuminate\\Auth\\Middleware\\Authenticate->handle()
#21 E:\\Suorce\\VS_CODE\\WEB\\Mvek\\vendor\\laravel\\framework\\src\\Illuminate\\Foundation\\Http\\Middleware\\VerifyCsrfToken.php(78): Illuminate\\Pipeline\\Pipeline->Illuminate\\Pipeline\\{closure}()
#22 E:\\Suorce\\VS_CODE\\WEB\\Mvek\\vendor\\laravel\\framework\\src\\Illuminate\\Pipeline\\Pipeline.php(183): Illuminate\\Foundation\\Http\\Middleware\\VerifyCsrfToken->handle()
#23 E:\\Suorce\\VS_CODE\\WEB\\Mvek\\vendor\\laravel\\framework\\src\\Illuminate\\View\\Middleware\\ShareErrorsFromSession.php(49): Illuminate\\Pipeline\\Pipeline->Illuminate\\Pipeline\\{closure}()
#24 E:\\Suorce\\VS_CODE\\WEB\\Mvek\\vendor\\laravel\\framework\\src\\Illuminate\\Pipeline\\Pipeline.php(183): Illuminate\\View\\Middleware\\ShareErrorsFromSession->handle()
#25 E:\\Suorce\\VS_CODE\\WEB\\Mvek\\vendor\\laravel\\framework\\src\\Illuminate\\Session\\Middleware\\StartSession.php(121): Illuminate\\Pipeline\\Pipeline->Illuminate\\Pipeline\\{closure}()
#26 E:\\Suorce\\VS_CODE\\WEB\\Mvek\\vendor\\laravel\\framework\\src\\Illuminate\\Session\\Middleware\\StartSession.php(64): Illuminate\\Session\\Middleware\\StartSession->handleStatefulRequest()
#27 E:\\Suorce\\VS_CODE\\WEB\\Mvek\\vendor\\laravel\\framework\\src\\Illuminate\\Pipeline\\Pipeline.php(183): Illuminate\\Session\\Middleware\\StartSession->handle()
#28 E:\\Suorce\\VS_CODE\\WEB\\Mvek\\vendor\\laravel\\framework\\src\\Illuminate\\Cookie\\Middleware\\AddQueuedCookiesToResponse.php(37): Illuminate\\Pipeline\\Pipeline->Illuminate\\Pipeline\\{closure}()
#29 E:\\Suorce\\VS_CODE\\WEB\\Mvek\\vendor\\laravel\\framework\\src\\Illuminate\\Pipeline\\Pipeline.php(183): Illuminate\\Cookie\\Middleware\\AddQueuedCookiesToResponse->handle()
#30 E:\\Suorce\\VS_CODE\\WEB\\Mvek\\vendor\\laravel\\framework\\src\\Illuminate\\Cookie\\Middleware\\EncryptCookies.php(67): Illuminate\\Pipeline\\Pipeline->Illuminate\\Pipeline\\{closure}()
#31 E:\\Suorce\\VS_CODE\\WEB\\Mvek\\vendor\\laravel\\framework\\src\\Illuminate\\Pipeline\\Pipeline.php(183): Illuminate\\Cookie\\Middleware\\EncryptCookies->handle()
#32 E:\\Suorce\\VS_CODE\\WEB\\Mvek\\vendor\\laravel\\framework\\src\\Illuminate\\Pipeline\\Pipeline.php(119): Illuminate\\Pipeline\\Pipeline->Illuminate\\Pipeline\\{closure}()
#33 E:\\Suorce\\VS_CODE\\WEB\\Mvek\\vendor\\laravel\\framework\\src\\Illuminate\\Routing\\Router.php(807): Illuminate\\Pipeline\\Pipeline->then()
#34 E:\\Suorce\\VS_CODE\\WEB\\Mvek\\vendor\\laravel\\framework\\src\\Illuminate\\Routing\\Router.php(784): Illuminate\\Routing\\Router->runRouteWithinStack()
#35 E:\\Suorce\\VS_CODE\\WEB\\Mvek\\vendor\\laravel\\framework\\src\\Illuminate\\Routing\\Router.php(748): Illuminate\\Routing\\Router->runRoute()
#36 E:\\Suorce\\VS_CODE\\WEB\\Mvek\\vendor\\laravel\\framework\\src\\Illuminate\\Routing\\Router.php(737): Illuminate\\Routing\\Router->dispatchToRoute()
#37 E:\\Suorce\\VS_CODE\\WEB\\Mvek\\vendor\\laravel\\framework\\src\\Illuminate\\Foundation\\Http\\Kernel.php(200): Illuminate\\Routing\\Router->dispatch()
#38 E:\\Suorce\\VS_CODE\\WEB\\Mvek\\vendor\\laravel\\framework\\src\\Illuminate\\Pipeline\\Pipeline.php(144): Illuminate\\Foundation\\Http\\Kernel->Illuminate\\Foundation\\Http\\{closure}()
#39 E:\\Suorce\\VS_CODE\\WEB\\Mvek\\vendor\\laravel\\framework\\src\\Illuminate\\Foundation\\Http\\Middleware\\TransformsRequest.php(21): Illuminate\\Pipeline\\Pipeline->Illuminate\\Pipeline\\{closure}()
#40 E:\\Suorce\\VS_CODE\\WEB\\Mvek\\vendor\\laravel\\framework\\src\\Illuminate\\Foundation\\Http\\Middleware\\ConvertEmptyStringsToNull.php(31): Illuminate\\Foundation\\Http\\Middleware\\TransformsRequest->handle()
#41 E:\\Suorce\\VS_CODE\\WEB\\Mvek\\vendor\\laravel\\framework\\src\\Illuminate\\Pipeline\\Pipeline.php(183): Illuminate\\Foundation\\Http\\Middleware\\ConvertEmptyStringsToNull->handle()
#42 E:\\Suorce\\VS_CODE\\WEB\\Mvek\\vendor\\laravel\\framework\\src\\Illuminate\\Foundation\\Http\\Middleware\\TransformsRequest.php(21): Illuminate\\Pipeline\\Pipeline->Illuminate\\Pipeline\\{closure}()
#43 E:\\Suorce\\VS_CODE\\WEB\\Mvek\\vendor\\laravel\\framework\\src\\Illuminate\\Foundation\\Http\\Middleware\\TrimStrings.php(40): Illuminate\\Foundation\\Http\\Middleware\\TransformsRequest->handle()
#44 E:\\Suorce\\VS_CODE\\WEB\\Mvek\\vendor\\laravel\\framework\\src\\Illuminate\\Pipeline\\Pipeline.php(183): Illuminate\\Foundation\\Http\\Middleware\\TrimStrings->handle()
#45 E:\\Suorce\\VS_CODE\\WEB\\Mvek\\vendor\\laravel\\framework\\src\\Illuminate\\Foundation\\Http\\Middleware\\ValidatePostSize.php(27): Illuminate\\Pipeline\\Pipeline->Illuminate\\Pipeline\\{closure}()
#46 E:\\Suorce\\VS_CODE\\WEB\\Mvek\\vendor\\laravel\\framework\\src\\Illuminate\\Pipeline\\Pipeline.php(183): Illuminate\\Foundation\\Http\\Middleware\\ValidatePostSize->handle()
#47 E:\\Suorce\\VS_CODE\\WEB\\Mvek\\vendor\\laravel\\framework\\src\\Illuminate\\Foundation\\Http\\Middleware\\PreventRequestsDuringMaintenance.php(99): Illuminate\\Pipeline\\Pipeline->Illuminate\\Pipeline\\{closure}()
#48 E:\\Suorce\\VS_CODE\\WEB\\Mvek\\vendor\\laravel\\framework\\src\\Illuminate\\Pipeline\\Pipeline.php(183): Illuminate\\Foundation\\Http\\Middleware\\PreventRequestsDuringMaintenance->handle()
#49 E:\\Suorce\\VS_CODE\\WEB\\Mvek\\vendor\\laravel\\framework\\src\\Illuminate\\Http\\Middleware\\HandleCors.php(49): Illuminate\\Pipeline\\Pipeline->Illuminate\\Pipeline\\{closure}()
#50 E:\\Suorce\\VS_CODE\\WEB\\Mvek\\vendor\\laravel\\framework\\src\\Illuminate\\Pipeline\\Pipeline.php(183): Illuminate\\Http\\Middleware\\HandleCors->handle()
#51 E:\\Suorce\\VS_CODE\\WEB\\Mvek\\vendor\\laravel\\framework\\src\\Illuminate\\Http\\Middleware\\TrustProxies.php(39): Illuminate\\Pipeline\\Pipeline->Illuminate\\Pipeline\\{closure}()
#52 E:\\Suorce\\VS_CODE\\WEB\\Mvek\\vendor\\laravel\\framework\\src\\Illuminate\\Pipeline\\Pipeline.php(183): Illuminate\\Http\\Middleware\\TrustProxies->handle()
#53 E:\\Suorce\\VS_CODE\\WEB\\Mvek\\vendor\\laravel\\framework\\src\\Illuminate\\Pipeline\\Pipeline.php(119): Illuminate\\Pipeline\\Pipeline->Illuminate\\Pipeline\\{closure}()
#54 E:\\Suorce\\VS_CODE\\WEB\\Mvek\\vendor\\laravel\\framework\\src\\Illuminate\\Foundation\\Http\\Kernel.php(175): Illuminate\\Pipeline\\Pipeline->then()
#55 E:\\Suorce\\VS_CODE\\WEB\\Mvek\\vendor\\laravel\\framework\\src\\Illuminate\\Foundation\\Http\\Kernel.php(144): Illuminate\\Foundation\\Http\\Kernel->sendRequestThroughRouter()
#56 E:\\Suorce\\VS_CODE\\WEB\\Mvek\\public\\index.php(52): Illuminate\\Foundation\\Http\\Kernel->handle()
#57 E:\\Suorce\\VS_CODE\\WEB\\Mvek\\vendor\\laravel\\framework\\src\\Illuminate\\Foundation\\resources\\server.php(16): require_once('E:\\\\Suorce\\\\VS_CO...')
#58 {main}
"} 
[2026-02-05 05:16:22] local.ERROR: Route [admin.product.delete] not defined. {"view":{"view":"E:\\Suorce\\VS_CODE\\WEB\\Mvek\\resources\\views\\admin\\dashboard.blade.php","data":[]},"userId":1,"exception":"[object] (Spatie\\LaravelIgnition\\Exceptions\\ViewException(code: 0): Route [admin.product.delete] not defined. at E:\\Suorce\\VS_CODE\\WEB\\Mvek\\vendor\\laravel\\framework\\src\\Illuminate\\Routing\\UrlGenerator.php:477)
[stacktrace]
#0 E:\\Suorce\\VS_CODE\\WEB\\Mvek\\vendor\\laravel\\framework\\src\\Illuminate\\Foundation\\helpers.php(811): Illuminate\\Routing\\UrlGenerator->route()
#1 E:\\Suorce\\VS_CODE\\WEB\\Mvek\\resources\\views\\admin\\dashboard.blade.php(100): route()
#2 E:\\Suorce\\VS_CODE\\WEB\\Mvek\\vendor\\laravel\\framework\\src\\Illuminate\\Filesystem\\Filesystem.php(123): require('E:\\\\Suorce\\\\VS_CO...')
#3 E:\\Suorce\\VS_CODE\\WEB\\Mvek\\vendor\\laravel\\framework\\src\\Illuminate\\Filesystem\\Filesystem.php(124): Illuminate\\Filesystem\\Filesystem::Illuminate\\Filesystem\\{closure}()
#4 E:\\Suorce\\VS_CODE\\WEB\\Mvek\\vendor\\laravel\\framework\\src\\Illuminate\\View\\Engines\\PhpEngine.php(58): Illuminate\\Filesystem\\Filesystem->getRequire()
#5 E:\\Suorce\\VS_CODE\\WEB\\Mvek\\vendor\\laravel\\framework\\src\\Illuminate\\View\\Engines\\CompilerEngine.php(72): Illuminate\\View\\Engines\\PhpEngine->evaluatePath()
#6 E:\\Suorce\\VS_CODE\\WEB\\Mvek\\vendor\\laravel\\framework\\src\\Illuminate\\View\\View.php(207): Illuminate\\View\\Engines\\CompilerEngine->get()
#7 E:\\Suorce\\VS_CODE\\WEB\\Mvek\\vendor\\laravel\\framework\\src\\Illuminate\\View\\View.php(190): Illuminate\\View\\View->getContents()
#8 E:\\Suorce\\VS_CODE\\WEB\\Mvek\\vendor\\laravel\\framework\\src\\Illuminate\\View\\View.php(159): Illuminate\\View\\View->renderContents()
#9 E:\\Suorce\\VS_CODE\\WEB\\Mvek\\vendor\\laravel\\framework\\src\\Illuminate\\Http\\Response.php(69): Illuminate\\View\\View->render()
#10 E:\\Suorce\\VS_CODE\\WEB\\Mvek\\vendor\\laravel\\framework\\src\\Illuminate\\Http\\Response.php(35): Illuminate\\Http\\Response->setContent()
#11 E:\\Suorce\\VS_CODE\\WEB\\Mvek\\vendor\\laravel\\framework\\src\\Illuminate\\Routing\\Router.php(918): Illuminate\\Http\\Response->__construct()
#12 E:\\Suorce\\VS_CODE\\WEB\\Mvek\\vendor\\laravel\\framework\\src\\Illuminate\\Routing\\Router.php(885): Illuminate\\Routing\\Router::toResponse()
#13 E:\\Suorce\\VS_CODE\\WEB\\Mvek\\vendor\\laravel\\framework\\src\\Illuminate\\Routing\\Router.php(806): Illuminate\\Routing\\Router->prepareResponse()
#14 E:\\Suorce\\VS_CODE\\WEB\\Mvek\\vendor\\laravel\\framework\\src\\Illuminate\\Pipeline\\Pipeline.php(144): Illuminate\\Routing\\Router->Illuminate\\Routing\\{closure}()
#15 E:\\Suorce\\VS_CODE\\WEB\\Mvek\\app\\Http\\Middleware\\Admin.php(21): Illuminate\\Pipeline\\Pipeline->Illuminate\\Pipeline\\{closure}()
#16 E:\\Suorce\\VS_CODE\\WEB\\Mvek\\vendor\\laravel\\framework\\src\\Illuminate\\Pipeline\\Pipeline.php(183): App\\Http\\Middleware\\Admin->handle()
#17 E:\\Suorce\\VS_CODE\\WEB\\Mvek\\vendor\\laravel\\framework\\src\\Illuminate\\Routing\\Middleware\\SubstituteBindings.php(50): Illuminate\\Pipeline\\Pipeline->Illuminate\\Pipeline\\{closure}()
#18 E:\\Suorce\\VS_CODE\\WEB\\Mvek\\vendor\\laravel\\framework\\src\\Illuminate\\Pipeline\\Pipeline.php(183): Illuminate\\Routing\\Middleware\\SubstituteBindings->handle()
#19 E:\\Suorce\\VS_CODE\\WEB\\Mvek\\vendor\\laravel\\framework\\src\\Illuminate\\Auth\\Middleware\\Authenticate.php(57): Illuminate\\Pipeline\\Pipeline->Illuminate\\Pipeline\\{closure}()
#20 E:\\Suorce\\VS_CODE\\WEB\\Mvek\\vendor\\laravel\\framework\\src\\Illuminate\\Pipeline\\Pipeline.php(183): Illuminate\\Auth\\Middleware\\Authenticate->handle()
#21 E:\\Suorce\\VS_CODE\\WEB\\Mvek\\vendor\\laravel\\framework\\src\\Illuminate\\Foundation\\Http\\Middleware\\VerifyCsrfToken.php(78): Illuminate\\Pipeline\\Pipeline->Illuminate\\Pipeline\\{closure}()
#22 E:\\Suorce\\VS_CODE\\WEB\\Mvek\\vendor\\laravel\\framework\\src\\Illuminate\\Pipeline\\Pipeline.php(183): Illuminate\\Foundation\\Http\\Middleware\\VerifyCsrfToken->handle()
#23 E:\\Suorce\\VS_CODE\\WEB\\Mvek\\vendor\\laravel\\framework\\src\\Illuminate\\View\\Middleware\\ShareErrorsFromSession.php(49): Illuminate\\Pipeline\\Pipeline->Illuminate\\Pipeline\\{closure}()
#24 E:\\Suorce\\VS_CODE\\WEB\\Mvek\\vendor\\laravel\\framework\\src\\Illuminate\\Pipeline\\Pipeline.php(183): Illuminate\\View\\Middleware\\ShareErrorsFromSession->handle()
#25 E:\\Suorce\\VS_CODE\\WEB\\Mvek\\vendor\\laravel\\framework\\src\\Illuminate\\Session\\Middleware\\StartSession.php(121): Illuminate\\Pipeline\\Pipeline->Illuminate\\Pipeline\\{closure}()
#26 E:\\Suorce\\VS_CODE\\WEB\\Mvek\\vendor\\laravel\\framework\\src\\Illuminate\\Session\\Middleware\\StartSession.php(64): Illuminate\\Session\\Middleware\\StartSession->handleStatefulRequest()
#27 E:\\Suorce\\VS_CODE\\WEB\\Mvek\\vendor\\laravel\\framework\\src\\Illuminate\\Pipeline\\Pipeline.php(183): Illuminate\\Session\\Middleware\\StartSession->handle()
#28 E:\\Suorce\\VS_CODE\\WEB\\Mvek\\vendor\\laravel\\framework\\src\\Illuminate\\Cookie\\Middleware\\AddQueuedCookiesToResponse.php(37): Illuminate\\Pipeline\\Pipeline->Illuminate\\Pipeline\\{closure}()
#29 E:\\Suorce\\VS_CODE\\WEB\\Mvek\\vendor\\laravel\\framework\\src\\Illuminate\\Pipeline\\Pipeline.php(183): Illuminate\\Cookie\\Middleware\\AddQueuedCookiesToResponse->handle()
#30 E:\\Suorce\\VS_CODE\\WEB\\Mvek\\vendor\\laravel\\framework\\src\\Illuminate\\Cookie\\Middleware\\EncryptCookies.php(67): Illuminate\\Pipeline\\Pipeline->Illuminate\\Pipeline\\{closure}()
#31 E:\\Suorce\\VS_CODE\\WEB\\Mvek\\vendor\\laravel\\framework\\src\\Illuminate\\Pipeline\\Pipeline.php(183): Illuminate\\Cookie\\Middleware\\EncryptCookies->handle()
#32 E:\\Suorce\\VS_CODE\\WEB\\Mvek\\vendor\\laravel\\framework\\src\\Illuminate\\Pipeline\\Pipeline.php(119): Illuminate\\Pipeline\\Pipeline->Illuminate\\Pipeline\\{closure}()
#33 E:\\Suorce\\VS_CODE\\WEB\\Mvek\\vendor\\laravel\\framework\\src\\Illuminate\\Routing\\Router.php(807): Illuminate\\Pipeline\\Pipeline->then()
#34 E:\\Suorce\\VS_CODE\\WEB\\Mvek\\vendor\\laravel\\framework\\src\\Illuminate\\Routing\\Router.php(784): Illuminate\\Routing\\Router->runRouteWithinStack()
#35 E:\\Suorce\\VS_CODE\\WEB\\Mvek\\vendor\\laravel\\framework\\src\\Illuminate\\Routing\\Router.php(748): Illuminate\\Routing\\Router->runRoute()
#36 E:\\Suorce\\VS_CODE\\WEB\\Mvek\\vendor\\laravel\\framework\\src\\Illuminate\\Routing\\Router.php(737): Illuminate\\Routing\\Router->dispatchToRoute()
#37 E:\\Suorce\\VS_CODE\\WEB\\Mvek\\vendor\\laravel\\framework\\src\\Illuminate\\Foundation\\Http\\Kernel.php(200): Illuminate\\Routing\\Router->dispatch()
#38 E:\\Suorce\\VS_CODE\\WEB\\Mvek\\vendor\\laravel\\framework\\src\\Illuminate\\Pipeline\\Pipeline.php(144): Illuminate\\Foundation\\Http\\Kernel->Illuminate\\Foundation\\Http\\{closure}()
#39 E:\\Suorce\\VS_CODE\\WEB\\Mvek\\vendor\\laravel\\framework\\src\\Illuminate\\Foundation\\Http\\Middleware\\TransformsRequest.php(21): Illuminate\\Pipeline\\Pipeline->Illuminate\\Pipeline\\{closure}()
#40 E:\\Suorce\\VS_CODE\\WEB\\Mvek\\vendor\\laravel\\framework\\src\\Illuminate\\Foundation\\Http\\Middleware\\ConvertEmptyStringsToNull.php(31): Illuminate\\Foundation\\Http\\Middleware\\TransformsRequest->handle()
#41 E:\\Suorce\\VS_CODE\\WEB\\Mvek\\vendor\\laravel\\framework\\src\\Illuminate\\Pipeline\\Pipeline.php(183): Illuminate\\Foundation\\Http\\Middleware\\ConvertEmptyStringsToNull->handle()
#42 E:\\Suorce\\VS_CODE\\WEB\\Mvek\\vendor\\laravel\\framework\\src\\Illuminate\\Foundation\\Http\\Middleware\\TransformsRequest.php(21): Illuminate\\Pipeline\\Pipeline->Illuminate\\Pipeline\\{closure}()
#43 E:\\Suorce\\VS_CODE\\WEB\\Mvek\\vendor\\laravel\\framework\\src\\Illuminate\\Foundation\\Http\\Middleware\\TrimStrings.php(40): Illuminate\\Foundation\\Http\\Middleware\\TransformsRequest->handle()
#44 E:\\Suorce\\VS_CODE\\WEB\\Mvek\\vendor\\laravel\\framework\\src\\Illuminate\\Pipeline\\Pipeline.php(183): Illuminate\\Foundation\\Http\\Middleware\\TrimStrings->handle()
#45 E:\\Suorce\\VS_CODE\\WEB\\Mvek\\vendor\\laravel\\framework\\src\\Illuminate\\Foundation\\Http\\Middleware\\ValidatePostSize.php(27): Illuminate\\Pipeline\\Pipeline->Illuminate\\Pipeline\\{closure}()
#46 E:\\Suorce\\VS_CODE\\WEB\\Mvek\\vendor\\laravel\\framework\\src\\Illuminate\\Pipeline\\Pipeline.php(183): Illuminate\\Foundation\\Http\\Middleware\\ValidatePostSize->handle()
#47 E:\\Suorce\\VS_CODE\\WEB\\Mvek\\vendor\\laravel\\framework\\src\\Illuminate\\Foundation\\Http\\Middleware\\PreventRequestsDuringMaintenance.php(99): Illuminate\\Pipeline\\Pipeline->Illuminate\\Pipeline\\{closure}()
#48 E:\\Suorce\\VS_CODE\\WEB\\Mvek\\vendor\\laravel\\framework\\src\\Illuminate\\Pipeline\\Pipeline.php(183): Illuminate\\Foundation\\Http\\Middleware\\PreventRequestsDuringMaintenance->handle()
#49 E:\\Suorce\\VS_CODE\\WEB\\Mvek\\vendor\\laravel\\framework\\src\\Illuminate\\Http\\Middleware\\HandleCors.php(49): Illuminate\\Pipeline\\Pipeline->Illuminate\\Pipeline\\{closure}()
#50 E:\\Suorce\\VS_CODE\\WEB\\Mvek\\vendor\\laravel\\framework\\src\\Illuminate\\Pipeline\\Pipeline.php(183): Illuminate\\Http\\Middleware\\HandleCors->handle()
#51 E:\\Suorce\\VS_CODE\\WEB\\Mvek\\vendor\\laravel\\framework\\src\\Illuminate\\Http\\Middleware\\TrustProxies.php(39): Illuminate\\Pipeline\\Pipeline->Illuminate\\Pipeline\\{closure}()
#52 E:\\Suorce\\VS_CODE\\WEB\\Mvek\\vendor\\laravel\\framework\\src\\Illuminate\\Pipeline\\Pipeline.php(183): Illuminate\\Http\\Middleware\\TrustProxies->handle()
#53 E:\\Suorce\\VS_CODE\\WEB\\Mvek\\vendor\\laravel\\framework\\src\\Illuminate\\Pipeline\\Pipeline.php(119): Illuminate\\Pipeline\\Pipeline->Illuminate\\Pipeline\\{closure}()
#54 E:\\Suorce\\VS_CODE\\WEB\\Mvek\\vendor\\laravel\\framework\\src\\Illuminate\\Foundation\\Http\\Kernel.php(175): Illuminate\\Pipeline\\Pipeline->then()
#55 E:\\Suorce\\VS_CODE\\WEB\\Mvek\\vendor\\laravel\\framework\\src\\Illuminate\\Foundation\\Http\\Kernel.php(144): Illuminate\\Foundation\\Http\\Kernel->sendRequestThroughRouter()
#56 E:\\Suorce\\VS_CODE\\WEB\\Mvek\\public\\index.php(52): Illuminate\\Foundation\\Http\\Kernel->handle()
#57 E:\\Suorce\\VS_CODE\\WEB\\Mvek\\vendor\\laravel\\framework\\src\\Illuminate\\Foundation\\resources\\server.php(16): require_once('E:\\\\Suorce\\\\VS_CO...')
#58 {main}

[previous exception] [object] (Symfony\\Component\\Routing\\Exception\\RouteNotFoundException(code: 0): Route [admin.product.delete] not defined. at E:\\Suorce\\VS_CODE\\WEB\\Mvek\\vendor\\laravel\\framework\\src\\Illuminate\\Routing\\UrlGenerator.php:477)
[stacktrace]
#0 E:\\Suorce\\VS_CODE\\WEB\\Mvek\\vendor\\laravel\\framework\\src\\Illuminate\\Foundation\\helpers.php(811): Illuminate\\Routing\\UrlGenerator->route()
#1 E:\\Suorce\\VS_CODE\\WEB\\Mvek\\storage\\framework\\views\\fd3e0f8e027e37d4e7f154ddaf046d72.php(99): route()
#2 E:\\Suorce\\VS_CODE\\WEB\\Mvek\\vendor\\laravel\\framework\\src\\Illuminate\\Filesystem\\Filesystem.php(123): require('E:\\\\Suorce\\\\VS_CO...')
#3 E:\\Suorce\\VS_CODE\\WEB\\Mvek\\vendor\\laravel\\framework\\src\\Illuminate\\Filesystem\\Filesystem.php(124): Illuminate\\Filesystem\\Filesystem::Illuminate\\Filesystem\\{closure}()
#4 E:\\Suorce\\VS_CODE\\WEB\\Mvek\\vendor\\laravel\\framework\\src\\Illuminate\\View\\Engines\\PhpEngine.php(58): Illuminate\\Filesystem\\Filesystem->getRequire()
#5 E:\\Suorce\\VS_CODE\\WEB\\Mvek\\vendor\\laravel\\framework\\src\\Illuminate\\View\\Engines\\CompilerEngine.php(72): Illuminate\\View\\Engines\\PhpEngine->evaluatePath()
#6 E:\\Suorce\\VS_CODE\\WEB\\Mvek\\vendor\\laravel\\framework\\src\\Illuminate\\View\\View.php(207): Illuminate\\View\\Engines\\CompilerEngine->get()
#7 E:\\Suorce\\VS_CODE\\WEB\\Mvek\\vendor\\laravel\\framework\\src\\Illuminate\\View\\View.php(190): Illuminate\\View\\View->getContents()
#8 E:\\Suorce\\VS_CODE\\WEB\\Mvek\\vendor\\laravel\\framework\\src\\Illuminate\\View\\View.php(159): Illuminate\\View\\View->renderContents()
#9 E:\\Suorce\\VS_CODE\\WEB\\Mvek\\vendor\\laravel\\framework\\src\\Illuminate\\Http\\Response.php(69): Illuminate\\View\\View->render()
#10 E:\\Suorce\\VS_CODE\\WEB\\Mvek\\vendor\\laravel\\framework\\src\\Illuminate\\Http\\Response.php(35): Illuminate\\Http\\Response->setContent()
#11 E:\\Suorce\\VS_CODE\\WEB\\Mvek\\vendor\\laravel\\framework\\src\\Illuminate\\Routing\\Router.php(918): Illuminate\\Http\\Response->__construct()
#12 E:\\Suorce\\VS_CODE\\WEB\\Mvek\\vendor\\laravel\\framework\\src\\Illuminate\\Routing\\Router.php(885): Illuminate\\Routing\\Router::toResponse()
#13 E:\\Suorce\\VS_CODE\\WEB\\Mvek\\vendor\\laravel\\framework\\src\\Illuminate\\Routing\\Router.php(806): Illuminate\\Routing\\Router->prepareResponse()
#14 E:\\Suorce\\VS_CODE\\WEB\\Mvek\\vendor\\laravel\\framework\\src\\Illuminate\\Pipeline\\Pipeline.php(144): Illuminate\\Routing\\Router->Illuminate\\Routing\\{closure}()
#15 E:\\Suorce\\VS_CODE\\WEB\\Mvek\\app\\Http\\Middleware\\Admin.php(21): Illuminate\\Pipeline\\Pipeline->Illuminate\\Pipeline\\{closure}()
#16 E:\\Suorce\\VS_CODE\\WEB\\Mvek\\vendor\\laravel\\framework\\src\\Illuminate\\Pipeline\\Pipeline.php(183): App\\Http\\Middleware\\Admin->handle()
#17 E:\\Suorce\\VS_CODE\\WEB\\Mvek\\vendor\\laravel\\framework\\src\\Illuminate\\Routing\\Middleware\\SubstituteBindings.php(50): Illuminate\\Pipeline\\Pipeline->Illuminate\\Pipeline\\{closure}()
#18 E:\\Suorce\\VS_CODE\\WEB\\Mvek\\vendor\\laravel\\framework\\src\\Illuminate\\Pipeline\\Pipeline.php(183): Illuminate\\Routing\\Middleware\\SubstituteBindings->handle()
#19 E:\\Suorce\\VS_CODE\\WEB\\Mvek\\vendor\\laravel\\framework\\src\\Illuminate\\Auth\\Middleware\\Authenticate.php(57): Illuminate\\Pipeline\\Pipeline->Illuminate\\Pipeline\\{closure}()
#20 E:\\Suorce\\VS_CODE\\WEB\\Mvek\\vendor\\laravel\\framework\\src\\Illuminate\\Pipeline\\Pipeline.php(183): Illuminate\\Auth\\Middleware\\Authenticate->handle()
#21 E:\\Suorce\\VS_CODE\\WEB\\Mvek\\vendor\\laravel\\framework\\src\\Illuminate\\Foundation\\Http\\Middleware\\VerifyCsrfToken.php(78): Illuminate\\Pipeline\\Pipeline->Illuminate\\Pipeline\\{closure}()
#22 E:\\Suorce\\VS_CODE\\WEB\\Mvek\\vendor\\laravel\\framework\\src\\Illuminate\\Pipeline\\Pipeline.php(183): Illuminate\\Foundation\\Http\\Middleware\\VerifyCsrfToken->handle()
#23 E:\\Suorce\\VS_CODE\\WEB\\Mvek\\vendor\\laravel\\framework\\src\\Illuminate\\View\\Middleware\\ShareErrorsFromSession.php(49): Illuminate\\Pipeline\\Pipeline->Illuminate\\Pipeline\\{closure}()
#24 E:\\Suorce\\VS_CODE\\WEB\\Mvek\\vendor\\laravel\\framework\\src\\Illuminate\\Pipeline\\Pipeline.php(183): Illuminate\\View\\Middleware\\ShareErrorsFromSession->handle()
#25 E:\\Suorce\\VS_CODE\\WEB\\Mvek\\vendor\\laravel\\framework\\src\\Illuminate\\Session\\Middleware\\StartSession.php(121): Illuminate\\Pipeline\\Pipeline->Illuminate\\Pipeline\\{closure}()
#26 E:\\Suorce\\VS_CODE\\WEB\\Mvek\\vendor\\laravel\\framework\\src\\Illuminate\\Session\\Middleware\\StartSession.php(64): Illuminate\\Session\\Middleware\\StartSession->handleStatefulRequest()
#27 E:\\Suorce\\VS_CODE\\WEB\\Mvek\\vendor\\laravel\\framework\\src\\Illuminate\\Pipeline\\Pipeline.php(183): Illuminate\\Session\\Middleware\\StartSession->handle()
#28 E:\\Suorce\\VS_CODE\\WEB\\Mvek\\vendor\\laravel\\framework\\src\\Illuminate\\Cookie\\Middleware\\AddQueuedCookiesToResponse.php(37): Illuminate\\Pipeline\\Pipeline->Illuminate\\Pipeline\\{closure}()
#29 E:\\Suorce\\VS_CODE\\WEB\\Mvek\\vendor\\laravel\\framework\\src\\Illuminate\\Pipeline\\Pipeline.php(183): Illuminate\\Cookie\\Middleware\\AddQueuedCookiesToResponse->handle()
#30 E:\\Suorce\\VS_CODE\\WEB\\Mvek\\vendor\\laravel\\framework\\src\\Illuminate\\Cookie\\Middleware\\EncryptCookies.php(67): Illuminate\\Pipeline\\Pipeline->Illuminate\\Pipeline\\{closure}()
#31 E:\\Suorce\\VS_CODE\\WEB\\Mvek\\vendor\\laravel\\framework\\src\\Illuminate\\Pipeline\\Pipeline.php(183): Illuminate\\Cookie\\Middleware\\EncryptCookies->handle()
#32 E:\\Suorce\\VS_CODE\\WEB\\Mvek\\vendor\\laravel\\framework\\src\\Illuminate\\Pipeline\\Pipeline.php(119): Illuminate\\Pipeline\\Pipeline->Illuminate\\Pipeline\\{closure}()
#33 E:\\Suorce\\VS_CODE\\WEB\\Mvek\\vendor\\laravel\\framework\\src\\Illuminate\\Routing\\Router.php(807): Illuminate\\Pipeline\\Pipeline->then()
#34 E:\\Suorce\\VS_CODE\\WEB\\Mvek\\vendor\\laravel\\framework\\src\\Illuminate\\Routing\\Router.php(784): Illuminate\\Routing\\Router->runRouteWithinStack()
#35 E:\\Suorce\\VS_CODE\\WEB\\Mvek\\vendor\\laravel\\framework\\src\\Illuminate\\Routing\\Router.php(748): Illuminate\\Routing\\Router->runRoute()
#36 E:\\Suorce\\VS_CODE\\WEB\\Mvek\\vendor\\laravel\\framework\\src\\Illuminate\\Routing\\Router.php(737): Illuminate\\Routing\\Router->dispatchToRoute()
#37 E:\\Suorce\\VS_CODE\\WEB\\Mvek\\vendor\\laravel\\framework\\src\\Illuminate\\Foundation\\Http\\Kernel.php(200): Illuminate\\Routing\\Router->dispatch()
#38 E:\\Suorce\\VS_CODE\\WEB\\Mvek\\vendor\\laravel\\framework\\src\\Illuminate\\Pipeline\\Pipeline.php(144): Illuminate\\Foundation\\Http\\Kernel->Illuminate\\Foundation\\Http\\{closure}()
#39 E:\\Suorce\\VS_CODE\\WEB\\Mvek\\vendor\\laravel\\framework\\src\\Illuminate\\Foundation\\Http\\Middleware\\TransformsRequest.php(21): Illuminate\\Pipeline\\Pipeline->Illuminate\\Pipeline\\{closure}()
#40 E:\\Suorce\\VS_CODE\\WEB\\Mvek\\vendor\\laravel\\framework\\src\\Illuminate\\Foundation\\Http\\Middleware\\ConvertEmptyStringsToNull.php(31): Illuminate\\Foundation\\Http\\Middleware\\TransformsRequest->handle()
#41 E:\\Suorce\\VS_CODE\\WEB\\Mvek\\vendor\\laravel\\framework\\src\\Illuminate\\Pipeline\\Pipeline.php(183): Illuminate\\Foundation\\Http\\Middleware\\ConvertEmptyStringsToNull->handle()
#42 E:\\Suorce\\VS_CODE\\WEB\\Mvek\\vendor\\laravel\\framework\\src\\Illuminate\\Foundation\\Http\\Middleware\\TransformsRequest.php(21): Illuminate\\Pipeline\\Pipeline->Illuminate\\Pipeline\\{closure}()
#43 E:\\Suorce\\VS_CODE\\WEB\\Mvek\\vendor\\laravel\\framework\\src\\Illuminate\\Foundation\\Http\\Middleware\\TrimStrings.php(40): Illuminate\\Foundation\\Http\\Middleware\\TransformsRequest->handle()
#44 E:\\Suorce\\VS_CODE\\WEB\\Mvek\\vendor\\laravel\\framework\\src\\Illuminate\\Pipeline\\Pipeline.php(183): Illuminate\\Foundation\\Http\\Middleware\\TrimStrings->handle()
#45 E:\\Suorce\\VS_CODE\\WEB\\Mvek\\vendor\\laravel\\framework\\src\\Illuminate\\Foundation\\Http\\Middleware\\ValidatePostSize.php(27): Illuminate\\Pipeline\\Pipeline->Illuminate\\Pipeline\\{closure}()
#46 E:\\Suorce\\VS_CODE\\WEB\\Mvek\\vendor\\laravel\\framework\\src\\Illuminate\\Pipeline\\Pipeline.php(183): Illuminate\\Foundation\\Http\\Middleware\\ValidatePostSize->handle()
#47 E:\\Suorce\\VS_CODE\\WEB\\Mvek\\vendor\\laravel\\framework\\src\\Illuminate\\Foundation\\Http\\Middleware\\PreventRequestsDuringMaintenance.php(99): Illuminate\\Pipeline\\Pipeline->Illuminate\\Pipeline\\{closure}()
#48 E:\\Suorce\\VS_CODE\\WEB\\Mvek\\vendor\\laravel\\framework\\src\\Illuminate\\Pipeline\\Pipeline.php(183): Illuminate\\Foundation\\Http\\Middleware\\PreventRequestsDuringMaintenance->handle()
#49 E:\\Suorce\\VS_CODE\\WEB\\Mvek\\vendor\\laravel\\framework\\src\\Illuminate\\Http\\Middleware\\HandleCors.php(49): Illuminate\\Pipeline\\Pipeline->Illuminate\\Pipeline\\{closure}()
#50 E:\\Suorce\\VS_CODE\\WEB\\Mvek\\vendor\\laravel\\framework\\src\\Illuminate\\Pipeline\\Pipeline.php(183): Illuminate\\Http\\Middleware\\HandleCors->handle()
#51 E:\\Suorce\\VS_CODE\\WEB\\Mvek\\vendor\\laravel\\framework\\src\\Illuminate\\Http\\Middleware\\TrustProxies.php(39): Illuminate\\Pipeline\\Pipeline->Illuminate\\Pipeline\\{closure}()
#52 E:\\Suorce\\VS_CODE\\WEB\\Mvek\\vendor\\laravel\\framework\\src\\Illuminate\\Pipeline\\Pipeline.php(183): Illuminate\\Http\\Middleware\\TrustProxies->handle()
#53 E:\\Suorce\\VS_CODE\\WEB\\Mvek\\vendor\\laravel\\framework\\src\\Illuminate\\Pipeline\\Pipeline.php(119): Illuminate\\Pipeline\\Pipeline->Illuminate\\Pipeline\\{closure}()
#54 E:\\Suorce\\VS_CODE\\WEB\\Mvek\\vendor\\laravel\\framework\\src\\Illuminate\\Foundation\\Http\\Kernel.php(175): Illuminate\\Pipeline\\Pipeline->then()
#55 E:\\Suorce\\VS_CODE\\WEB\\Mvek\\vendor\\laravel\\framework\\src\\Illuminate\\Foundation\\Http\\Kernel.php(144): Illuminate\\Foundation\\Http\\Kernel->sendRequestThroughRouter()
#56 E:\\Suorce\\VS_CODE\\WEB\\Mvek\\public\\index.php(52): Illuminate\\Foundation\\Http\\Kernel->handle()
#57 E:\\Suorce\\VS_CODE\\WEB\\Mvek\\vendor\\laravel\\framework\\src\\Illuminate\\Foundation\\resources\\server.php(16): require_once('E:\\\\Suorce\\\\VS_CO...')
#58 {main}
"} 
[2026-02-05 05:16:34] local.ERROR: Route [admin.product.delete] not defined. {"view":{"view":"E:\\Suorce\\VS_CODE\\WEB\\Mvek\\resources\\views\\admin\\dashboard.blade.php","data":[]},"userId":1,"exception":"[object] (Spatie\\LaravelIgnition\\Exceptions\\ViewException(code: 0): Route [admin.product.delete] not defined. at E:\\Suorce\\VS_CODE\\WEB\\Mvek\\vendor\\laravel\\framework\\src\\Illuminate\\Routing\\UrlGenerator.php:477)
[stacktrace]
#0 E:\\Suorce\\VS_CODE\\WEB\\Mvek\\vendor\\laravel\\framework\\src\\Illuminate\\Foundation\\helpers.php(811): Illuminate\\Routing\\UrlGenerator->route()
#1 E:\\Suorce\\VS_CODE\\WEB\\Mvek\\resources\\views\\admin\\dashboard.blade.php(100): route()
#2 E:\\Suorce\\VS_CODE\\WEB\\Mvek\\vendor\\laravel\\framework\\src\\Illuminate\\Filesystem\\Filesystem.php(123): require('E:\\\\Suorce\\\\VS_CO...')
#3 E:\\Suorce\\VS_CODE\\WEB\\Mvek\\vendor\\laravel\\framework\\src\\Illuminate\\Filesystem\\Filesystem.php(124): Illuminate\\Filesystem\\Filesystem::Illuminate\\Filesystem\\{closure}()
#4 E:\\Suorce\\VS_CODE\\WEB\\Mvek\\vendor\\laravel\\framework\\src\\Illuminate\\View\\Engines\\PhpEngine.php(58): Illuminate\\Filesystem\\Filesystem->getRequire()
#5 E:\\Suorce\\VS_CODE\\WEB\\Mvek\\vendor\\laravel\\framework\\src\\Illuminate\\View\\Engines\\CompilerEngine.php(72): Illuminate\\View\\Engines\\PhpEngine->evaluatePath()
#6 E:\\Suorce\\VS_CODE\\WEB\\Mvek\\vendor\\laravel\\framework\\src\\Illuminate\\View\\View.php(207): Illuminate\\View\\Engines\\CompilerEngine->get()
#7 E:\\Suorce\\VS_CODE\\WEB\\Mvek\\vendor\\laravel\\framework\\src\\Illuminate\\View\\View.php(190): Illuminate\\View\\View->getContents()
#8 E:\\Suorce\\VS_CODE\\WEB\\Mvek\\vendor\\laravel\\framework\\src\\Illuminate\\View\\View.php(159): Illuminate\\View\\View->renderContents()
#9 E:\\Suorce\\VS_CODE\\WEB\\Mvek\\vendor\\laravel\\framework\\src\\Illuminate\\Http\\Response.php(69): Illuminate\\View\\View->render()
#10 E:\\Suorce\\VS_CODE\\WEB\\Mvek\\vendor\\laravel\\framework\\src\\Illuminate\\Http\\Response.php(35): Illuminate\\Http\\Response->setContent()
#11 E:\\Suorce\\VS_CODE\\WEB\\Mvek\\vendor\\laravel\\framework\\src\\Illuminate\\Routing\\Router.php(918): Illuminate\\Http\\Response->__construct()
#12 E:\\Suorce\\VS_CODE\\WEB\\Mvek\\vendor\\laravel\\framework\\src\\Illuminate\\Routing\\Router.php(885): Illuminate\\Routing\\Router::toResponse()
#13 E:\\Suorce\\VS_CODE\\WEB\\Mvek\\vendor\\laravel\\framework\\src\\Illuminate\\Routing\\Router.php(806): Illuminate\\Routing\\Router->prepareResponse()
#14 E:\\Suorce\\VS_CODE\\WEB\\Mvek\\vendor\\laravel\\framework\\src\\Illuminate\\Pipeline\\Pipeline.php(144): Illuminate\\Routing\\Router->Illuminate\\Routing\\{closure}()
#15 E:\\Suorce\\VS_CODE\\WEB\\Mvek\\app\\Http\\Middleware\\Admin.php(21): Illuminate\\Pipeline\\Pipeline->Illuminate\\Pipeline\\{closure}()
#16 E:\\Suorce\\VS_CODE\\WEB\\Mvek\\vendor\\laravel\\framework\\src\\Illuminate\\Pipeline\\Pipeline.php(183): App\\Http\\Middleware\\Admin->handle()
#17 E:\\Suorce\\VS_CODE\\WEB\\Mvek\\vendor\\laravel\\framework\\src\\Illuminate\\Routing\\Middleware\\SubstituteBindings.php(50): Illuminate\\Pipeline\\Pipeline->Illuminate\\Pipeline\\{closure}()
#18 E:\\Suorce\\VS_CODE\\WEB\\Mvek\\vendor\\laravel\\framework\\src\\Illuminate\\Pipeline\\Pipeline.php(183): Illuminate\\Routing\\Middleware\\SubstituteBindings->handle()
#19 E:\\Suorce\\VS_CODE\\WEB\\Mvek\\vendor\\laravel\\framework\\src\\Illuminate\\Auth\\Middleware\\Authenticate.php(57): Illuminate\\Pipeline\\Pipeline->Illuminate\\Pipeline\\{closure}()
#20 E:\\Suorce\\VS_CODE\\WEB\\Mvek\\vendor\\laravel\\framework\\src\\Illuminate\\Pipeline\\Pipeline.php(183): Illuminate\\Auth\\Middleware\\Authenticate->handle()
#21 E:\\Suorce\\VS_CODE\\WEB\\Mvek\\vendor\\laravel\\framework\\src\\Illuminate\\Foundation\\Http\\Middleware\\VerifyCsrfToken.php(78): Illuminate\\Pipeline\\Pipeline->Illuminate\\Pipeline\\{closure}()
#22 E:\\Suorce\\VS_CODE\\WEB\\Mvek\\vendor\\laravel\\framework\\src\\Illuminate\\Pipeline\\Pipeline.php(183): Illuminate\\Foundation\\Http\\Middleware\\VerifyCsrfToken->handle()
#23 E:\\Suorce\\VS_CODE\\WEB\\Mvek\\vendor\\laravel\\framework\\src\\Illuminate\\View\\Middleware\\ShareErrorsFromSession.php(49): Illuminate\\Pipeline\\Pipeline->Illuminate\\Pipeline\\{closure}()
#24 E:\\Suorce\\VS_CODE\\WEB\\Mvek\\vendor\\laravel\\framework\\src\\Illuminate\\Pipeline\\Pipeline.php(183): Illuminate\\View\\Middleware\\ShareErrorsFromSession->handle()
#25 E:\\Suorce\\VS_CODE\\WEB\\Mvek\\vendor\\laravel\\framework\\src\\Illuminate\\Session\\Middleware\\StartSession.php(121): Illuminate\\Pipeline\\Pipeline->Illuminate\\Pipeline\\{closure}()
#26 E:\\Suorce\\VS_CODE\\WEB\\Mvek\\vendor\\laravel\\framework\\src\\Illuminate\\Session\\Middleware\\StartSession.php(64): Illuminate\\Session\\Middleware\\StartSession->handleStatefulRequest()
#27 E:\\Suorce\\VS_CODE\\WEB\\Mvek\\vendor\\laravel\\framework\\src\\Illuminate\\Pipeline\\Pipeline.php(183): Illuminate\\Session\\Middleware\\StartSession->handle()
#28 E:\\Suorce\\VS_CODE\\WEB\\Mvek\\vendor\\laravel\\framework\\src\\Illuminate\\Cookie\\Middleware\\AddQueuedCookiesToResponse.php(37): Illuminate\\Pipeline\\Pipeline->Illuminate\\Pipeline\\{closure}()
#29 E:\\Suorce\\VS_CODE\\WEB\\Mvek\\vendor\\laravel\\framework\\src\\Illuminate\\Pipeline\\Pipeline.php(183): Illuminate\\Cookie\\Middleware\\AddQueuedCookiesToResponse->handle()
#30 E:\\Suorce\\VS_CODE\\WEB\\Mvek\\vendor\\laravel\\framework\\src\\Illuminate\\Cookie\\Middleware\\EncryptCookies.php(67): Illuminate\\Pipeline\\Pipeline->Illuminate\\Pipeline\\{closure}()
#31 E:\\Suorce\\VS_CODE\\WEB\\Mvek\\vendor\\laravel\\framework\\src\\Illuminate\\Pipeline\\Pipeline.php(183): Illuminate\\Cookie\\Middleware\\EncryptCookies->handle()
#32 E:\\Suorce\\VS_CODE\\WEB\\Mvek\\vendor\\laravel\\framework\\src\\Illuminate\\Pipeline\\Pipeline.php(119): Illuminate\\Pipeline\\Pipeline->Illuminate\\Pipeline\\{closure}()
#33 E:\\Suorce\\VS_CODE\\WEB\\Mvek\\vendor\\laravel\\framework\\src\\Illuminate\\Routing\\Router.php(807): Illuminate\\Pipeline\\Pipeline->then()
#34 E:\\Suorce\\VS_CODE\\WEB\\Mvek\\vendor\\laravel\\framework\\src\\Illuminate\\Routing\\Router.php(784): Illuminate\\Routing\\Router->runRouteWithinStack()
#35 E:\\Suorce\\VS_CODE\\WEB\\Mvek\\vendor\\laravel\\framework\\src\\Illuminate\\Routing\\Router.php(748): Illuminate\\Routing\\Router->runRoute()
#36 E:\\Suorce\\VS_CODE\\WEB\\Mvek\\vendor\\laravel\\framework\\src\\Illuminate\\Routing\\Router.php(737): Illuminate\\Routing\\Router->dispatchToRoute()
#37 E:\\Suorce\\VS_CODE\\WEB\\Mvek\\vendor\\laravel\\framework\\src\\Illuminate\\Foundation\\Http\\Kernel.php(200): Illuminate\\Routing\\Router->dispatch()
#38 E:\\Suorce\\VS_CODE\\WEB\\Mvek\\vendor\\laravel\\framework\\src\\Illuminate\\Pipeline\\Pipeline.php(144): Illuminate\\Foundation\\Http\\Kernel->Illuminate\\Foundation\\Http\\{closure}()
#39 E:\\Suorce\\VS_CODE\\WEB\\Mvek\\vendor\\laravel\\framework\\src\\Illuminate\\Foundation\\Http\\Middleware\\TransformsRequest.php(21): Illuminate\\Pipeline\\Pipeline->Illuminate\\Pipeline\\{closure}()
#40 E:\\Suorce\\VS_CODE\\WEB\\Mvek\\vendor\\laravel\\framework\\src\\Illuminate\\Foundation\\Http\\Middleware\\ConvertEmptyStringsToNull.php(31): Illuminate\\Foundation\\Http\\Middleware\\TransformsRequest->handle()
#41 E:\\Suorce\\VS_CODE\\WEB\\Mvek\\vendor\\laravel\\framework\\src\\Illuminate\\Pipeline\\Pipeline.php(183): Illuminate\\Foundation\\Http\\Middleware\\ConvertEmptyStringsToNull->handle()
#42 E:\\Suorce\\VS_CODE\\WEB\\Mvek\\vendor\\laravel\\framework\\src\\Illuminate\\Foundation\\Http\\Middleware\\TransformsRequest.php(21): Illuminate\\Pipeline\\Pipeline->Illuminate\\Pipeline\\{closure}()
#43 E:\\Suorce\\VS_CODE\\WEB\\Mvek\\vendor\\laravel\\framework\\src\\Illuminate\\Foundation\\Http\\Middleware\\TrimStrings.php(40): Illuminate\\Foundation\\Http\\Middleware\\TransformsRequest->handle()
#44 E:\\Suorce\\VS_CODE\\WEB\\Mvek\\vendor\\laravel\\framework\\src\\Illuminate\\Pipeline\\Pipeline.php(183): Illuminate\\Foundation\\Http\\Middleware\\TrimStrings->handle()
#45 E:\\Suorce\\VS_CODE\\WEB\\Mvek\\vendor\\laravel\\framework\\src\\Illuminate\\Foundation\\Http\\Middleware\\ValidatePostSize.php(27): Illuminate\\Pipeline\\Pipeline->Illuminate\\Pipeline\\{closure}()
#46 E:\\Suorce\\VS_CODE\\WEB\\Mvek\\vendor\\laravel\\framework\\src\\Illuminate\\Pipeline\\Pipeline.php(183): Illuminate\\Foundation\\Http\\Middleware\\ValidatePostSize->handle()
#47 E:\\Suorce\\VS_CODE\\WEB\\Mvek\\vendor\\laravel\\framework\\src\\Illuminate\\Foundation\\Http\\Middleware\\PreventRequestsDuringMaintenance.php(99): Illuminate\\Pipeline\\Pipeline->Illuminate\\Pipeline\\{closure}()
#48 E:\\Suorce\\VS_CODE\\WEB\\Mvek\\vendor\\laravel\\framework\\src\\Illuminate\\Pipeline\\Pipeline.php(183): Illuminate\\Foundation\\Http\\Middleware\\PreventRequestsDuringMaintenance->handle()
#49 E:\\Suorce\\VS_CODE\\WEB\\Mvek\\vendor\\laravel\\framework\\src\\Illuminate\\Http\\Middleware\\HandleCors.php(49): Illuminate\\Pipeline\\Pipeline->Illuminate\\Pipeline\\{closure}()
#50 E:\\Suorce\\VS_CODE\\WEB\\Mvek\\vendor\\laravel\\framework\\src\\Illuminate\\Pipeline\\Pipeline.php(183): Illuminate\\Http\\Middleware\\HandleCors->handle()
#51 E:\\Suorce\\VS_CODE\\WEB\\Mvek\\vendor\\laravel\\framework\\src\\Illuminate\\Http\\Middleware\\TrustProxies.php(39): Illuminate\\Pipeline\\Pipeline->Illuminate\\Pipeline\\{closure}()
#52 E:\\Suorce\\VS_CODE\\WEB\\Mvek\\vendor\\laravel\\framework\\src\\Illuminate\\Pipeline\\Pipeline.php(183): Illuminate\\Http\\Middleware\\TrustProxies->handle()
#53 E:\\Suorce\\VS_CODE\\WEB\\Mvek\\vendor\\laravel\\framework\\src\\Illuminate\\Pipeline\\Pipeline.php(119): Illuminate\\Pipeline\\Pipeline->Illuminate\\Pipeline\\{closure}()
#54 E:\\Suorce\\VS_CODE\\WEB\\Mvek\\vendor\\laravel\\framework\\src\\Illuminate\\Foundation\\Http\\Kernel.php(175): Illuminate\\Pipeline\\Pipeline->then()
#55 E:\\Suorce\\VS_CODE\\WEB\\Mvek\\vendor\\laravel\\framework\\src\\Illuminate\\Foundation\\Http\\Kernel.php(144): Illuminate\\Foundation\\Http\\Kernel->sendRequestThroughRouter()
#56 E:\\Suorce\\VS_CODE\\WEB\\Mvek\\public\\index.php(52): Illuminate\\Foundation\\Http\\Kernel->handle()
#57 E:\\Suorce\\VS_CODE\\WEB\\Mvek\\vendor\\laravel\\framework\\src\\Illuminate\\Foundation\\resources\\server.php(16): require_once('E:\\\\Suorce\\\\VS_CO...')
#58 {main}

[previous exception] [object] (Symfony\\Component\\Routing\\Exception\\RouteNotFoundException(code: 0): Route [admin.product.delete] not defined. at E:\\Suorce\\VS_CODE\\WEB\\Mvek\\vendor\\laravel\\framework\\src\\Illuminate\\Routing\\UrlGenerator.php:477)
[stacktrace]
#0 E:\\Suorce\\VS_CODE\\WEB\\Mvek\\vendor\\laravel\\framework\\src\\Illuminate\\Foundation\\helpers.php(811): Illuminate\\Routing\\UrlGenerator->route()
#1 E:\\Suorce\\VS_CODE\\WEB\\Mvek\\storage\\framework\\views\\fd3e0f8e027e37d4e7f154ddaf046d72.php(99): route()
#2 E:\\Suorce\\VS_CODE\\WEB\\Mvek\\vendor\\laravel\\framework\\src\\Illuminate\\Filesystem\\Filesystem.php(123): require('E:\\\\Suorce\\\\VS_CO...')
#3 E:\\Suorce\\VS_CODE\\WEB\\Mvek\\vendor\\laravel\\framework\\src\\Illuminate\\Filesystem\\Filesystem.php(124): Illuminate\\Filesystem\\Filesystem::Illuminate\\Filesystem\\{closure}()
#4 E:\\Suorce\\VS_CODE\\WEB\\Mvek\\vendor\\laravel\\framework\\src\\Illuminate\\View\\Engines\\PhpEngine.php(58): Illuminate\\Filesystem\\Filesystem->getRequire()
#5 E:\\Suorce\\VS_CODE\\WEB\\Mvek\\vendor\\laravel\\framework\\src\\Illuminate\\View\\Engines\\CompilerEngine.php(72): Illuminate\\View\\Engines\\PhpEngine->evaluatePath()
#6 E:\\Suorce\\VS_CODE\\WEB\\Mvek\\vendor\\laravel\\framework\\src\\Illuminate\\View\\View.php(207): Illuminate\\View\\Engines\\CompilerEngine->get()
#7 E:\\Suorce\\VS_CODE\\WEB\\Mvek\\vendor\\laravel\\framework\\src\\Illuminate\\View\\View.php(190): Illuminate\\View\\View->getContents()
#8 E:\\Suorce\\VS_CODE\\WEB\\Mvek\\vendor\\laravel\\framework\\src\\Illuminate\\View\\View.php(159): Illuminate\\View\\View->renderContents()
#9 E:\\Suorce\\VS_CODE\\WEB\\Mvek\\vendor\\laravel\\framework\\src\\Illuminate\\Http\\Response.php(69): Illuminate\\View\\View->render()
#10 E:\\Suorce\\VS_CODE\\WEB\\Mvek\\vendor\\laravel\\framework\\src\\Illuminate\\Http\\Response.php(35): Illuminate\\Http\\Response->setContent()
#11 E:\\Suorce\\VS_CODE\\WEB\\Mvek\\vendor\\laravel\\framework\\src\\Illuminate\\Routing\\Router.php(918): Illuminate\\Http\\Response->__construct()
#12 E:\\Suorce\\VS_CODE\\WEB\\Mvek\\vendor\\laravel\\framework\\src\\Illuminate\\Routing\\Router.php(885): Illuminate\\Routing\\Router::toResponse()
#13 E:\\Suorce\\VS_CODE\\WEB\\Mvek\\vendor\\laravel\\framework\\src\\Illuminate\\Routing\\Router.php(806): Illuminate\\Routing\\Router->prepareResponse()
#14 E:\\Suorce\\VS_CODE\\WEB\\Mvek\\vendor\\laravel\\framework\\src\\Illuminate\\Pipeline\\Pipeline.php(144): Illuminate\\Routing\\Router->Illuminate\\Routing\\{closure}()
#15 E:\\Suorce\\VS_CODE\\WEB\\Mvek\\app\\Http\\Middleware\\Admin.php(21): Illuminate\\Pipeline\\Pipeline->Illuminate\\Pipeline\\{closure}()
#16 E:\\Suorce\\VS_CODE\\WEB\\Mvek\\vendor\\laravel\\framework\\src\\Illuminate\\Pipeline\\Pipeline.php(183): App\\Http\\Middleware\\Admin->handle()
#17 E:\\Suorce\\VS_CODE\\WEB\\Mvek\\vendor\\laravel\\framework\\src\\Illuminate\\Routing\\Middleware\\SubstituteBindings.php(50): Illuminate\\Pipeline\\Pipeline->Illuminate\\Pipeline\\{closure}()
#18 E:\\Suorce\\VS_CODE\\WEB\\Mvek\\vendor\\laravel\\framework\\src\\Illuminate\\Pipeline\\Pipeline.php(183): Illuminate\\Routing\\Middleware\\SubstituteBindings->handle()
#19 E:\\Suorce\\VS_CODE\\WEB\\Mvek\\vendor\\laravel\\framework\\src\\Illuminate\\Auth\\Middleware\\Authenticate.php(57): Illuminate\\Pipeline\\Pipeline->Illuminate\\Pipeline\\{closure}()
#20 E:\\Suorce\\VS_CODE\\WEB\\Mvek\\vendor\\laravel\\framework\\src\\Illuminate\\Pipeline\\Pipeline.php(183): Illuminate\\Auth\\Middleware\\Authenticate->handle()
#21 E:\\Suorce\\VS_CODE\\WEB\\Mvek\\vendor\\laravel\\framework\\src\\Illuminate\\Foundation\\Http\\Middleware\\VerifyCsrfToken.php(78): Illuminate\\Pipeline\\Pipeline->Illuminate\\Pipeline\\{closure}()
#22 E:\\Suorce\\VS_CODE\\WEB\\Mvek\\vendor\\laravel\\framework\\src\\Illuminate\\Pipeline\\Pipeline.php(183): Illuminate\\Foundation\\Http\\Middleware\\VerifyCsrfToken->handle()
#23 E:\\Suorce\\VS_CODE\\WEB\\Mvek\\vendor\\laravel\\framework\\src\\Illuminate\\View\\Middleware\\ShareErrorsFromSession.php(49): Illuminate\\Pipeline\\Pipeline->Illuminate\\Pipeline\\{closure}()
#24 E:\\Suorce\\VS_CODE\\WEB\\Mvek\\vendor\\laravel\\framework\\src\\Illuminate\\Pipeline\\Pipeline.php(183): Illuminate\\View\\Middleware\\ShareErrorsFromSession->handle()
#25 E:\\Suorce\\VS_CODE\\WEB\\Mvek\\vendor\\laravel\\framework\\src\\Illuminate\\Session\\Middleware\\StartSession.php(121): Illuminate\\Pipeline\\Pipeline->Illuminate\\Pipeline\\{closure}()
#26 E:\\Suorce\\VS_CODE\\WEB\\Mvek\\vendor\\laravel\\framework\\src\\Illuminate\\Session\\Middleware\\StartSession.php(64): Illuminate\\Session\\Middleware\\StartSession->handleStatefulRequest()
#27 E:\\Suorce\\VS_CODE\\WEB\\Mvek\\vendor\\laravel\\framework\\src\\Illuminate\\Pipeline\\Pipeline.php(183): Illuminate\\Session\\Middleware\\StartSession->handle()
#28 E:\\Suorce\\VS_CODE\\WEB\\Mvek\\vendor\\laravel\\framework\\src\\Illuminate\\Cookie\\Middleware\\AddQueuedCookiesToResponse.php(37): Illuminate\\Pipeline\\Pipeline->Illuminate\\Pipeline\\{closure}()
#29 E:\\Suorce\\VS_CODE\\WEB\\Mvek\\vendor\\laravel\\framework\\src\\Illuminate\\Pipeline\\Pipeline.php(183): Illuminate\\Cookie\\Middleware\\AddQueuedCookiesToResponse->handle()
#30 E:\\Suorce\\VS_CODE\\WEB\\Mvek\\vendor\\laravel\\framework\\src\\Illuminate\\Cookie\\Middleware\\EncryptCookies.php(67): Illuminate\\Pipeline\\Pipeline->Illuminate\\Pipeline\\{closure}()
#31 E:\\Suorce\\VS_CODE\\WEB\\Mvek\\vendor\\laravel\\framework\\src\\Illuminate\\Pipeline\\Pipeline.php(183): Illuminate\\Cookie\\Middleware\\EncryptCookies->handle()
#32 E:\\Suorce\\VS_CODE\\WEB\\Mvek\\vendor\\laravel\\framework\\src\\Illuminate\\Pipeline\\Pipeline.php(119): Illuminate\\Pipeline\\Pipeline->Illuminate\\Pipeline\\{closure}()
#33 E:\\Suorce\\VS_CODE\\WEB\\Mvek\\vendor\\laravel\\framework\\src\\Illuminate\\Routing\\Router.php(807): Illuminate\\Pipeline\\Pipeline->then()
#34 E:\\Suorce\\VS_CODE\\WEB\\Mvek\\vendor\\laravel\\framework\\src\\Illuminate\\Routing\\Router.php(784): Illuminate\\Routing\\Router->runRouteWithinStack()
#35 E:\\Suorce\\VS_CODE\\WEB\\Mvek\\vendor\\laravel\\framework\\src\\Illuminate\\Routing\\Router.php(748): Illuminate\\Routing\\Router->runRoute()
#36 E:\\Suorce\\VS_CODE\\WEB\\Mvek\\vendor\\laravel\\framework\\src\\Illuminate\\Routing\\Router.php(737): Illuminate\\Routing\\Router->dispatchToRoute()
#37 E:\\Suorce\\VS_CODE\\WEB\\Mvek\\vendor\\laravel\\framework\\src\\Illuminate\\Foundation\\Http\\Kernel.php(200): Illuminate\\Routing\\Router->dispatch()
#38 E:\\Suorce\\VS_CODE\\WEB\\Mvek\\vendor\\laravel\\framework\\src\\Illuminate\\Pipeline\\Pipeline.php(144): Illuminate\\Foundation\\Http\\Kernel->Illuminate\\Foundation\\Http\\{closure}()
#39 E:\\Suorce\\VS_CODE\\WEB\\Mvek\\vendor\\laravel\\framework\\src\\Illuminate\\Foundation\\Http\\Middleware\\TransformsRequest.php(21): Illuminate\\Pipeline\\Pipeline->Illuminate\\Pipeline\\{closure}()
#40 E:\\Suorce\\VS_CODE\\WEB\\Mvek\\vendor\\laravel\\framework\\src\\Illuminate\\Foundation\\Http\\Middleware\\ConvertEmptyStringsToNull.php(31): Illuminate\\Foundation\\Http\\Middleware\\TransformsRequest->handle()
#41 E:\\Suorce\\VS_CODE\\WEB\\Mvek\\vendor\\laravel\\framework\\src\\Illuminate\\Pipeline\\Pipeline.php(183): Illuminate\\Foundation\\Http\\Middleware\\ConvertEmptyStringsToNull->handle()
#42 E:\\Suorce\\VS_CODE\\WEB\\Mvek\\vendor\\laravel\\framework\\src\\Illuminate\\Foundation\\Http\\Middleware\\TransformsRequest.php(21): Illuminate\\Pipeline\\Pipeline->Illuminate\\Pipeline\\{closure}()
#43 E:\\Suorce\\VS_CODE\\WEB\\Mvek\\vendor\\laravel\\framework\\src\\Illuminate\\Foundation\\Http\\Middleware\\TrimStrings.php(40): Illuminate\\Foundation\\Http\\Middleware\\TransformsRequest->handle()
#44 E:\\Suorce\\VS_CODE\\WEB\\Mvek\\vendor\\laravel\\framework\\src\\Illuminate\\Pipeline\\Pipeline.php(183): Illuminate\\Foundation\\Http\\Middleware\\TrimStrings->handle()
#45 E:\\Suorce\\VS_CODE\\WEB\\Mvek\\vendor\\laravel\\framework\\src\\Illuminate\\Foundation\\Http\\Middleware\\ValidatePostSize.php(27): Illuminate\\Pipeline\\Pipeline->Illuminate\\Pipeline\\{closure}()
#46 E:\\Suorce\\VS_CODE\\WEB\\Mvek\\vendor\\laravel\\framework\\src\\Illuminate\\Pipeline\\Pipeline.php(183): Illuminate\\Foundation\\Http\\Middleware\\ValidatePostSize->handle()
#47 E:\\Suorce\\VS_CODE\\WEB\\Mvek\\vendor\\laravel\\framework\\src\\Illuminate\\Foundation\\Http\\Middleware\\PreventRequestsDuringMaintenance.php(99): Illuminate\\Pipeline\\Pipeline->Illuminate\\Pipeline\\{closure}()
#48 E:\\Suorce\\VS_CODE\\WEB\\Mvek\\vendor\\laravel\\framework\\src\\Illuminate\\Pipeline\\Pipeline.php(183): Illuminate\\Foundation\\Http\\Middleware\\PreventRequestsDuringMaintenance->handle()
#49 E:\\Suorce\\VS_CODE\\WEB\\Mvek\\vendor\\laravel\\framework\\src\\Illuminate\\Http\\Middleware\\HandleCors.php(49): Illuminate\\Pipeline\\Pipeline->Illuminate\\Pipeline\\{closure}()
#50 E:\\Suorce\\VS_CODE\\WEB\\Mvek\\vendor\\laravel\\framework\\src\\Illuminate\\Pipeline\\Pipeline.php(183): Illuminate\\Http\\Middleware\\HandleCors->handle()
#51 E:\\Suorce\\VS_CODE\\WEB\\Mvek\\vendor\\laravel\\framework\\src\\Illuminate\\Http\\Middleware\\TrustProxies.php(39): Illuminate\\Pipeline\\Pipeline->Illuminate\\Pipeline\\{closure}()
#52 E:\\Suorce\\VS_CODE\\WEB\\Mvek\\vendor\\laravel\\framework\\src\\Illuminate\\Pipeline\\Pipeline.php(183): Illuminate\\Http\\Middleware\\TrustProxies->handle()
#53 E:\\Suorce\\VS_CODE\\WEB\\Mvek\\vendor\\laravel\\framework\\src\\Illuminate\\Pipeline\\Pipeline.php(119): Illuminate\\Pipeline\\Pipeline->Illuminate\\Pipeline\\{closure}()
#54 E:\\Suorce\\VS_CODE\\WEB\\Mvek\\vendor\\laravel\\framework\\src\\Illuminate\\Foundation\\Http\\Kernel.php(175): Illuminate\\Pipeline\\Pipeline->then()
#55 E:\\Suorce\\VS_CODE\\WEB\\Mvek\\vendor\\laravel\\framework\\src\\Illuminate\\Foundation\\Http\\Kernel.php(144): Illuminate\\Foundation\\Http\\Kernel->sendRequestThroughRouter()
#56 E:\\Suorce\\VS_CODE\\WEB\\Mvek\\public\\index.php(52): Illuminate\\Foundation\\Http\\Kernel->handle()
#57 E:\\Suorce\\VS_CODE\\WEB\\Mvek\\vendor\\laravel\\framework\\src\\Illuminate\\Foundation\\resources\\server.php(16): require_once('E:\\\\Suorce\\\\VS_CO...')
#58 {main}
"} 
[2026-02-05 05:42:02] local.ERROR: Command "make:migrate" is not defined.

Did you mean one of these?
    make:cast
    make:channel
    make:command
    make:component
    make:controller
    make:event
    make:exception
    make:factory
    make:job
    make:listener
    make:mail
    make:middleware
    make:migration
    make:model
    make:notification
    make:observer
    make:policy
    make:provider
    make:request
    make:resource
    make:rule
    make:scope
    make:seeder
    make:test
    make:view {"exception":"[object] (Symfony\\Component\\Console\\Exception\\CommandNotFoundException(code: 0): Command \"make:migrate\" is not defined.

Did you mean one of these?
    make:cast
    make:channel
    make:command
    make:component
    make:controller
    make:event
    make:exception
    make:factory
    make:job
    make:listener
    make:mail
    make:middleware
    make:migration
    make:model
    make:notification
    make:observer
    make:policy
    make:provider
    make:request
    make:resource
    make:rule
    make:scope
    make:seeder
    make:test
    make:view at E:\\Suorce\\VS_CODE\\WEB\\Mvek\\vendor\\symfony\\console\\Application.php:745)
[stacktrace]
#0 E:\\Suorce\\VS_CODE\\WEB\\Mvek\\vendor\\symfony\\console\\Application.php(266): Symfony\\Component\\Console\\Application->find()
#1 E:\\Suorce\\VS_CODE\\WEB\\Mvek\\vendor\\symfony\\console\\Application.php(175): Symfony\\Component\\Console\\Application->doRun()
#2 E:\\Suorce\\VS_CODE\\WEB\\Mvek\\vendor\\laravel\\framework\\src\\Illuminate\\Foundation\\Console\\Kernel.php(201): Symfony\\Component\\Console\\Application->run()
#3 E:\\Suorce\\VS_CODE\\WEB\\Mvek\\artisan(37): Illuminate\\Foundation\\Console\\Kernel->handle()
#4 {main}
"} 
[2026-02-05 06:14:12] local.ERROR: SQLSTATE[23000]: Integrity constraint violation: 19 NOT NULL constraint failed: products.slug (Connection: sqlite, SQL: insert into "products" ("name", "price", "category_id", "image", "updated_at", "created_at") values (ff, 19990, 2, default.jpg, 2026-02-05 06:14:12, 2026-02-05 06:14:12)) {"userId":1,"exception":"[object] (Illuminate\\Database\\QueryException(code: 23000): SQLSTATE[23000]: Integrity constraint violation: 19 NOT NULL constraint failed: products.slug (Connection: sqlite, SQL: insert into \"products\" (\"name\", \"price\", \"category_id\", \"image\", \"updated_at\", \"created_at\") values (ff, 19990, 2, default.jpg, 2026-02-05 06:14:12, 2026-02-05 06:14:12)) at E:\\Suorce\\VS_CODE\\WEB\\Mvek\\vendor\\laravel\\framework\\src\\Illuminate\\Database\\Connection.php:829)
[stacktrace]
#0 E:\\Suorce\\VS_CODE\\WEB\\Mvek\\vendor\\laravel\\framework\\src\\Illuminate\\Database\\Connection.php(783): Illuminate\\Database\\Connection->runQueryCallback()
#1 E:\\Suorce\\VS_CODE\\WEB\\Mvek\\vendor\\laravel\\framework\\src\\Illuminate\\Database\\Connection.php(588): Illuminate\\Database\\Connection->run()
#2 E:\\Suorce\\VS_CODE\\WEB\\Mvek\\vendor\\laravel\\framework\\src\\Illuminate\\Database\\Connection.php(540): Illuminate\\Database\\Connection->statement()
#3 E:\\Suorce\\VS_CODE\\WEB\\Mvek\\vendor\\laravel\\framework\\src\\Illuminate\\Database\\Query\\Processors\\Processor.php(32): Illuminate\\Database\\Connection->insert()
#4 E:\\Suorce\\VS_CODE\\WEB\\Mvek\\vendor\\laravel\\framework\\src\\Illuminate\\Database\\Query\\Builder.php(3549): Illuminate\\Database\\Query\\Processors\\Processor->processInsertGetId()
#5 E:\\Suorce\\VS_CODE\\WEB\\Mvek\\vendor\\laravel\\framework\\src\\Illuminate\\Database\\Eloquent\\Builder.php(1982): Illuminate\\Database\\Query\\Builder->insertGetId()
#6 E:\\Suorce\\VS_CODE\\WEB\\Mvek\\vendor\\laravel\\framework\\src\\Illuminate\\Database\\Eloquent\\Model.php(1334): Illuminate\\Database\\Eloquent\\Builder->__call()
#7 E:\\Suorce\\VS_CODE\\WEB\\Mvek\\vendor\\laravel\\framework\\src\\Illuminate\\Database\\Eloquent\\Model.php(1299): Illuminate\\Database\\Eloquent\\Model->insertAndSetId()
#8 E:\\Suorce\\VS_CODE\\WEB\\Mvek\\vendor\\laravel\\framework\\src\\Illuminate\\Database\\Eloquent\\Model.php(1138): Illuminate\\Database\\Eloquent\\Model->performInsert()
#9 E:\\Suorce\\VS_CODE\\WEB\\Mvek\\vendor\\laravel\\framework\\src\\Illuminate\\Database\\Eloquent\\Builder.php(1025): Illuminate\\Database\\Eloquent\\Model->save()
#10 E:\\Suorce\\VS_CODE\\WEB\\Mvek\\vendor\\laravel\\framework\\src\\Illuminate\\Support\\helpers.php(320): Illuminate\\Database\\Eloquent\\Builder->Illuminate\\Database\\Eloquent\\{closure}()
#11 E:\\Suorce\\VS_CODE\\WEB\\Mvek\\vendor\\laravel\\framework\\src\\Illuminate\\Database\\Eloquent\\Builder.php(1026): tap()
#12 E:\\Suorce\\VS_CODE\\WEB\\Mvek\\vendor\\laravel\\framework\\src\\Illuminate\\Support\\Traits\\ForwardsCalls.php(23): Illuminate\\Database\\Eloquent\\Builder->create()
#13 E:\\Suorce\\VS_CODE\\WEB\\Mvek\\vendor\\laravel\\framework\\src\\Illuminate\\Database\\Eloquent\\Model.php(2335): Illuminate\\Database\\Eloquent\\Model->forwardCallTo()
#14 E:\\Suorce\\VS_CODE\\WEB\\Mvek\\vendor\\laravel\\framework\\src\\Illuminate\\Database\\Eloquent\\Model.php(2347): Illuminate\\Database\\Eloquent\\Model->__call()
#15 E:\\Suorce\\VS_CODE\\WEB\\Mvek\\app\\Http\\Controllers\\Admin\\AdminController.php(51): Illuminate\\Database\\Eloquent\\Model::__callStatic()
#16 E:\\Suorce\\VS_CODE\\WEB\\Mvek\\vendor\\laravel\\framework\\src\\Illuminate\\Routing\\Controller.php(54): App\\Http\\Controllers\\Admin\\AdminController->addProduct()
#17 E:\\Suorce\\VS_CODE\\WEB\\Mvek\\vendor\\laravel\\framework\\src\\Illuminate\\Routing\\ControllerDispatcher.php(43): Illuminate\\Routing\\Controller->callAction()
#18 E:\\Suorce\\VS_CODE\\WEB\\Mvek\\vendor\\laravel\\framework\\src\\Illuminate\\Routing\\Route.php(260): Illuminate\\Routing\\ControllerDispatcher->dispatch()
#19 E:\\Suorce\\VS_CODE\\WEB\\Mvek\\vendor\\laravel\\framework\\src\\Illuminate\\Routing\\Route.php(205): Illuminate\\Routing\\Route->runController()
#20 E:\\Suorce\\VS_CODE\\WEB\\Mvek\\vendor\\laravel\\framework\\src\\Illuminate\\Routing\\Router.php(806): Illuminate\\Routing\\Route->run()
#21 E:\\Suorce\\VS_CODE\\WEB\\Mvek\\vendor\\laravel\\framework\\src\\Illuminate\\Pipeline\\Pipeline.php(144): Illuminate\\Routing\\Router->Illuminate\\Routing\\{closure}()
#22 E:\\Suorce\\VS_CODE\\WEB\\Mvek\\app\\Http\\Middleware\\Admin.php(21): Illuminate\\Pipeline\\Pipeline->Illuminate\\Pipeline\\{closure}()
#23 E:\\Suorce\\VS_CODE\\WEB\\Mvek\\vendor\\laravel\\framework\\src\\Illuminate\\Pipeline\\Pipeline.php(183): App\\Http\\Middleware\\Admin->handle()
#24 E:\\Suorce\\VS_CODE\\WEB\\Mvek\\vendor\\laravel\\framework\\src\\Illuminate\\Routing\\Middleware\\SubstituteBindings.php(50): Illuminate\\Pipeline\\Pipeline->Illuminate\\Pipeline\\{closure}()
#25 E:\\Suorce\\VS_CODE\\WEB\\Mvek\\vendor\\laravel\\framework\\src\\Illuminate\\Pipeline\\Pipeline.php(183): Illuminate\\Routing\\Middleware\\SubstituteBindings->handle()
#26 E:\\Suorce\\VS_CODE\\WEB\\Mvek\\vendor\\laravel\\framework\\src\\Illuminate\\Auth\\Middleware\\Authenticate.php(57): Illuminate\\Pipeline\\Pipeline->Illuminate\\Pipeline\\{closure}()
#27 E:\\Suorce\\VS_CODE\\WEB\\Mvek\\vendor\\laravel\\framework\\src\\Illuminate\\Pipeline\\Pipeline.php(183): Illuminate\\Auth\\Middleware\\Authenticate->handle()
#28 E:\\Suorce\\VS_CODE\\WEB\\Mvek\\vendor\\laravel\\framework\\src\\Illuminate\\Foundation\\Http\\Middleware\\VerifyCsrfToken.php(78): Illuminate\\Pipeline\\Pipeline->Illuminate\\Pipeline\\{closure}()
#29 E:\\Suorce\\VS_CODE\\WEB\\Mvek\\vendor\\laravel\\framework\\src\\Illuminate\\Pipeline\\Pipeline.php(183): Illuminate\\Foundation\\Http\\Middleware\\VerifyCsrfToken->handle()
#30 E:\\Suorce\\VS_CODE\\WEB\\Mvek\\vendor\\laravel\\framework\\src\\Illuminate\\View\\Middleware\\ShareErrorsFromSession.php(49): Illuminate\\Pipeline\\Pipeline->Illuminate\\Pipeline\\{closure}()
#31 E:\\Suorce\\VS_CODE\\WEB\\Mvek\\vendor\\laravel\\framework\\src\\Illuminate\\Pipeline\\Pipeline.php(183): Illuminate\\View\\Middleware\\ShareErrorsFromSession->handle()
#32 E:\\Suorce\\VS_CODE\\WEB\\Mvek\\vendor\\laravel\\framework\\src\\Illuminate\\Session\\Middleware\\StartSession.php(121): Illuminate\\Pipeline\\Pipeline->Illuminate\\Pipeline\\{closure}()
#33 E:\\Suorce\\VS_CODE\\WEB\\Mvek\\vendor\\laravel\\framework\\src\\Illuminate\\Session\\Middleware\\StartSession.php(64): Illuminate\\Session\\Middleware\\StartSession->handleStatefulRequest()
#34 E:\\Suorce\\VS_CODE\\WEB\\Mvek\\vendor\\laravel\\framework\\src\\Illuminate\\Pipeline\\Pipeline.php(183): Illuminate\\Session\\Middleware\\StartSession->handle()
#35 E:\\Suorce\\VS_CODE\\WEB\\Mvek\\vendor\\laravel\\framework\\src\\Illuminate\\Cookie\\Middleware\\AddQueuedCookiesToResponse.php(37): Illuminate\\Pipeline\\Pipeline->Illuminate\\Pipeline\\{closure}()
#36 E:\\Suorce\\VS_CODE\\WEB\\Mvek\\vendor\\laravel\\framework\\src\\Illuminate\\Pipeline\\Pipeline.php(183): Illuminate\\Cookie\\Middleware\\AddQueuedCookiesToResponse->handle()
#37 E:\\Suorce\\VS_CODE\\WEB\\Mvek\\vendor\\laravel\\framework\\src\\Illuminate\\Cookie\\Middleware\\EncryptCookies.php(67): Illuminate\\Pipeline\\Pipeline->Illuminate\\Pipeline\\{closure}()
#38 E:\\Suorce\\VS_CODE\\WEB\\Mvek\\vendor\\laravel\\framework\\src\\Illuminate\\Pipeline\\Pipeline.php(183): Illuminate\\Cookie\\Middleware\\EncryptCookies->handle()
#39 E:\\Suorce\\VS_CODE\\WEB\\Mvek\\vendor\\laravel\\framework\\src\\Illuminate\\Pipeline\\Pipeline.php(119): Illuminate\\Pipeline\\Pipeline->Illuminate\\Pipeline\\{closure}()
#40 E:\\Suorce\\VS_CODE\\WEB\\Mvek\\vendor\\laravel\\framework\\src\\Illuminate\\Routing\\Router.php(807): Illuminate\\Pipeline\\Pipeline->then()
#41 E:\\Suorce\\VS_CODE\\WEB\\Mvek\\vendor\\laravel\\framework\\src\\Illuminate\\Routing\\Router.php(784): Illuminate\\Routing\\Router->runRouteWithinStack()
#42 E:\\Suorce\\VS_CODE\\WEB\\Mvek\\vendor\\laravel\\framework\\src\\Illuminate\\Routing\\Router.php(748): Illuminate\\Routing\\Router->runRoute()
#43 E:\\Suorce\\VS_CODE\\WEB\\Mvek\\vendor\\laravel\\framework\\src\\Illuminate\\Routing\\Router.php(737): Illuminate\\Routing\\Router->dispatchToRoute()
#44 E:\\Suorce\\VS_CODE\\WEB\\Mvek\\vendor\\laravel\\framework\\src\\Illuminate\\Foundation\\Http\\Kernel.php(200): Illuminate\\Routing\\Router->dispatch()
#45 E:\\Suorce\\VS_CODE\\WEB\\Mvek\\vendor\\laravel\\framework\\src\\Illuminate\\Pipeline\\Pipeline.php(144): Illuminate\\Foundation\\Http\\Kernel->Illuminate\\Foundation\\Http\\{closure}()
#46 E:\\Suorce\\VS_CODE\\WEB\\Mvek\\vendor\\laravel\\framework\\src\\Illuminate\\Foundation\\Http\\Middleware\\TransformsRequest.php(21): Illuminate\\Pipeline\\Pipeline->Illuminate\\Pipeline\\{closure}()
#47 E:\\Suorce\\VS_CODE\\WEB\\Mvek\\vendor\\laravel\\framework\\src\\Illuminate\\Foundation\\Http\\Middleware\\ConvertEmptyStringsToNull.php(31): Illuminate\\Foundation\\Http\\Middleware\\TransformsRequest->handle()
#48 E:\\Suorce\\VS_CODE\\WEB\\Mvek\\vendor\\laravel\\framework\\src\\Illuminate\\Pipeline\\Pipeline.php(183): Illuminate\\Foundation\\Http\\Middleware\\ConvertEmptyStringsToNull->handle()
#49 E:\\Suorce\\VS_CODE\\WEB\\Mvek\\vendor\\laravel\\framework\\src\\Illuminate\\Foundation\\Http\\Middleware\\TransformsRequest.php(21): Illuminate\\Pipeline\\Pipeline->Illuminate\\Pipeline\\{closure}()
#50 E:\\Suorce\\VS_CODE\\WEB\\Mvek\\vendor\\laravel\\framework\\src\\Illuminate\\Foundation\\Http\\Middleware\\TrimStrings.php(40): Illuminate\\Foundation\\Http\\Middleware\\TransformsRequest->handle()
#51 E:\\Suorce\\VS_CODE\\WEB\\Mvek\\vendor\\laravel\\framework\\src\\Illuminate\\Pipeline\\Pipeline.php(183): Illuminate\\Foundation\\Http\\Middleware\\TrimStrings->handle()
#52 E:\\Suorce\\VS_CODE\\WEB\\Mvek\\vendor\\laravel\\framework\\src\\Illuminate\\Foundation\\Http\\Middleware\\ValidatePostSize.php(27): Illuminate\\Pipeline\\Pipeline->Illuminate\\Pipeline\\{closure}()
#53 E:\\Suorce\\VS_CODE\\WEB\\Mvek\\vendor\\laravel\\framework\\src\\Illuminate\\Pipeline\\Pipeline.php(183): Illuminate\\Foundation\\Http\\Middleware\\ValidatePostSize->handle()
#54 E:\\Suorce\\VS_CODE\\WEB\\Mvek\\vendor\\laravel\\framework\\src\\Illuminate\\Foundation\\Http\\Middleware\\PreventRequestsDuringMaintenance.php(99): Illuminate\\Pipeline\\Pipeline->Illuminate\\Pipeline\\{closure}()
#55 E:\\Suorce\\VS_CODE\\WEB\\Mvek\\vendor\\laravel\\framework\\src\\Illuminate\\Pipeline\\Pipeline.php(183): Illuminate\\Foundation\\Http\\Middleware\\PreventRequestsDuringMaintenance->handle()
#56 E:\\Suorce\\VS_CODE\\WEB\\Mvek\\vendor\\laravel\\framework\\src\\Illuminate\\Http\\Middleware\\HandleCors.php(49): Illuminate\\Pipeline\\Pipeline->Illuminate\\Pipeline\\{closure}()
#57 E:\\Suorce\\VS_CODE\\WEB\\Mvek\\vendor\\laravel\\framework\\src\\Illuminate\\Pipeline\\Pipeline.php(183): Illuminate\\Http\\Middleware\\HandleCors->handle()
#58 E:\\Suorce\\VS_CODE\\WEB\\Mvek\\vendor\\laravel\\framework\\src\\Illuminate\\Http\\Middleware\\TrustProxies.php(39): Illuminate\\Pipeline\\Pipeline->Illuminate\\Pipeline\\{closure}()
#59 E:\\Suorce\\VS_CODE\\WEB\\Mvek\\vendor\\laravel\\framework\\src\\Illuminate\\Pipeline\\Pipeline.php(183): Illuminate\\Http\\Middleware\\TrustProxies->handle()
#60 E:\\Suorce\\VS_CODE\\WEB\\Mvek\\vendor\\laravel\\framework\\src\\Illuminate\\Pipeline\\Pipeline.php(119): Illuminate\\Pipeline\\Pipeline->Illuminate\\Pipeline\\{closure}()
#61 E:\\Suorce\\VS_CODE\\WEB\\Mvek\\vendor\\laravel\\framework\\src\\Illuminate\\Foundation\\Http\\Kernel.php(175): Illuminate\\Pipeline\\Pipeline->then()
#62 E:\\Suorce\\VS_CODE\\WEB\\Mvek\\vendor\\laravel\\framework\\src\\Illuminate\\Foundation\\Http\\Kernel.php(144): Illuminate\\Foundation\\Http\\Kernel->sendRequestThroughRouter()
#63 E:\\Suorce\\VS_CODE\\WEB\\Mvek\\public\\index.php(52): Illuminate\\Foundation\\Http\\Kernel->handle()
#64 E:\\Suorce\\VS_CODE\\WEB\\Mvek\\vendor\\laravel\\framework\\src\\Illuminate\\Foundation\\resources\\server.php(16): require_once('E:\\\\Suorce\\\\VS_CO...')
#65 {main}

[previous exception] [object] (PDOException(code: 23000): SQLSTATE[23000]: Integrity constraint violation: 19 NOT NULL constraint failed: products.slug at E:\\Suorce\\VS_CODE\\WEB\\Mvek\\vendor\\laravel\\framework\\src\\Illuminate\\Database\\Connection.php:587)
[stacktrace]
#0 E:\\Suorce\\VS_CODE\\WEB\\Mvek\\vendor\\laravel\\framework\\src\\Illuminate\\Database\\Connection.php(587): PDOStatement->execute()
#1 E:\\Suorce\\VS_CODE\\WEB\\Mvek\\vendor\\laravel\\framework\\src\\Illuminate\\Database\\Connection.php(816): Illuminate\\Database\\Connection->Illuminate\\Database\\{closure}()
#2 E:\\Suorce\\VS_CODE\\WEB\\Mvek\\vendor\\laravel\\framework\\src\\Illuminate\\Database\\Connection.php(783): Illuminate\\Database\\Connection->runQueryCallback()
#3 E:\\Suorce\\VS_CODE\\WEB\\Mvek\\vendor\\laravel\\framework\\src\\Illuminate\\Database\\Connection.php(588): Illuminate\\Database\\Connection->run()
#4 E:\\Suorce\\VS_CODE\\WEB\\Mvek\\vendor\\laravel\\framework\\src\\Illuminate\\Database\\Connection.php(540): Illuminate\\Database\\Connection->statement()
#5 E:\\Suorce\\VS_CODE\\WEB\\Mvek\\vendor\\laravel\\framework\\src\\Illuminate\\Database\\Query\\Processors\\Processor.php(32): Illuminate\\Database\\Connection->insert()
#6 E:\\Suorce\\VS_CODE\\WEB\\Mvek\\vendor\\laravel\\framework\\src\\Illuminate\\Database\\Query\\Builder.php(3549): Illuminate\\Database\\Query\\Processors\\Processor->processInsertGetId()
#7 E:\\Suorce\\VS_CODE\\WEB\\Mvek\\vendor\\laravel\\framework\\src\\Illuminate\\Database\\Eloquent\\Builder.php(1982): Illuminate\\Database\\Query\\Builder->insertGetId()
#8 E:\\Suorce\\VS_CODE\\WEB\\Mvek\\vendor\\laravel\\framework\\src\\Illuminate\\Database\\Eloquent\\Model.php(1334): Illuminate\\Database\\Eloquent\\Builder->__call()
#9 E:\\Suorce\\VS_CODE\\WEB\\Mvek\\vendor\\laravel\\framework\\src\\Illuminate\\Database\\Eloquent\\Model.php(1299): Illuminate\\Database\\Eloquent\\Model->insertAndSetId()
#10 E:\\Suorce\\VS_CODE\\WEB\\Mvek\\vendor\\laravel\\framework\\src\\Illuminate\\Database\\Eloquent\\Model.php(1138): Illuminate\\Database\\Eloquent\\Model->performInsert()
#11 E:\\Suorce\\VS_CODE\\WEB\\Mvek\\vendor\\laravel\\framework\\src\\Illuminate\\Database\\Eloquent\\Builder.php(1025): Illuminate\\Database\\Eloquent\\Model->save()
#12 E:\\Suorce\\VS_CODE\\WEB\\Mvek\\vendor\\laravel\\framework\\src\\Illuminate\\Support\\helpers.php(320): Illuminate\\Database\\Eloquent\\Builder->Illuminate\\Database\\Eloquent\\{closure}()
#13 E:\\Suorce\\VS_CODE\\WEB\\Mvek\\vendor\\laravel\\framework\\src\\Illuminate\\Database\\Eloquent\\Builder.php(1026): tap()
#14 E:\\Suorce\\VS_CODE\\WEB\\Mvek\\vendor\\laravel\\framework\\src\\Illuminate\\Support\\Traits\\ForwardsCalls.php(23): Illuminate\\Database\\Eloquent\\Builder->create()
#15 E:\\Suorce\\VS_CODE\\WEB\\Mvek\\vendor\\laravel\\framework\\src\\Illuminate\\Database\\Eloquent\\Model.php(2335): Illuminate\\Database\\Eloquent\\Model->forwardCallTo()
#16 E:\\Suorce\\VS_CODE\\WEB\\Mvek\\vendor\\laravel\\framework\\src\\Illuminate\\Database\\Eloquent\\Model.php(2347): Illuminate\\Database\\Eloquent\\Model->__call()
#17 E:\\Suorce\\VS_CODE\\WEB\\Mvek\\app\\Http\\Controllers\\Admin\\AdminController.php(51): Illuminate\\Database\\Eloquent\\Model::__callStatic()
#18 E:\\Suorce\\VS_CODE\\WEB\\Mvek\\vendor\\laravel\\framework\\src\\Illuminate\\Routing\\Controller.php(54): App\\Http\\Controllers\\Admin\\AdminController->addProduct()
#19 E:\\Suorce\\VS_CODE\\WEB\\Mvek\\vendor\\laravel\\framework\\src\\Illuminate\\Routing\\ControllerDispatcher.php(43): Illuminate\\Routing\\Controller->callAction()
#20 E:\\Suorce\\VS_CODE\\WEB\\Mvek\\vendor\\laravel\\framework\\src\\Illuminate\\Routing\\Route.php(260): Illuminate\\Routing\\ControllerDispatcher->dispatch()
#21 E:\\Suorce\\VS_CODE\\WEB\\Mvek\\vendor\\laravel\\framework\\src\\Illuminate\\Routing\\Route.php(205): Illuminate\\Routing\\Route->runController()
#22 E:\\Suorce\\VS_CODE\\WEB\\Mvek\\vendor\\laravel\\framework\\src\\Illuminate\\Routing\\Router.php(806): Illuminate\\Routing\\Route->run()
#23 E:\\Suorce\\VS_CODE\\WEB\\Mvek\\vendor\\laravel\\framework\\src\\Illuminate\\Pipeline\\Pipeline.php(144): Illuminate\\Routing\\Router->Illuminate\\Routing\\{closure}()
#24 E:\\Suorce\\VS_CODE\\WEB\\Mvek\\app\\Http\\Middleware\\Admin.php(21): Illuminate\\Pipeline\\Pipeline->Illuminate\\Pipeline\\{closure}()
#25 E:\\Suorce\\VS_CODE\\WEB\\Mvek\\vendor\\laravel\\framework\\src\\Illuminate\\Pipeline\\Pipeline.php(183): App\\Http\\Middleware\\Admin->handle()
#26 E:\\Suorce\\VS_CODE\\WEB\\Mvek\\vendor\\laravel\\framework\\src\\Illuminate\\Routing\\Middleware\\SubstituteBindings.php(50): Illuminate\\Pipeline\\Pipeline->Illuminate\\Pipeline\\{closure}()
#27 E:\\Suorce\\VS_CODE\\WEB\\Mvek\\vendor\\laravel\\framework\\src\\Illuminate\\Pipeline\\Pipeline.php(183): Illuminate\\Routing\\Middleware\\SubstituteBindings->handle()
#28 E:\\Suorce\\VS_CODE\\WEB\\Mvek\\vendor\\laravel\\framework\\src\\Illuminate\\Auth\\Middleware\\Authenticate.php(57): Illuminate\\Pipeline\\Pipeline->Illuminate\\Pipeline\\{closure}()
#29 E:\\Suorce\\VS_CODE\\WEB\\Mvek\\vendor\\laravel\\framework\\src\\Illuminate\\Pipeline\\Pipeline.php(183): Illuminate\\Auth\\Middleware\\Authenticate->handle()
#30 E:\\Suorce\\VS_CODE\\WEB\\Mvek\\vendor\\laravel\\framework\\src\\Illuminate\\Foundation\\Http\\Middleware\\VerifyCsrfToken.php(78): Illuminate\\Pipeline\\Pipeline->Illuminate\\Pipeline\\{closure}()
#31 E:\\Suorce\\VS_CODE\\WEB\\Mvek\\vendor\\laravel\\framework\\src\\Illuminate\\Pipeline\\Pipeline.php(183): Illuminate\\Foundation\\Http\\Middleware\\VerifyCsrfToken->handle()
#32 E:\\Suorce\\VS_CODE\\WEB\\Mvek\\vendor\\laravel\\framework\\src\\Illuminate\\View\\Middleware\\ShareErrorsFromSession.php(49): Illuminate\\Pipeline\\Pipeline->Illuminate\\Pipeline\\{closure}()
#33 E:\\Suorce\\VS_CODE\\WEB\\Mvek\\vendor\\laravel\\framework\\src\\Illuminate\\Pipeline\\Pipeline.php(183): Illuminate\\View\\Middleware\\ShareErrorsFromSession->handle()
#34 E:\\Suorce\\VS_CODE\\WEB\\Mvek\\vendor\\laravel\\framework\\src\\Illuminate\\Session\\Middleware\\StartSession.php(121): Illuminate\\Pipeline\\Pipeline->Illuminate\\Pipeline\\{closure}()
#35 E:\\Suorce\\VS_CODE\\WEB\\Mvek\\vendor\\laravel\\framework\\src\\Illuminate\\Session\\Middleware\\StartSession.php(64): Illuminate\\Session\\Middleware\\StartSession->handleStatefulRequest()
#36 E:\\Suorce\\VS_CODE\\WEB\\Mvek\\vendor\\laravel\\framework\\src\\Illuminate\\Pipeline\\Pipeline.php(183): Illuminate\\Session\\Middleware\\StartSession->handle()
#37 E:\\Suorce\\VS_CODE\\WEB\\Mvek\\vendor\\laravel\\framework\\src\\Illuminate\\Cookie\\Middleware\\AddQueuedCookiesToResponse.php(37): Illuminate\\Pipeline\\Pipeline->Illuminate\\Pipeline\\{closure}()
#38 E:\\Suorce\\VS_CODE\\WEB\\Mvek\\vendor\\laravel\\framework\\src\\Illuminate\\Pipeline\\Pipeline.php(183): Illuminate\\Cookie\\Middleware\\AddQueuedCookiesToResponse->handle()
#39 E:\\Suorce\\VS_CODE\\WEB\\Mvek\\vendor\\laravel\\framework\\src\\Illuminate\\Cookie\\Middleware\\EncryptCookies.php(67): Illuminate\\Pipeline\\Pipeline->Illuminate\\Pipeline\\{closure}()
#40 E:\\Suorce\\VS_CODE\\WEB\\Mvek\\vendor\\laravel\\framework\\src\\Illuminate\\Pipeline\\Pipeline.php(183): Illuminate\\Cookie\\Middleware\\EncryptCookies->handle()
#41 E:\\Suorce\\VS_CODE\\WEB\\Mvek\\vendor\\laravel\\framework\\src\\Illuminate\\Pipeline\\Pipeline.php(119): Illuminate\\Pipeline\\Pipeline->Illuminate\\Pipeline\\{closure}()
#42 E:\\Suorce\\VS_CODE\\WEB\\Mvek\\vendor\\laravel\\framework\\src\\Illuminate\\Routing\\Router.php(807): Illuminate\\Pipeline\\Pipeline->then()
#43 E:\\Suorce\\VS_CODE\\WEB\\Mvek\\vendor\\laravel\\framework\\src\\Illuminate\\Routing\\Router.php(784): Illuminate\\Routing\\Router->runRouteWithinStack()
#44 E:\\Suorce\\VS_CODE\\WEB\\Mvek\\vendor\\laravel\\framework\\src\\Illuminate\\Routing\\Router.php(748): Illuminate\\Routing\\Router->runRoute()
#45 E:\\Suorce\\VS_CODE\\WEB\\Mvek\\vendor\\laravel\\framework\\src\\Illuminate\\Routing\\Router.php(737): Illuminate\\Routing\\Router->dispatchToRoute()
#46 E:\\Suorce\\VS_CODE\\WEB\\Mvek\\vendor\\laravel\\framework\\src\\Illuminate\\Foundation\\Http\\Kernel.php(200): Illuminate\\Routing\\Router->dispatch()
#47 E:\\Suorce\\VS_CODE\\WEB\\Mvek\\vendor\\laravel\\framework\\src\\Illuminate\\Pipeline\\Pipeline.php(144): Illuminate\\Foundation\\Http\\Kernel->Illuminate\\Foundation\\Http\\{closure}()
#48 E:\\Suorce\\VS_CODE\\WEB\\Mvek\\vendor\\laravel\\framework\\src\\Illuminate\\Foundation\\Http\\Middleware\\TransformsRequest.php(21): Illuminate\\Pipeline\\Pipeline->Illuminate\\Pipeline\\{closure}()
#49 E:\\Suorce\\VS_CODE\\WEB\\Mvek\\vendor\\laravel\\framework\\src\\Illuminate\\Foundation\\Http\\Middleware\\ConvertEmptyStringsToNull.php(31): Illuminate\\Foundation\\Http\\Middleware\\TransformsRequest->handle()
#50 E:\\Suorce\\VS_CODE\\WEB\\Mvek\\vendor\\laravel\\framework\\src\\Illuminate\\Pipeline\\Pipeline.php(183): Illuminate\\Foundation\\Http\\Middleware\\ConvertEmptyStringsToNull->handle()
#51 E:\\Suorce\\VS_CODE\\WEB\\Mvek\\vendor\\laravel\\framework\\src\\Illuminate\\Foundation\\Http\\Middleware\\TransformsRequest.php(21): Illuminate\\Pipeline\\Pipeline->Illuminate\\Pipeline\\{closure}()
#52 E:\\Suorce\\VS_CODE\\WEB\\Mvek\\vendor\\laravel\\framework\\src\\Illuminate\\Foundation\\Http\\Middleware\\TrimStrings.php(40): Illuminate\\Foundation\\Http\\Middleware\\TransformsRequest->handle()
#53 E:\\Suorce\\VS_CODE\\WEB\\Mvek\\vendor\\laravel\\framework\\src\\Illuminate\\Pipeline\\Pipeline.php(183): Illuminate\\Foundation\\Http\\Middleware\\TrimStrings->handle()
#54 E:\\Suorce\\VS_CODE\\WEB\\Mvek\\vendor\\laravel\\framework\\src\\Illuminate\\Foundation\\Http\\Middleware\\ValidatePostSize.php(27): Illuminate\\Pipeline\\Pipeline->Illuminate\\Pipeline\\{closure}()
#55 E:\\Suorce\\VS_CODE\\WEB\\Mvek\\vendor\\laravel\\framework\\src\\Illuminate\\Pipeline\\Pipeline.php(183): Illuminate\\Foundation\\Http\\Middleware\\ValidatePostSize->handle()
#56 E:\\Suorce\\VS_CODE\\WEB\\Mvek\\vendor\\laravel\\framework\\src\\Illuminate\\Foundation\\Http\\Middleware\\PreventRequestsDuringMaintenance.php(99): Illuminate\\Pipeline\\Pipeline->Illuminate\\Pipeline\\{closure}()
#57 E:\\Suorce\\VS_CODE\\WEB\\Mvek\\vendor\\laravel\\framework\\src\\Illuminate\\Pipeline\\Pipeline.php(183): Illuminate\\Foundation\\Http\\Middleware\\PreventRequestsDuringMaintenance->handle()
#58 E:\\Suorce\\VS_CODE\\WEB\\Mvek\\vendor\\laravel\\framework\\src\\Illuminate\\Http\\Middleware\\HandleCors.php(49): Illuminate\\Pipeline\\Pipeline->Illuminate\\Pipeline\\{closure}()
#59 E:\\Suorce\\VS_CODE\\WEB\\Mvek\\vendor\\laravel\\framework\\src\\Illuminate\\Pipeline\\Pipeline.php(183): Illuminate\\Http\\Middleware\\HandleCors->handle()
#60 E:\\Suorce\\VS_CODE\\WEB\\Mvek\\vendor\\laravel\\framework\\src\\Illuminate\\Http\\Middleware\\TrustProxies.php(39): Illuminate\\Pipeline\\Pipeline->Illuminate\\Pipeline\\{closure}()
#61 E:\\Suorce\\VS_CODE\\WEB\\Mvek\\vendor\\laravel\\framework\\src\\Illuminate\\Pipeline\\Pipeline.php(183): Illuminate\\Http\\Middleware\\TrustProxies->handle()
#62 E:\\Suorce\\VS_CODE\\WEB\\Mvek\\vendor\\laravel\\framework\\src\\Illuminate\\Pipeline\\Pipeline.php(119): Illuminate\\Pipeline\\Pipeline->Illuminate\\Pipeline\\{closure}()
#63 E:\\Suorce\\VS_CODE\\WEB\\Mvek\\vendor\\laravel\\framework\\src\\Illuminate\\Foundation\\Http\\Kernel.php(175): Illuminate\\Pipeline\\Pipeline->then()
#64 E:\\Suorce\\VS_CODE\\WEB\\Mvek\\vendor\\laravel\\framework\\src\\Illuminate\\Foundation\\Http\\Kernel.php(144): Illuminate\\Foundation\\Http\\Kernel->sendRequestThroughRouter()
#65 E:\\Suorce\\VS_CODE\\WEB\\Mvek\\public\\index.php(52): Illuminate\\Foundation\\Http\\Kernel->handle()
#66 E:\\Suorce\\VS_CODE\\WEB\\Mvek\\vendor\\laravel\\framework\\src\\Illuminate\\Foundation\\resources\\server.php(16): require_once('E:\\\\Suorce\\\\VS_CO...')
#67 {main}
"} 
[2026-02-05 06:37:29] local.ERROR: SQLSTATE[HY000]: General error: 1 no such table: carts (Connection: sqlite, SQL: select * from "carts" where "user_id" = 1 and "status" = active limit 1) {"view":{"view":"E:\\Suorce\\VS_CODE\\WEB\\Mvek\\resources\\views\\layouts\\app.blade.php","data":[]},"userId":1,"exception":"[object] (Spatie\\LaravelIgnition\\Exceptions\\ViewException(code: 0): SQLSTATE[HY000]: General error: 1 no such table: carts (Connection: sqlite, SQL: select * from \"carts\" where \"user_id\" = 1 and \"status\" = active limit 1) at E:\\Suorce\\VS_CODE\\WEB\\Mvek\\vendor\\laravel\\framework\\src\\Illuminate\\Database\\Connection.php:829)
[stacktrace]
#0 E:\\Suorce\\VS_CODE\\WEB\\Mvek\\vendor\\laravel\\framework\\src\\Illuminate\\Database\\Connection.php(783): Illuminate\\Database\\Connection->runQueryCallback()
#1 E:\\Suorce\\VS_CODE\\WEB\\Mvek\\vendor\\laravel\\framework\\src\\Illuminate\\Database\\Connection.php(431): Illuminate\\Database\\Connection->run()
#2 E:\\Suorce\\VS_CODE\\WEB\\Mvek\\vendor\\laravel\\framework\\src\\Illuminate\\Database\\Query\\Builder.php(2914): Illuminate\\Database\\Connection->select()
#3 E:\\Suorce\\VS_CODE\\WEB\\Mvek\\vendor\\laravel\\framework\\src\\Illuminate\\Database\\Query\\Builder.php(2902): Illuminate\\Database\\Query\\Builder->runSelect()
#4 E:\\Suorce\\VS_CODE\\WEB\\Mvek\\vendor\\laravel\\framework\\src\\Illuminate\\Database\\Query\\Builder.php(3456): Illuminate\\Database\\Query\\Builder->Illuminate\\Database\\Query\\{closure}()
#5 E:\\Suorce\\VS_CODE\\WEB\\Mvek\\vendor\\laravel\\framework\\src\\Illuminate\\Database\\Query\\Builder.php(2903): Illuminate\\Database\\Query\\Builder->onceWithColumns()
#6 E:\\Suorce\\VS_CODE\\WEB\\Mvek\\vendor\\laravel\\framework\\src\\Illuminate\\Database\\Eloquent\\Builder.php(739): Illuminate\\Database\\Query\\Builder->get()
#7 E:\\Suorce\\VS_CODE\\WEB\\Mvek\\vendor\\laravel\\framework\\src\\Illuminate\\Database\\Eloquent\\Builder.php(723): Illuminate\\Database\\Eloquent\\Builder->getModels()
#8 E:\\Suorce\\VS_CODE\\WEB\\Mvek\\vendor\\laravel\\framework\\src\\Illuminate\\Database\\Concerns\\BuildsQueries.php(333): Illuminate\\Database\\Eloquent\\Builder->get()
#9 E:\\Suorce\\VS_CODE\\WEB\\Mvek\\app\\Http\\Controllers\\CartController.php(304): Illuminate\\Database\\Eloquent\\Builder->first()
#10 E:\\Suorce\\VS_CODE\\WEB\\Mvek\\resources\\views\\layouts\\app.blade.php(67): App\\Http\\Controllers\\CartController::getCount()
#11 E:\\Suorce\\VS_CODE\\WEB\\Mvek\\vendor\\laravel\\framework\\src\\Illuminate\\Filesystem\\Filesystem.php(123): require('E:\\\\Suorce\\\\VS_CO...')
#12 E:\\Suorce\\VS_CODE\\WEB\\Mvek\\vendor\\laravel\\framework\\src\\Illuminate\\Filesystem\\Filesystem.php(124): Illuminate\\Filesystem\\Filesystem::Illuminate\\Filesystem\\{closure}()
#13 E:\\Suorce\\VS_CODE\\WEB\\Mvek\\vendor\\laravel\\framework\\src\\Illuminate\\View\\Engines\\PhpEngine.php(58): Illuminate\\Filesystem\\Filesystem->getRequire()
#14 E:\\Suorce\\VS_CODE\\WEB\\Mvek\\vendor\\laravel\\framework\\src\\Illuminate\\View\\Engines\\CompilerEngine.php(72): Illuminate\\View\\Engines\\PhpEngine->evaluatePath()
#15 E:\\Suorce\\VS_CODE\\WEB\\Mvek\\vendor\\laravel\\framework\\src\\Illuminate\\View\\View.php(207): Illuminate\\View\\Engines\\CompilerEngine->get()
#16 E:\\Suorce\\VS_CODE\\WEB\\Mvek\\vendor\\laravel\\framework\\src\\Illuminate\\View\\View.php(190): Illuminate\\View\\View->getContents()
#17 E:\\Suorce\\VS_CODE\\WEB\\Mvek\\vendor\\laravel\\framework\\src\\Illuminate\\View\\View.php(159): Illuminate\\View\\View->renderContents()
#18 E:\\Suorce\\VS_CODE\\WEB\\Mvek\\resources\\views\\home.blade.php(93): Illuminate\\View\\View->render()
#19 E:\\Suorce\\VS_CODE\\WEB\\Mvek\\vendor\\laravel\\framework\\src\\Illuminate\\Filesystem\\Filesystem.php(123): require('E:\\\\Suorce\\\\VS_CO...')
#20 E:\\Suorce\\VS_CODE\\WEB\\Mvek\\vendor\\laravel\\framework\\src\\Illuminate\\Filesystem\\Filesystem.php(124): Illuminate\\Filesystem\\Filesystem::Illuminate\\Filesystem\\{closure}()
#21 E:\\Suorce\\VS_CODE\\WEB\\Mvek\\vendor\\laravel\\framework\\src\\Illuminate\\View\\Engines\\PhpEngine.php(58): Illuminate\\Filesystem\\Filesystem->getRequire()
#22 E:\\Suorce\\VS_CODE\\WEB\\Mvek\\vendor\\laravel\\framework\\src\\Illuminate\\View\\Engines\\CompilerEngine.php(72): Illuminate\\View\\Engines\\PhpEngine->evaluatePath()
#23 E:\\Suorce\\VS_CODE\\WEB\\Mvek\\vendor\\laravel\\framework\\src\\Illuminate\\View\\View.php(207): Illuminate\\View\\Engines\\CompilerEngine->get()
#24 E:\\Suorce\\VS_CODE\\WEB\\Mvek\\vendor\\laravel\\framework\\src\\Illuminate\\View\\View.php(190): Illuminate\\View\\View->getContents()
#25 E:\\Suorce\\VS_CODE\\WEB\\Mvek\\vendor\\laravel\\framework\\src\\Illuminate\\View\\View.php(159): Illuminate\\View\\View->renderContents()
#26 E:\\Suorce\\VS_CODE\\WEB\\Mvek\\vendor\\laravel\\framework\\src\\Illuminate\\Http\\Response.php(69): Illuminate\\View\\View->render()
#27 E:\\Suorce\\VS_CODE\\WEB\\Mvek\\vendor\\laravel\\framework\\src\\Illuminate\\Http\\Response.php(35): Illuminate\\Http\\Response->setContent()
#28 E:\\Suorce\\VS_CODE\\WEB\\Mvek\\vendor\\laravel\\framework\\src\\Illuminate\\Routing\\Router.php(918): Illuminate\\Http\\Response->__construct()
#29 E:\\Suorce\\VS_CODE\\WEB\\Mvek\\vendor\\laravel\\framework\\src\\Illuminate\\Routing\\Router.php(885): Illuminate\\Routing\\Router::toResponse()
#30 E:\\Suorce\\VS_CODE\\WEB\\Mvek\\vendor\\laravel\\framework\\src\\Illuminate\\Routing\\Router.php(806): Illuminate\\Routing\\Router->prepareResponse()
#31 E:\\Suorce\\VS_CODE\\WEB\\Mvek\\vendor\\laravel\\framework\\src\\Illuminate\\Pipeline\\Pipeline.php(144): Illuminate\\Routing\\Router->Illuminate\\Routing\\{closure}()
#32 E:\\Suorce\\VS_CODE\\WEB\\Mvek\\app\\Http\\Middleware\\SyncCart.php(15): Illuminate\\Pipeline\\Pipeline->Illuminate\\Pipeline\\{closure}()
#33 E:\\Suorce\\VS_CODE\\WEB\\Mvek\\vendor\\laravel\\framework\\src\\Illuminate\\Pipeline\\Pipeline.php(183): App\\Http\\Middleware\\SyncCart->handle()
#34 E:\\Suorce\\VS_CODE\\WEB\\Mvek\\vendor\\laravel\\framework\\src\\Illuminate\\Routing\\Middleware\\SubstituteBindings.php(50): Illuminate\\Pipeline\\Pipeline->Illuminate\\Pipeline\\{closure}()
#35 E:\\Suorce\\VS_CODE\\WEB\\Mvek\\vendor\\laravel\\framework\\src\\Illuminate\\Pipeline\\Pipeline.php(183): Illuminate\\Routing\\Middleware\\SubstituteBindings->handle()
#36 E:\\Suorce\\VS_CODE\\WEB\\Mvek\\vendor\\laravel\\framework\\src\\Illuminate\\Foundation\\Http\\Middleware\\VerifyCsrfToken.php(78): Illuminate\\Pipeline\\Pipeline->Illuminate\\Pipeline\\{closure}()
#37 E:\\Suorce\\VS_CODE\\WEB\\Mvek\\vendor\\laravel\\framework\\src\\Illuminate\\Pipeline\\Pipeline.php(183): Illuminate\\Foundation\\Http\\Middleware\\VerifyCsrfToken->handle()
#38 E:\\Suorce\\VS_CODE\\WEB\\Mvek\\vendor\\laravel\\framework\\src\\Illuminate\\View\\Middleware\\ShareErrorsFromSession.php(49): Illuminate\\Pipeline\\Pipeline->Illuminate\\Pipeline\\{closure}()
#39 E:\\Suorce\\VS_CODE\\WEB\\Mvek\\vendor\\laravel\\framework\\src\\Illuminate\\Pipeline\\Pipeline.php(183): Illuminate\\View\\Middleware\\ShareErrorsFromSession->handle()
#40 E:\\Suorce\\VS_CODE\\WEB\\Mvek\\vendor\\laravel\\framework\\src\\Illuminate\\Session\\Middleware\\StartSession.php(121): Illuminate\\Pipeline\\Pipeline->Illuminate\\Pipeline\\{closure}()
#41 E:\\Suorce\\VS_CODE\\WEB\\Mvek\\vendor\\laravel\\framework\\src\\Illuminate\\Session\\Middleware\\StartSession.php(64): Illuminate\\Session\\Middleware\\StartSession->handleStatefulRequest()
#42 E:\\Suorce\\VS_CODE\\WEB\\Mvek\\vendor\\laravel\\framework\\src\\Illuminate\\Pipeline\\Pipeline.php(183): Illuminate\\Session\\Middleware\\StartSession->handle()
#43 E:\\Suorce\\VS_CODE\\WEB\\Mvek\\vendor\\laravel\\framework\\src\\Illuminate\\Cookie\\Middleware\\AddQueuedCookiesToResponse.php(37): Illuminate\\Pipeline\\Pipeline->Illuminate\\Pipeline\\{closure}()
#44 E:\\Suorce\\VS_CODE\\WEB\\Mvek\\vendor\\laravel\\framework\\src\\Illuminate\\Pipeline\\Pipeline.php(183): Illuminate\\Cookie\\Middleware\\AddQueuedCookiesToResponse->handle()
#45 E:\\Suorce\\VS_CODE\\WEB\\Mvek\\vendor\\laravel\\framework\\src\\Illuminate\\Cookie\\Middleware\\EncryptCookies.php(67): Illuminate\\Pipeline\\Pipeline->Illuminate\\Pipeline\\{closure}()
#46 E:\\Suorce\\VS_CODE\\WEB\\Mvek\\vendor\\laravel\\framework\\src\\Illuminate\\Pipeline\\Pipeline.php(183): Illuminate\\Cookie\\Middleware\\EncryptCookies->handle()
#47 E:\\Suorce\\VS_CODE\\WEB\\Mvek\\vendor\\laravel\\framework\\src\\Illuminate\\Pipeline\\Pipeline.php(119): Illuminate\\Pipeline\\Pipeline->Illuminate\\Pipeline\\{closure}()
#48 E:\\Suorce\\VS_CODE\\WEB\\Mvek\\vendor\\laravel\\framework\\src\\Illuminate\\Routing\\Router.php(807): Illuminate\\Pipeline\\Pipeline->then()
#49 E:\\Suorce\\VS_CODE\\WEB\\Mvek\\vendor\\laravel\\framework\\src\\Illuminate\\Routing\\Router.php(784): Illuminate\\Routing\\Router->runRouteWithinStack()
#50 E:\\Suorce\\VS_CODE\\WEB\\Mvek\\vendor\\laravel\\framework\\src\\Illuminate\\Routing\\Router.php(748): Illuminate\\Routing\\Router->runRoute()
#51 E:\\Suorce\\VS_CODE\\WEB\\Mvek\\vendor\\laravel\\framework\\src\\Illuminate\\Routing\\Router.php(737): Illuminate\\Routing\\Router->dispatchToRoute()
#52 E:\\Suorce\\VS_CODE\\WEB\\Mvek\\vendor\\laravel\\framework\\src\\Illuminate\\Foundation\\Http\\Kernel.php(200): Illuminate\\Routing\\Router->dispatch()
#53 E:\\Suorce\\VS_CODE\\WEB\\Mvek\\vendor\\laravel\\framework\\src\\Illuminate\\Pipeline\\Pipeline.php(144): Illuminate\\Foundation\\Http\\Kernel->Illuminate\\Foundation\\Http\\{closure}()
#54 E:\\Suorce\\VS_CODE\\WEB\\Mvek\\vendor\\laravel\\framework\\src\\Illuminate\\Foundation\\Http\\Middleware\\TransformsRequest.php(21): Illuminate\\Pipeline\\Pipeline->Illuminate\\Pipeline\\{closure}()
#55 E:\\Suorce\\VS_CODE\\WEB\\Mvek\\vendor\\laravel\\framework\\src\\Illuminate\\Foundation\\Http\\Middleware\\ConvertEmptyStringsToNull.php(31): Illuminate\\Foundation\\Http\\Middleware\\TransformsRequest->handle()
#56 E:\\Suorce\\VS_CODE\\WEB\\Mvek\\vendor\\laravel\\framework\\src\\Illuminate\\Pipeline\\Pipeline.php(183): Illuminate\\Foundation\\Http\\Middleware\\ConvertEmptyStringsToNull->handle()
#57 E:\\Suorce\\VS_CODE\\WEB\\Mvek\\vendor\\laravel\\framework\\src\\Illuminate\\Foundation\\Http\\Middleware\\TransformsRequest.php(21): Illuminate\\Pipeline\\Pipeline->Illuminate\\Pipeline\\{closure}()
#58 E:\\Suorce\\VS_CODE\\WEB\\Mvek\\vendor\\laravel\\framework\\src\\Illuminate\\Foundation\\Http\\Middleware\\TrimStrings.php(40): Illuminate\\Foundation\\Http\\Middleware\\TransformsRequest->handle()
#59 E:\\Suorce\\VS_CODE\\WEB\\Mvek\\vendor\\laravel\\framework\\src\\Illuminate\\Pipeline\\Pipeline.php(183): Illuminate\\Foundation\\Http\\Middleware\\TrimStrings->handle()
#60 E:\\Suorce\\VS_CODE\\WEB\\Mvek\\vendor\\laravel\\framework\\src\\Illuminate\\Foundation\\Http\\Middleware\\ValidatePostSize.php(27): Illuminate\\Pipeline\\Pipeline->Illuminate\\Pipeline\\{closure}()
#61 E:\\Suorce\\VS_CODE\\WEB\\Mvek\\vendor\\laravel\\framework\\src\\Illuminate\\Pipeline\\Pipeline.php(183): Illuminate\\Foundation\\Http\\Middleware\\ValidatePostSize->handle()
#62 E:\\Suorce\\VS_CODE\\WEB\\Mvek\\vendor\\laravel\\framework\\src\\Illuminate\\Foundation\\Http\\Middleware\\PreventRequestsDuringMaintenance.php(99): Illuminate\\Pipeline\\Pipeline->Illuminate\\Pipeline\\{closure}()
#63 E:\\Suorce\\VS_CODE\\WEB\\Mvek\\vendor\\laravel\\framework\\src\\Illuminate\\Pipeline\\Pipeline.php(183): Illuminate\\Foundation\\Http\\Middleware\\PreventRequestsDuringMaintenance->handle()
#64 E:\\Suorce\\VS_CODE\\WEB\\Mvek\\vendor\\laravel\\framework\\src\\Illuminate\\Http\\Middleware\\HandleCors.php(49): Illuminate\\Pipeline\\Pipeline->Illuminate\\Pipeline\\{closure}()
#65 E:\\Suorce\\VS_CODE\\WEB\\Mvek\\vendor\\laravel\\framework\\src\\Illuminate\\Pipeline\\Pipeline.php(183): Illuminate\\Http\\Middleware\\HandleCors->handle()
#66 E:\\Suorce\\VS_CODE\\WEB\\Mvek\\vendor\\laravel\\framework\\src\\Illuminate\\Http\\Middleware\\TrustProxies.php(39): Illuminate\\Pipeline\\Pipeline->Illuminate\\Pipeline\\{closure}()
#67 E:\\Suorce\\VS_CODE\\WEB\\Mvek\\vendor\\laravel\\framework\\src\\Illuminate\\Pipeline\\Pipeline.php(183): Illuminate\\Http\\Middleware\\TrustProxies->handle()
#68 E:\\Suorce\\VS_CODE\\WEB\\Mvek\\vendor\\laravel\\framework\\src\\Illuminate\\Pipeline\\Pipeline.php(119): Illuminate\\Pipeline\\Pipeline->Illuminate\\Pipeline\\{closure}()
#69 E:\\Suorce\\VS_CODE\\WEB\\Mvek\\vendor\\laravel\\framework\\src\\Illuminate\\Foundation\\Http\\Kernel.php(175): Illuminate\\Pipeline\\Pipeline->then()
#70 E:\\Suorce\\VS_CODE\\WEB\\Mvek\\vendor\\laravel\\framework\\src\\Illuminate\\Foundation\\Http\\Kernel.php(144): Illuminate\\Foundation\\Http\\Kernel->sendRequestThroughRouter()
#71 E:\\Suorce\\VS_CODE\\WEB\\Mvek\\public\\index.php(52): Illuminate\\Foundation\\Http\\Kernel->handle()
#72 E:\\Suorce\\VS_CODE\\WEB\\Mvek\\vendor\\laravel\\framework\\src\\Illuminate\\Foundation\\resources\\server.php(16): require_once('E:\\\\Suorce\\\\VS_CO...')
#73 {main}

[previous exception] [object] (Illuminate\\Database\\QueryException(code: HY000): SQLSTATE[HY000]: General error: 1 no such table: carts (Connection: sqlite, SQL: select * from \"carts\" where \"user_id\" = 1 and \"status\" = active limit 1) at E:\\Suorce\\VS_CODE\\WEB\\Mvek\\vendor\\laravel\\framework\\src\\Illuminate\\Database\\Connection.php:829)
[stacktrace]
#0 E:\\Suorce\\VS_CODE\\WEB\\Mvek\\vendor\\laravel\\framework\\src\\Illuminate\\Database\\Connection.php(783): Illuminate\\Database\\Connection->runQueryCallback()
#1 E:\\Suorce\\VS_CODE\\WEB\\Mvek\\vendor\\laravel\\framework\\src\\Illuminate\\Database\\Connection.php(431): Illuminate\\Database\\Connection->run()
#2 E:\\Suorce\\VS_CODE\\WEB\\Mvek\\vendor\\laravel\\framework\\src\\Illuminate\\Database\\Query\\Builder.php(2914): Illuminate\\Database\\Connection->select()
#3 E:\\Suorce\\VS_CODE\\WEB\\Mvek\\vendor\\laravel\\framework\\src\\Illuminate\\Database\\Query\\Builder.php(2902): Illuminate\\Database\\Query\\Builder->runSelect()
#4 E:\\Suorce\\VS_CODE\\WEB\\Mvek\\vendor\\laravel\\framework\\src\\Illuminate\\Database\\Query\\Builder.php(3456): Illuminate\\Database\\Query\\Builder->Illuminate\\Database\\Query\\{closure}()
#5 E:\\Suorce\\VS_CODE\\WEB\\Mvek\\vendor\\laravel\\framework\\src\\Illuminate\\Database\\Query\\Builder.php(2903): Illuminate\\Database\\Query\\Builder->onceWithColumns()
#6 E:\\Suorce\\VS_CODE\\WEB\\Mvek\\vendor\\laravel\\framework\\src\\Illuminate\\Database\\Eloquent\\Builder.php(739): Illuminate\\Database\\Query\\Builder->get()
#7 E:\\Suorce\\VS_CODE\\WEB\\Mvek\\vendor\\laravel\\framework\\src\\Illuminate\\Database\\Eloquent\\Builder.php(723): Illuminate\\Database\\Eloquent\\Builder->getModels()
#8 E:\\Suorce\\VS_CODE\\WEB\\Mvek\\vendor\\laravel\\framework\\src\\Illuminate\\Database\\Concerns\\BuildsQueries.php(333): Illuminate\\Database\\Eloquent\\Builder->get()
#9 E:\\Suorce\\VS_CODE\\WEB\\Mvek\\app\\Http\\Controllers\\CartController.php(304): Illuminate\\Database\\Eloquent\\Builder->first()
#10 E:\\Suorce\\VS_CODE\\WEB\\Mvek\\storage\\framework\\views\\aadc447ce5a5895a761b67b4427ccbe4.php(68): App\\Http\\Controllers\\CartController::getCount()
#11 E:\\Suorce\\VS_CODE\\WEB\\Mvek\\vendor\\laravel\\framework\\src\\Illuminate\\Filesystem\\Filesystem.php(123): require('E:\\\\Suorce\\\\VS_CO...')
#12 E:\\Suorce\\VS_CODE\\WEB\\Mvek\\vendor\\laravel\\framework\\src\\Illuminate\\Filesystem\\Filesystem.php(124): Illuminate\\Filesystem\\Filesystem::Illuminate\\Filesystem\\{closure}()
#13 E:\\Suorce\\VS_CODE\\WEB\\Mvek\\vendor\\laravel\\framework\\src\\Illuminate\\View\\Engines\\PhpEngine.php(58): Illuminate\\Filesystem\\Filesystem->getRequire()
#14 E:\\Suorce\\VS_CODE\\WEB\\Mvek\\vendor\\laravel\\framework\\src\\Illuminate\\View\\Engines\\CompilerEngine.php(72): Illuminate\\View\\Engines\\PhpEngine->evaluatePath()
#15 E:\\Suorce\\VS_CODE\\WEB\\Mvek\\vendor\\laravel\\framework\\src\\Illuminate\\View\\View.php(207): Illuminate\\View\\Engines\\CompilerEngine->get()
#16 E:\\Suorce\\VS_CODE\\WEB\\Mvek\\vendor\\laravel\\framework\\src\\Illuminate\\View\\View.php(190): Illuminate\\View\\View->getContents()
#17 E:\\Suorce\\VS_CODE\\WEB\\Mvek\\vendor\\laravel\\framework\\src\\Illuminate\\View\\View.php(159): Illuminate\\View\\View->renderContents()
#18 E:\\Suorce\\VS_CODE\\WEB\\Mvek\\storage\\framework\\views\\0a7bac3b44124d24d15af542cc6c02f2.php(93): Illuminate\\View\\View->render()
#19 E:\\Suorce\\VS_CODE\\WEB\\Mvek\\vendor\\laravel\\framework\\src\\Illuminate\\Filesystem\\Filesystem.php(123): require('E:\\\\Suorce\\\\VS_CO...')
#20 E:\\Suorce\\VS_CODE\\WEB\\Mvek\\vendor\\laravel\\framework\\src\\Illuminate\\Filesystem\\Filesystem.php(124): Illuminate\\Filesystem\\Filesystem::Illuminate\\Filesystem\\{closure}()
#21 E:\\Suorce\\VS_CODE\\WEB\\Mvek\\vendor\\laravel\\framework\\src\\Illuminate\\View\\Engines\\PhpEngine.php(58): Illuminate\\Filesystem\\Filesystem->getRequire()
#22 E:\\Suorce\\VS_CODE\\WEB\\Mvek\\vendor\\laravel\\framework\\src\\Illuminate\\View\\Engines\\CompilerEngine.php(72): Illuminate\\View\\Engines\\PhpEngine->evaluatePath()
#23 E:\\Suorce\\VS_CODE\\WEB\\Mvek\\vendor\\laravel\\framework\\src\\Illuminate\\View\\View.php(207): Illuminate\\View\\Engines\\CompilerEngine->get()
#24 E:\\Suorce\\VS_CODE\\WEB\\Mvek\\vendor\\laravel\\framework\\src\\Illuminate\\View\\View.php(190): Illuminate\\View\\View->getContents()
#25 E:\\Suorce\\VS_CODE\\WEB\\Mvek\\vendor\\laravel\\framework\\src\\Illuminate\\View\\View.php(159): Illuminate\\View\\View->renderContents()
#26 E:\\Suorce\\VS_CODE\\WEB\\Mvek\\vendor\\laravel\\framework\\src\\Illuminate\\Http\\Response.php(69): Illuminate\\View\\View->render()
#27 E:\\Suorce\\VS_CODE\\WEB\\Mvek\\vendor\\laravel\\framework\\src\\Illuminate\\Http\\Response.php(35): Illuminate\\Http\\Response->setContent()
#28 E:\\Suorce\\VS_CODE\\WEB\\Mvek\\vendor\\laravel\\framework\\src\\Illuminate\\Routing\\Router.php(918): Illuminate\\Http\\Response->__construct()
#29 E:\\Suorce\\VS_CODE\\WEB\\Mvek\\vendor\\laravel\\framework\\src\\Illuminate\\Routing\\Router.php(885): Illuminate\\Routing\\Router::toResponse()
#30 E:\\Suorce\\VS_CODE\\WEB\\Mvek\\vendor\\laravel\\framework\\src\\Illuminate\\Routing\\Router.php(806): Illuminate\\Routing\\Router->prepareResponse()
#31 E:\\Suorce\\VS_CODE\\WEB\\Mvek\\vendor\\laravel\\framework\\src\\Illuminate\\Pipeline\\Pipeline.php(144): Illuminate\\Routing\\Router->Illuminate\\Routing\\{closure}()
#32 E:\\Suorce\\VS_CODE\\WEB\\Mvek\\app\\Http\\Middleware\\SyncCart.php(15): Illuminate\\Pipeline\\Pipeline->Illuminate\\Pipeline\\{closure}()
#33 E:\\Suorce\\VS_CODE\\WEB\\Mvek\\vendor\\laravel\\framework\\src\\Illuminate\\Pipeline\\Pipeline.php(183): App\\Http\\Middleware\\SyncCart->handle()
#34 E:\\Suorce\\VS_CODE\\WEB\\Mvek\\vendor\\laravel\\framework\\src\\Illuminate\\Routing\\Middleware\\SubstituteBindings.php(50): Illuminate\\Pipeline\\Pipeline->Illuminate\\Pipeline\\{closure}()
#35 E:\\Suorce\\VS_CODE\\WEB\\Mvek\\vendor\\laravel\\framework\\src\\Illuminate\\Pipeline\\Pipeline.php(183): Illuminate\\Routing\\Middleware\\SubstituteBindings->handle()
#36 E:\\Suorce\\VS_CODE\\WEB\\Mvek\\vendor\\laravel\\framework\\src\\Illuminate\\Foundation\\Http\\Middleware\\VerifyCsrfToken.php(78): Illuminate\\Pipeline\\Pipeline->Illuminate\\Pipeline\\{closure}()
#37 E:\\Suorce\\VS_CODE\\WEB\\Mvek\\vendor\\laravel\\framework\\src\\Illuminate\\Pipeline\\Pipeline.php(183): Illuminate\\Foundation\\Http\\Middleware\\VerifyCsrfToken->handle()
#38 E:\\Suorce\\VS_CODE\\WEB\\Mvek\\vendor\\laravel\\framework\\src\\Illuminate\\View\\Middleware\\ShareErrorsFromSession.php(49): Illuminate\\Pipeline\\Pipeline->Illuminate\\Pipeline\\{closure}()
#39 E:\\Suorce\\VS_CODE\\WEB\\Mvek\\vendor\\laravel\\framework\\src\\Illuminate\\Pipeline\\Pipeline.php(183): Illuminate\\View\\Middleware\\ShareErrorsFromSession->handle()
#40 E:\\Suorce\\VS_CODE\\WEB\\Mvek\\vendor\\laravel\\framework\\src\\Illuminate\\Session\\Middleware\\StartSession.php(121): Illuminate\\Pipeline\\Pipeline->Illuminate\\Pipeline\\{closure}()
#41 E:\\Suorce\\VS_CODE\\WEB\\Mvek\\vendor\\laravel\\framework\\src\\Illuminate\\Session\\Middleware\\StartSession.php(64): Illuminate\\Session\\Middleware\\StartSession->handleStatefulRequest()
#42 E:\\Suorce\\VS_CODE\\WEB\\Mvek\\vendor\\laravel\\framework\\src\\Illuminate\\Pipeline\\Pipeline.php(183): Illuminate\\Session\\Middleware\\StartSession->handle()
#43 E:\\Suorce\\VS_CODE\\WEB\\Mvek\\vendor\\laravel\\framework\\src\\Illuminate\\Cookie\\Middleware\\AddQueuedCookiesToResponse.php(37): Illuminate\\Pipeline\\Pipeline->Illuminate\\Pipeline\\{closure}()
#44 E:\\Suorce\\VS_CODE\\WEB\\Mvek\\vendor\\laravel\\framework\\src\\Illuminate\\Pipeline\\Pipeline.php(183): Illuminate\\Cookie\\Middleware\\AddQueuedCookiesToResponse->handle()
#45 E:\\Suorce\\VS_CODE\\WEB\\Mvek\\vendor\\laravel\\framework\\src\\Illuminate\\Cookie\\Middleware\\EncryptCookies.php(67): Illuminate\\Pipeline\\Pipeline->Illuminate\\Pipeline\\{closure}()
#46 E:\\Suorce\\VS_CODE\\WEB\\Mvek\\vendor\\laravel\\framework\\src\\Illuminate\\Pipeline\\Pipeline.php(183): Illuminate\\Cookie\\Middleware\\EncryptCookies->handle()
#47 E:\\Suorce\\VS_CODE\\WEB\\Mvek\\vendor\\laravel\\framework\\src\\Illuminate\\Pipeline\\Pipeline.php(119): Illuminate\\Pipeline\\Pipeline->Illuminate\\Pipeline\\{closure}()
#48 E:\\Suorce\\VS_CODE\\WEB\\Mvek\\vendor\\laravel\\framework\\src\\Illuminate\\Routing\\Router.php(807): Illuminate\\Pipeline\\Pipeline->then()
#49 E:\\Suorce\\VS_CODE\\WEB\\Mvek\\vendor\\laravel\\framework\\src\\Illuminate\\Routing\\Router.php(784): Illuminate\\Routing\\Router->runRouteWithinStack()
#50 E:\\Suorce\\VS_CODE\\WEB\\Mvek\\vendor\\laravel\\framework\\src\\Illuminate\\Routing\\Router.php(748): Illuminate\\Routing\\Router->runRoute()
#51 E:\\Suorce\\VS_CODE\\WEB\\Mvek\\vendor\\laravel\\framework\\src\\Illuminate\\Routing\\Router.php(737): Illuminate\\Routing\\Router->dispatchToRoute()
#52 E:\\Suorce\\VS_CODE\\WEB\\Mvek\\vendor\\laravel\\framework\\src\\Illuminate\\Foundation\\Http\\Kernel.php(200): Illuminate\\Routing\\Router->dispatch()
#53 E:\\Suorce\\VS_CODE\\WEB\\Mvek\\vendor\\laravel\\framework\\src\\Illuminate\\Pipeline\\Pipeline.php(144): Illuminate\\Foundation\\Http\\Kernel->Illuminate\\Foundation\\Http\\{closure}()
#54 E:\\Suorce\\VS_CODE\\WEB\\Mvek\\vendor\\laravel\\framework\\src\\Illuminate\\Foundation\\Http\\Middleware\\TransformsRequest.php(21): Illuminate\\Pipeline\\Pipeline->Illuminate\\Pipeline\\{closure}()
#55 E:\\Suorce\\VS_CODE\\WEB\\Mvek\\vendor\\laravel\\framework\\src\\Illuminate\\Foundation\\Http\\Middleware\\ConvertEmptyStringsToNull.php(31): Illuminate\\Foundation\\Http\\Middleware\\TransformsRequest->handle()
#56 E:\\Suorce\\VS_CODE\\WEB\\Mvek\\vendor\\laravel\\framework\\src\\Illuminate\\Pipeline\\Pipeline.php(183): Illuminate\\Foundation\\Http\\Middleware\\ConvertEmptyStringsToNull->handle()
#57 E:\\Suorce\\VS_CODE\\WEB\\Mvek\\vendor\\laravel\\framework\\src\\Illuminate\\Foundation\\Http\\Middleware\\TransformsRequest.php(21): Illuminate\\Pipeline\\Pipeline->Illuminate\\Pipeline\\{closure}()
#58 E:\\Suorce\\VS_CODE\\WEB\\Mvek\\vendor\\laravel\\framework\\src\\Illuminate\\Foundation\\Http\\Middleware\\TrimStrings.php(40): Illuminate\\Foundation\\Http\\Middleware\\TransformsRequest->handle()
#59 E:\\Suorce\\VS_CODE\\WEB\\Mvek\\vendor\\laravel\\framework\\src\\Illuminate\\Pipeline\\Pipeline.php(183): Illuminate\\Foundation\\Http\\Middleware\\TrimStrings->handle()
#60 E:\\Suorce\\VS_CODE\\WEB\\Mvek\\vendor\\laravel\\framework\\src\\Illuminate\\Foundation\\Http\\Middleware\\ValidatePostSize.php(27): Illuminate\\Pipeline\\Pipeline->Illuminate\\Pipeline\\{closure}()
#61 E:\\Suorce\\VS_CODE\\WEB\\Mvek\\vendor\\laravel\\framework\\src\\Illuminate\\Pipeline\\Pipeline.php(183): Illuminate\\Foundation\\Http\\Middleware\\ValidatePostSize->handle()
#62 E:\\Suorce\\VS_CODE\\WEB\\Mvek\\vendor\\laravel\\framework\\src\\Illuminate\\Foundation\\Http\\Middleware\\PreventRequestsDuringMaintenance.php(99): Illuminate\\Pipeline\\Pipeline->Illuminate\\Pipeline\\{closure}()
#63 E:\\Suorce\\VS_CODE\\WEB\\Mvek\\vendor\\laravel\\framework\\src\\Illuminate\\Pipeline\\Pipeline.php(183): Illuminate\\Foundation\\Http\\Middleware\\PreventRequestsDuringMaintenance->handle()
#64 E:\\Suorce\\VS_CODE\\WEB\\Mvek\\vendor\\laravel\\framework\\src\\Illuminate\\Http\\Middleware\\HandleCors.php(49): Illuminate\\Pipeline\\Pipeline->Illuminate\\Pipeline\\{closure}()
#65 E:\\Suorce\\VS_CODE\\WEB\\Mvek\\vendor\\laravel\\framework\\src\\Illuminate\\Pipeline\\Pipeline.php(183): Illuminate\\Http\\Middleware\\HandleCors->handle()
#66 E:\\Suorce\\VS_CODE\\WEB\\Mvek\\vendor\\laravel\\framework\\src\\Illuminate\\Http\\Middleware\\TrustProxies.php(39): Illuminate\\Pipeline\\Pipeline->Illuminate\\Pipeline\\{closure}()
#67 E:\\Suorce\\VS_CODE\\WEB\\Mvek\\vendor\\laravel\\framework\\src\\Illuminate\\Pipeline\\Pipeline.php(183): Illuminate\\Http\\Middleware\\TrustProxies->handle()
#68 E:\\Suorce\\VS_CODE\\WEB\\Mvek\\vendor\\laravel\\framework\\src\\Illuminate\\Pipeline\\Pipeline.php(119): Illuminate\\Pipeline\\Pipeline->Illuminate\\Pipeline\\{closure}()
#69 E:\\Suorce\\VS_CODE\\WEB\\Mvek\\vendor\\laravel\\framework\\src\\Illuminate\\Foundation\\Http\\Kernel.php(175): Illuminate\\Pipeline\\Pipeline->then()
#70 E:\\Suorce\\VS_CODE\\WEB\\Mvek\\vendor\\laravel\\framework\\src\\Illuminate\\Foundation\\Http\\Kernel.php(144): Illuminate\\Foundation\\Http\\Kernel->sendRequestThroughRouter()
#71 E:\\Suorce\\VS_CODE\\WEB\\Mvek\\public\\index.php(52): Illuminate\\Foundation\\Http\\Kernel->handle()
#72 E:\\Suorce\\VS_CODE\\WEB\\Mvek\\vendor\\laravel\\framework\\src\\Illuminate\\Foundation\\resources\\server.php(16): require_once('E:\\\\Suorce\\\\VS_CO...')
#73 {main}

[previous exception] [object] (PDOException(code: HY000): SQLSTATE[HY000]: General error: 1 no such table: carts at E:\\Suorce\\VS_CODE\\WEB\\Mvek\\vendor\\laravel\\framework\\src\\Illuminate\\Database\\Connection.php:423)
[stacktrace]
#0 E:\\Suorce\\VS_CODE\\WEB\\Mvek\\vendor\\laravel\\framework\\src\\Illuminate\\Database\\Connection.php(423): PDO->prepare()
#1 E:\\Suorce\\VS_CODE\\WEB\\Mvek\\vendor\\laravel\\framework\\src\\Illuminate\\Database\\Connection.php(816): Illuminate\\Database\\Connection->Illuminate\\Database\\{closure}()
#2 E:\\Suorce\\VS_CODE\\WEB\\Mvek\\vendor\\laravel\\framework\\src\\Illuminate\\Database\\Connection.php(783): Illuminate\\Database\\Connection->runQueryCallback()
#3 E:\\Suorce\\VS_CODE\\WEB\\Mvek\\vendor\\laravel\\framework\\src\\Illuminate\\Database\\Connection.php(431): Illuminate\\Database\\Connection->run()
#4 E:\\Suorce\\VS_CODE\\WEB\\Mvek\\vendor\\laravel\\framework\\src\\Illuminate\\Database\\Query\\Builder.php(2914): Illuminate\\Database\\Connection->select()
#5 E:\\Suorce\\VS_CODE\\WEB\\Mvek\\vendor\\laravel\\framework\\src\\Illuminate\\Database\\Query\\Builder.php(2902): Illuminate\\Database\\Query\\Builder->runSelect()
#6 E:\\Suorce\\VS_CODE\\WEB\\Mvek\\vendor\\laravel\\framework\\src\\Illuminate\\Database\\Query\\Builder.php(3456): Illuminate\\Database\\Query\\Builder->Illuminate\\Database\\Query\\{closure}()
#7 E:\\Suorce\\VS_CODE\\WEB\\Mvek\\vendor\\laravel\\framework\\src\\Illuminate\\Database\\Query\\Builder.php(2903): Illuminate\\Database\\Query\\Builder->onceWithColumns()
#8 E:\\Suorce\\VS_CODE\\WEB\\Mvek\\vendor\\laravel\\framework\\src\\Illuminate\\Database\\Eloquent\\Builder.php(739): Illuminate\\Database\\Query\\Builder->get()
#9 E:\\Suorce\\VS_CODE\\WEB\\Mvek\\vendor\\laravel\\framework\\src\\Illuminate\\Database\\Eloquent\\Builder.php(723): Illuminate\\Database\\Eloquent\\Builder->getModels()
#10 E:\\Suorce\\VS_CODE\\WEB\\Mvek\\vendor\\laravel\\framework\\src\\Illuminate\\Database\\Concerns\\BuildsQueries.php(333): Illuminate\\Database\\Eloquent\\Builder->get()
#11 E:\\Suorce\\VS_CODE\\WEB\\Mvek\\app\\Http\\Controllers\\CartController.php(304): Illuminate\\Database\\Eloquent\\Builder->first()
#12 E:\\Suorce\\VS_CODE\\WEB\\Mvek\\storage\\framework\\views\\aadc447ce5a5895a761b67b4427ccbe4.php(68): App\\Http\\Controllers\\CartController::getCount()
#13 E:\\Suorce\\VS_CODE\\WEB\\Mvek\\vendor\\laravel\\framework\\src\\Illuminate\\Filesystem\\Filesystem.php(123): require('E:\\\\Suorce\\\\VS_CO...')
#14 E:\\Suorce\\VS_CODE\\WEB\\Mvek\\vendor\\laravel\\framework\\src\\Illuminate\\Filesystem\\Filesystem.php(124): Illuminate\\Filesystem\\Filesystem::Illuminate\\Filesystem\\{closure}()
#15 E:\\Suorce\\VS_CODE\\WEB\\Mvek\\vendor\\laravel\\framework\\src\\Illuminate\\View\\Engines\\PhpEngine.php(58): Illuminate\\Filesystem\\Filesystem->getRequire()
#16 E:\\Suorce\\VS_CODE\\WEB\\Mvek\\vendor\\laravel\\framework\\src\\Illuminate\\View\\Engines\\CompilerEngine.php(72): Illuminate\\View\\Engines\\PhpEngine->evaluatePath()
#17 E:\\Suorce\\VS_CODE\\WEB\\Mvek\\vendor\\laravel\\framework\\src\\Illuminate\\View\\View.php(207): Illuminate\\View\\Engines\\CompilerEngine->get()
#18 E:\\Suorce\\VS_CODE\\WEB\\Mvek\\vendor\\laravel\\framework\\src\\Illuminate\\View\\View.php(190): Illuminate\\View\\View->getContents()
#19 E:\\Suorce\\VS_CODE\\WEB\\Mvek\\vendor\\laravel\\framework\\src\\Illuminate\\View\\View.php(159): Illuminate\\View\\View->renderContents()
#20 E:\\Suorce\\VS_CODE\\WEB\\Mvek\\storage\\framework\\views\\0a7bac3b44124d24d15af542cc6c02f2.php(93): Illuminate\\View\\View->render()
#21 E:\\Suorce\\VS_CODE\\WEB\\Mvek\\vendor\\laravel\\framework\\src\\Illuminate\\Filesystem\\Filesystem.php(123): require('E:\\\\Suorce\\\\VS_CO...')
#22 E:\\Suorce\\VS_CODE\\WEB\\Mvek\\vendor\\laravel\\framework\\src\\Illuminate\\Filesystem\\Filesystem.php(124): Illuminate\\Filesystem\\Filesystem::Illuminate\\Filesystem\\{closure}()
#23 E:\\Suorce\\VS_CODE\\WEB\\Mvek\\vendor\\laravel\\framework\\src\\Illuminate\\View\\Engines\\PhpEngine.php(58): Illuminate\\Filesystem\\Filesystem->getRequire()
#24 E:\\Suorce\\VS_CODE\\WEB\\Mvek\\vendor\\laravel\\framework\\src\\Illuminate\\View\\Engines\\CompilerEngine.php(72): Illuminate\\View\\Engines\\PhpEngine->evaluatePath()
#25 E:\\Suorce\\VS_CODE\\WEB\\Mvek\\vendor\\laravel\\framework\\src\\Illuminate\\View\\View.php(207): Illuminate\\View\\Engines\\CompilerEngine->get()
#26 E:\\Suorce\\VS_CODE\\WEB\\Mvek\\vendor\\laravel\\framework\\src\\Illuminate\\View\\View.php(190): Illuminate\\View\\View->getContents()
#27 E:\\Suorce\\VS_CODE\\WEB\\Mvek\\vendor\\laravel\\framework\\src\\Illuminate\\View\\View.php(159): Illuminate\\View\\View->renderContents()
#28 E:\\Suorce\\VS_CODE\\WEB\\Mvek\\vendor\\laravel\\framework\\src\\Illuminate\\Http\\Response.php(69): Illuminate\\View\\View->render()
#29 E:\\Suorce\\VS_CODE\\WEB\\Mvek\\vendor\\laravel\\framework\\src\\Illuminate\\Http\\Response.php(35): Illuminate\\Http\\Response->setContent()
#30 E:\\Suorce\\VS_CODE\\WEB\\Mvek\\vendor\\laravel\\framework\\src\\Illuminate\\Routing\\Router.php(918): Illuminate\\Http\\Response->__construct()
#31 E:\\Suorce\\VS_CODE\\WEB\\Mvek\\vendor\\laravel\\framework\\src\\Illuminate\\Routing\\Router.php(885): Illuminate\\Routing\\Router::toResponse()
#32 E:\\Suorce\\VS_CODE\\WEB\\Mvek\\vendor\\laravel\\framework\\src\\Illuminate\\Routing\\Router.php(806): Illuminate\\Routing\\Router->prepareResponse()
#33 E:\\Suorce\\VS_CODE\\WEB\\Mvek\\vendor\\laravel\\framework\\src\\Illuminate\\Pipeline\\Pipeline.php(144): Illuminate\\Routing\\Router->Illuminate\\Routing\\{closure}()
#34 E:\\Suorce\\VS_CODE\\WEB\\Mvek\\app\\Http\\Middleware\\SyncCart.php(15): Illuminate\\Pipeline\\Pipeline->Illuminate\\Pipeline\\{closure}()
#35 E:\\Suorce\\VS_CODE\\WEB\\Mvek\\vendor\\laravel\\framework\\src\\Illuminate\\Pipeline\\Pipeline.php(183): App\\Http\\Middleware\\SyncCart->handle()
#36 E:\\Suorce\\VS_CODE\\WEB\\Mvek\\vendor\\laravel\\framework\\src\\Illuminate\\Routing\\Middleware\\SubstituteBindings.php(50): Illuminate\\Pipeline\\Pipeline->Illuminate\\Pipeline\\{closure}()
#37 E:\\Suorce\\VS_CODE\\WEB\\Mvek\\vendor\\laravel\\framework\\src\\Illuminate\\Pipeline\\Pipeline.php(183): Illuminate\\Routing\\Middleware\\SubstituteBindings->handle()
#38 E:\\Suorce\\VS_CODE\\WEB\\Mvek\\vendor\\laravel\\framework\\src\\Illuminate\\Foundation\\Http\\Middleware\\VerifyCsrfToken.php(78): Illuminate\\Pipeline\\Pipeline->Illuminate\\Pipeline\\{closure}()
#39 E:\\Suorce\\VS_CODE\\WEB\\Mvek\\vendor\\laravel\\framework\\src\\Illuminate\\Pipeline\\Pipeline.php(183): Illuminate\\Foundation\\Http\\Middleware\\VerifyCsrfToken->handle()
#40 E:\\Suorce\\VS_CODE\\WEB\\Mvek\\vendor\\laravel\\framework\\src\\Illuminate\\View\\Middleware\\ShareErrorsFromSession.php(49): Illuminate\\Pipeline\\Pipeline->Illuminate\\Pipeline\\{closure}()
#41 E:\\Suorce\\VS_CODE\\WEB\\Mvek\\vendor\\laravel\\framework\\src\\Illuminate\\Pipeline\\Pipeline.php(183): Illuminate\\View\\Middleware\\ShareErrorsFromSession->handle()
#42 E:\\Suorce\\VS_CODE\\WEB\\Mvek\\vendor\\laravel\\framework\\src\\Illuminate\\Session\\Middleware\\StartSession.php(121): Illuminate\\Pipeline\\Pipeline->Illuminate\\Pipeline\\{closure}()
#43 E:\\Suorce\\VS_CODE\\WEB\\Mvek\\vendor\\laravel\\framework\\src\\Illuminate\\Session\\Middleware\\StartSession.php(64): Illuminate\\Session\\Middleware\\StartSession->handleStatefulRequest()
#44 E:\\Suorce\\VS_CODE\\WEB\\Mvek\\vendor\\laravel\\framework\\src\\Illuminate\\Pipeline\\Pipeline.php(183): Illuminate\\Session\\Middleware\\StartSession->handle()
#45 E:\\Suorce\\VS_CODE\\WEB\\Mvek\\vendor\\laravel\\framework\\src\\Illuminate\\Cookie\\Middleware\\AddQueuedCookiesToResponse.php(37): Illuminate\\Pipeline\\Pipeline->Illuminate\\Pipeline\\{closure}()
#46 E:\\Suorce\\VS_CODE\\WEB\\Mvek\\vendor\\laravel\\framework\\src\\Illuminate\\Pipeline\\Pipeline.php(183): Illuminate\\Cookie\\Middleware\\AddQueuedCookiesToResponse->handle()
#47 E:\\Suorce\\VS_CODE\\WEB\\Mvek\\vendor\\laravel\\framework\\src\\Illuminate\\Cookie\\Middleware\\EncryptCookies.php(67): Illuminate\\Pipeline\\Pipeline->Illuminate\\Pipeline\\{closure}()
#48 E:\\Suorce\\VS_CODE\\WEB\\Mvek\\vendor\\laravel\\framework\\src\\Illuminate\\Pipeline\\Pipeline.php(183): Illuminate\\Cookie\\Middleware\\EncryptCookies->handle()
#49 E:\\Suorce\\VS_CODE\\WEB\\Mvek\\vendor\\laravel\\framework\\src\\Illuminate\\Pipeline\\Pipeline.php(119): Illuminate\\Pipeline\\Pipeline->Illuminate\\Pipeline\\{closure}()
#50 E:\\Suorce\\VS_CODE\\WEB\\Mvek\\vendor\\laravel\\framework\\src\\Illuminate\\Routing\\Router.php(807): Illuminate\\Pipeline\\Pipeline->then()
#51 E:\\Suorce\\VS_CODE\\WEB\\Mvek\\vendor\\laravel\\framework\\src\\Illuminate\\Routing\\Router.php(784): Illuminate\\Routing\\Router->runRouteWithinStack()
#52 E:\\Suorce\\VS_CODE\\WEB\\Mvek\\vendor\\laravel\\framework\\src\\Illuminate\\Routing\\Router.php(748): Illuminate\\Routing\\Router->runRoute()
#53 E:\\Suorce\\VS_CODE\\WEB\\Mvek\\vendor\\laravel\\framework\\src\\Illuminate\\Routing\\Router.php(737): Illuminate\\Routing\\Router->dispatchToRoute()
#54 E:\\Suorce\\VS_CODE\\WEB\\Mvek\\vendor\\laravel\\framework\\src\\Illuminate\\Foundation\\Http\\Kernel.php(200): Illuminate\\Routing\\Router->dispatch()
#55 E:\\Suorce\\VS_CODE\\WEB\\Mvek\\vendor\\laravel\\framework\\src\\Illuminate\\Pipeline\\Pipeline.php(144): Illuminate\\Foundation\\Http\\Kernel->Illuminate\\Foundation\\Http\\{closure}()
#56 E:\\Suorce\\VS_CODE\\WEB\\Mvek\\vendor\\laravel\\framework\\src\\Illuminate\\Foundation\\Http\\Middleware\\TransformsRequest.php(21): Illuminate\\Pipeline\\Pipeline->Illuminate\\Pipeline\\{closure}()
#57 E:\\Suorce\\VS_CODE\\WEB\\Mvek\\vendor\\laravel\\framework\\src\\Illuminate\\Foundation\\Http\\Middleware\\ConvertEmptyStringsToNull.php(31): Illuminate\\Foundation\\Http\\Middleware\\TransformsRequest->handle()
#58 E:\\Suorce\\VS_CODE\\WEB\\Mvek\\vendor\\laravel\\framework\\src\\Illuminate\\Pipeline\\Pipeline.php(183): Illuminate\\Foundation\\Http\\Middleware\\ConvertEmptyStringsToNull->handle()
#59 E:\\Suorce\\VS_CODE\\WEB\\Mvek\\vendor\\laravel\\framework\\src\\Illuminate\\Foundation\\Http\\Middleware\\TransformsRequest.php(21): Illuminate\\Pipeline\\Pipeline->Illuminate\\Pipeline\\{closure}()
#60 E:\\Suorce\\VS_CODE\\WEB\\Mvek\\vendor\\laravel\\framework\\src\\Illuminate\\Foundation\\Http\\Middleware\\TrimStrings.php(40): Illuminate\\Foundation\\Http\\Middleware\\TransformsRequest->handle()
#61 E:\\Suorce\\VS_CODE\\WEB\\Mvek\\vendor\\laravel\\framework\\src\\Illuminate\\Pipeline\\Pipeline.php(183): Illuminate\\Foundation\\Http\\Middleware\\TrimStrings->handle()
#62 E:\\Suorce\\VS_CODE\\WEB\\Mvek\\vendor\\laravel\\framework\\src\\Illuminate\\Foundation\\Http\\Middleware\\ValidatePostSize.php(27): Illuminate\\Pipeline\\Pipeline->Illuminate\\Pipeline\\{closure}()
#63 E:\\Suorce\\VS_CODE\\WEB\\Mvek\\vendor\\laravel\\framework\\src\\Illuminate\\Pipeline\\Pipeline.php(183): Illuminate\\Foundation\\Http\\Middleware\\ValidatePostSize->handle()
#64 E:\\Suorce\\VS_CODE\\WEB\\Mvek\\vendor\\laravel\\framework\\src\\Illuminate\\Foundation\\Http\\Middleware\\PreventRequestsDuringMaintenance.php(99): Illuminate\\Pipeline\\Pipeline->Illuminate\\Pipeline\\{closure}()
#65 E:\\Suorce\\VS_CODE\\WEB\\Mvek\\vendor\\laravel\\framework\\src\\Illuminate\\Pipeline\\Pipeline.php(183): Illuminate\\Foundation\\Http\\Middleware\\PreventRequestsDuringMaintenance->handle()
#66 E:\\Suorce\\VS_CODE\\WEB\\Mvek\\vendor\\laravel\\framework\\src\\Illuminate\\Http\\Middleware\\HandleCors.php(49): Illuminate\\Pipeline\\Pipeline->Illuminate\\Pipeline\\{closure}()
#67 E:\\Suorce\\VS_CODE\\WEB\\Mvek\\vendor\\laravel\\framework\\src\\Illuminate\\Pipeline\\Pipeline.php(183): Illuminate\\Http\\Middleware\\HandleCors->handle()
#68 E:\\Suorce\\VS_CODE\\WEB\\Mvek\\vendor\\laravel\\framework\\src\\Illuminate\\Http\\Middleware\\TrustProxies.php(39): Illuminate\\Pipeline\\Pipeline->Illuminate\\Pipeline\\{closure}()
#69 E:\\Suorce\\VS_CODE\\WEB\\Mvek\\vendor\\laravel\\framework\\src\\Illuminate\\Pipeline\\Pipeline.php(183): Illuminate\\Http\\Middleware\\TrustProxies->handle()
#70 E:\\Suorce\\VS_CODE\\WEB\\Mvek\\vendor\\laravel\\framework\\src\\Illuminate\\Pipeline\\Pipeline.php(119): Illuminate\\Pipeline\\Pipeline->Illuminate\\Pipeline\\{closure}()
#71 E:\\Suorce\\VS_CODE\\WEB\\Mvek\\vendor\\laravel\\framework\\src\\Illuminate\\Foundation\\Http\\Kernel.php(175): Illuminate\\Pipeline\\Pipeline->then()
#72 E:\\Suorce\\VS_CODE\\WEB\\Mvek\\vendor\\laravel\\framework\\src\\Illuminate\\Foundation\\Http\\Kernel.php(144): Illuminate\\Foundation\\Http\\Kernel->sendRequestThroughRouter()
#73 E:\\Suorce\\VS_CODE\\WEB\\Mvek\\public\\index.php(52): Illuminate\\Foundation\\Http\\Kernel->handle()
#74 E:\\Suorce\\VS_CODE\\WEB\\Mvek\\vendor\\laravel\\framework\\src\\Illuminate\\Foundation\\resources\\server.php(16): require_once('E:\\\\Suorce\\\\VS_CO...')
#75 {main}
"} 
[2026-02-05 07:58:23] local.ERROR: SQLSTATE[23000]: Integrity constraint violation: 19 UNIQUE constraint failed: categories.slug (Connection: sqlite, SQL: insert into "categories" ("name", "slug", "updated_at", "created_at") values (VR-очки, vr-ochki, 2026-02-05 07:58:23, 2026-02-05 07:58:23)) {"exception":"[object] (Illuminate\\Database\\UniqueConstraintViolationException(code: 23000): SQLSTATE[23000]: Integrity constraint violation: 19 UNIQUE constraint failed: categories.slug (Connection: sqlite, SQL: insert into \"categories\" (\"name\", \"slug\", \"updated_at\", \"created_at\") values (VR-очки, vr-ochki, 2026-02-05 07:58:23, 2026-02-05 07:58:23)) at E:\\Suorce\\VS_CODE\\WEB\\Mvek\\vendor\\laravel\\framework\\src\\Illuminate\\Database\\Connection.php:824)
[stacktrace]
#0 E:\\Suorce\\VS_CODE\\WEB\\Mvek\\vendor\\laravel\\framework\\src\\Illuminate\\Database\\Connection.php(783): Illuminate\\Database\\Connection->runQueryCallback()
#1 E:\\Suorce\\VS_CODE\\WEB\\Mvek\\vendor\\laravel\\framework\\src\\Illuminate\\Database\\Connection.php(588): Illuminate\\Database\\Connection->run()
#2 E:\\Suorce\\VS_CODE\\WEB\\Mvek\\vendor\\laravel\\framework\\src\\Illuminate\\Database\\Connection.php(540): Illuminate\\Database\\Connection->statement()
#3 E:\\Suorce\\VS_CODE\\WEB\\Mvek\\vendor\\laravel\\framework\\src\\Illuminate\\Database\\Query\\Processors\\Processor.php(32): Illuminate\\Database\\Connection->insert()
#4 E:\\Suorce\\VS_CODE\\WEB\\Mvek\\vendor\\laravel\\framework\\src\\Illuminate\\Database\\Query\\Builder.php(3549): Illuminate\\Database\\Query\\Processors\\Processor->processInsertGetId()
#5 E:\\Suorce\\VS_CODE\\WEB\\Mvek\\vendor\\laravel\\framework\\src\\Illuminate\\Database\\Eloquent\\Builder.php(1982): Illuminate\\Database\\Query\\Builder->insertGetId()
#6 E:\\Suorce\\VS_CODE\\WEB\\Mvek\\vendor\\laravel\\framework\\src\\Illuminate\\Database\\Eloquent\\Model.php(1334): Illuminate\\Database\\Eloquent\\Builder->__call()
#7 E:\\Suorce\\VS_CODE\\WEB\\Mvek\\vendor\\laravel\\framework\\src\\Illuminate\\Database\\Eloquent\\Model.php(1299): Illuminate\\Database\\Eloquent\\Model->insertAndSetId()
#8 E:\\Suorce\\VS_CODE\\WEB\\Mvek\\vendor\\laravel\\framework\\src\\Illuminate\\Database\\Eloquent\\Model.php(1138): Illuminate\\Database\\Eloquent\\Model->performInsert()
#9 E:\\Suorce\\VS_CODE\\WEB\\Mvek\\vendor\\laravel\\framework\\src\\Illuminate\\Database\\Eloquent\\Builder.php(1025): Illuminate\\Database\\Eloquent\\Model->save()
#10 E:\\Suorce\\VS_CODE\\WEB\\Mvek\\vendor\\laravel\\framework\\src\\Illuminate\\Support\\helpers.php(320): Illuminate\\Database\\Eloquent\\Builder->Illuminate\\Database\\Eloquent\\{closure}()
#11 E:\\Suorce\\VS_CODE\\WEB\\Mvek\\vendor\\laravel\\framework\\src\\Illuminate\\Database\\Eloquent\\Builder.php(1026): tap()
#12 E:\\Suorce\\VS_CODE\\WEB\\Mvek\\vendor\\laravel\\framework\\src\\Illuminate\\Support\\Traits\\ForwardsCalls.php(23): Illuminate\\Database\\Eloquent\\Builder->create()
#13 E:\\Suorce\\VS_CODE\\WEB\\Mvek\\vendor\\laravel\\framework\\src\\Illuminate\\Database\\Eloquent\\Model.php(2335): Illuminate\\Database\\Eloquent\\Model->forwardCallTo()
#14 E:\\Suorce\\VS_CODE\\WEB\\Mvek\\vendor\\laravel\\framework\\src\\Illuminate\\Database\\Eloquent\\Model.php(2347): Illuminate\\Database\\Eloquent\\Model->__call()
#15 E:\\Suorce\\VS_CODE\\WEB\\Mvek\\database\\seeders\\ProductSeeder.php(17): Illuminate\\Database\\Eloquent\\Model::__callStatic()
#16 E:\\Suorce\\VS_CODE\\WEB\\Mvek\\vendor\\laravel\\framework\\src\\Illuminate\\Container\\BoundMethod.php(36): Database\\Seeders\\ProductSeeder->run()
#17 E:\\Suorce\\VS_CODE\\WEB\\Mvek\\vendor\\laravel\\framework\\src\\Illuminate\\Container\\Util.php(41): Illuminate\\Container\\BoundMethod::Illuminate\\Container\\{closure}()
#18 E:\\Suorce\\VS_CODE\\WEB\\Mvek\\vendor\\laravel\\framework\\src\\Illuminate\\Container\\BoundMethod.php(93): Illuminate\\Container\\Util::unwrapIfClosure()
#19 E:\\Suorce\\VS_CODE\\WEB\\Mvek\\vendor\\laravel\\framework\\src\\Illuminate\\Container\\BoundMethod.php(37): Illuminate\\Container\\BoundMethod::callBoundMethod()
#20 E:\\Suorce\\VS_CODE\\WEB\\Mvek\\vendor\\laravel\\framework\\src\\Illuminate\\Container\\Container.php(662): Illuminate\\Container\\BoundMethod::call()
#21 E:\\Suorce\\VS_CODE\\WEB\\Mvek\\vendor\\laravel\\framework\\src\\Illuminate\\Database\\Seeder.php(184): Illuminate\\Container\\Container->call()
#22 E:\\Suorce\\VS_CODE\\WEB\\Mvek\\vendor\\laravel\\framework\\src\\Illuminate\\Database\\Seeder.php(193): Illuminate\\Database\\Seeder->Illuminate\\Database\\{closure}()
#23 E:\\Suorce\\VS_CODE\\WEB\\Mvek\\vendor\\laravel\\framework\\src\\Illuminate\\Database\\Console\\Seeds\\SeedCommand.php(70): Illuminate\\Database\\Seeder->__invoke()
#24 E:\\Suorce\\VS_CODE\\WEB\\Mvek\\vendor\\laravel\\framework\\src\\Illuminate\\Database\\Eloquent\\Concerns\\GuardsAttributes.php(155): Illuminate\\Database\\Console\\Seeds\\SeedCommand->Illuminate\\Database\\Console\\Seeds\\{closure}()
#25 E:\\Suorce\\VS_CODE\\WEB\\Mvek\\vendor\\laravel\\framework\\src\\Illuminate\\Database\\Console\\Seeds\\SeedCommand.php(71): Illuminate\\Database\\Eloquent\\Model::unguarded()
#26 E:\\Suorce\\VS_CODE\\WEB\\Mvek\\vendor\\laravel\\framework\\src\\Illuminate\\Container\\BoundMethod.php(36): Illuminate\\Database\\Console\\Seeds\\SeedCommand->handle()
#27 E:\\Suorce\\VS_CODE\\WEB\\Mvek\\vendor\\laravel\\framework\\src\\Illuminate\\Container\\Util.php(41): Illuminate\\Container\\BoundMethod::Illuminate\\Container\\{closure}()
#28 E:\\Suorce\\VS_CODE\\WEB\\Mvek\\vendor\\laravel\\framework\\src\\Illuminate\\Container\\BoundMethod.php(93): Illuminate\\Container\\Util::unwrapIfClosure()
#29 E:\\Suorce\\VS_CODE\\WEB\\Mvek\\vendor\\laravel\\framework\\src\\Illuminate\\Container\\BoundMethod.php(37): Illuminate\\Container\\BoundMethod::callBoundMethod()
#30 E:\\Suorce\\VS_CODE\\WEB\\Mvek\\vendor\\laravel\\framework\\src\\Illuminate\\Container\\Container.php(662): Illuminate\\Container\\BoundMethod::call()
#31 E:\\Suorce\\VS_CODE\\WEB\\Mvek\\vendor\\laravel\\framework\\src\\Illuminate\\Console\\Command.php(211): Illuminate\\Container\\Container->call()
#32 E:\\Suorce\\VS_CODE\\WEB\\Mvek\\vendor\\symfony\\console\\Command\\Command.php(326): Illuminate\\Console\\Command->execute()
#33 E:\\Suorce\\VS_CODE\\WEB\\Mvek\\vendor\\laravel\\framework\\src\\Illuminate\\Console\\Command.php(181): Symfony\\Component\\Console\\Command\\Command->run()
#34 E:\\Suorce\\VS_CODE\\WEB\\Mvek\\vendor\\symfony\\console\\Application.php(1106): Illuminate\\Console\\Command->run()
#35 E:\\Suorce\\VS_CODE\\WEB\\Mvek\\vendor\\symfony\\console\\Application.php(324): Symfony\\Component\\Console\\Application->doRunCommand()
#36 E:\\Suorce\\VS_CODE\\WEB\\Mvek\\vendor\\symfony\\console\\Application.php(175): Symfony\\Component\\Console\\Application->doRun()
#37 E:\\Suorce\\VS_CODE\\WEB\\Mvek\\vendor\\laravel\\framework\\src\\Illuminate\\Foundation\\Console\\Kernel.php(201): Symfony\\Component\\Console\\Application->run()
#38 E:\\Suorce\\VS_CODE\\WEB\\Mvek\\artisan(37): Illuminate\\Foundation\\Console\\Kernel->handle()
#39 {main}

[previous exception] [object] (PDOException(code: 23000): SQLSTATE[23000]: Integrity constraint violation: 19 UNIQUE constraint failed: categories.slug at E:\\Suorce\\VS_CODE\\WEB\\Mvek\\vendor\\laravel\\framework\\src\\Illuminate\\Database\\Connection.php:587)
[stacktrace]
#0 E:\\Suorce\\VS_CODE\\WEB\\Mvek\\vendor\\laravel\\framework\\src\\Illuminate\\Database\\Connection.php(587): PDOStatement->execute()
#1 E:\\Suorce\\VS_CODE\\WEB\\Mvek\\vendor\\laravel\\framework\\src\\Illuminate\\Database\\Connection.php(816): Illuminate\\Database\\Connection->Illuminate\\Database\\{closure}()
#2 E:\\Suorce\\VS_CODE\\WEB\\Mvek\\vendor\\laravel\\framework\\src\\Illuminate\\Database\\Connection.php(783): Illuminate\\Database\\Connection->runQueryCallback()
#3 E:\\Suorce\\VS_CODE\\WEB\\Mvek\\vendor\\laravel\\framework\\src\\Illuminate\\Database\\Connection.php(588): Illuminate\\Database\\Connection->run()
#4 E:\\Suorce\\VS_CODE\\WEB\\Mvek\\vendor\\laravel\\framework\\src\\Illuminate\\Database\\Connection.php(540): Illuminate\\Database\\Connection->statement()
#5 E:\\Suorce\\VS_CODE\\WEB\\Mvek\\vendor\\laravel\\framework\\src\\Illuminate\\Database\\Query\\Processors\\Processor.php(32): Illuminate\\Database\\Connection->insert()
#6 E:\\Suorce\\VS_CODE\\WEB\\Mvek\\vendor\\laravel\\framework\\src\\Illuminate\\Database\\Query\\Builder.php(3549): Illuminate\\Database\\Query\\Processors\\Processor->processInsertGetId()
#7 E:\\Suorce\\VS_CODE\\WEB\\Mvek\\vendor\\laravel\\framework\\src\\Illuminate\\Database\\Eloquent\\Builder.php(1982): Illuminate\\Database\\Query\\Builder->insertGetId()
#8 E:\\Suorce\\VS_CODE\\WEB\\Mvek\\vendor\\laravel\\framework\\src\\Illuminate\\Database\\Eloquent\\Model.php(1334): Illuminate\\Database\\Eloquent\\Builder->__call()
#9 E:\\Suorce\\VS_CODE\\WEB\\Mvek\\vendor\\laravel\\framework\\src\\Illuminate\\Database\\Eloquent\\Model.php(1299): Illuminate\\Database\\Eloquent\\Model->insertAndSetId()
#10 E:\\Suorce\\VS_CODE\\WEB\\Mvek\\vendor\\laravel\\framework\\src\\Illuminate\\Database\\Eloquent\\Model.php(1138): Illuminate\\Database\\Eloquent\\Model->performInsert()
#11 E:\\Suorce\\VS_CODE\\WEB\\Mvek\\vendor\\laravel\\framework\\src\\Illuminate\\Database\\Eloquent\\Builder.php(1025): Illuminate\\Database\\Eloquent\\Model->save()
#12 E:\\Suorce\\VS_CODE\\WEB\\Mvek\\vendor\\laravel\\framework\\src\\Illuminate\\Support\\helpers.php(320): Illuminate\\Database\\Eloquent\\Builder->Illuminate\\Database\\Eloquent\\{closure}()
#13 E:\\Suorce\\VS_CODE\\WEB\\Mvek\\vendor\\laravel\\framework\\src\\Illuminate\\Database\\Eloquent\\Builder.php(1026): tap()
#14 E:\\Suorce\\VS_CODE\\WEB\\Mvek\\vendor\\laravel\\framework\\src\\Illuminate\\Support\\Traits\\ForwardsCalls.php(23): Illuminate\\Database\\Eloquent\\Builder->create()
#15 E:\\Suorce\\VS_CODE\\WEB\\Mvek\\vendor\\laravel\\framework\\src\\Illuminate\\Database\\Eloquent\\Model.php(2335): Illuminate\\Database\\Eloquent\\Model->forwardCallTo()
#16 E:\\Suorce\\VS_CODE\\WEB\\Mvek\\vendor\\laravel\\framework\\src\\Illuminate\\Database\\Eloquent\\Model.php(2347): Illuminate\\Database\\Eloquent\\Model->__call()
#17 E:\\Suorce\\VS_CODE\\WEB\\Mvek\\database\\seeders\\ProductSeeder.php(17): Illuminate\\Database\\Eloquent\\Model::__callStatic()
#18 E:\\Suorce\\VS_CODE\\WEB\\Mvek\\vendor\\laravel\\framework\\src\\Illuminate\\Container\\BoundMethod.php(36): Database\\Seeders\\ProductSeeder->run()
#19 E:\\Suorce\\VS_CODE\\WEB\\Mvek\\vendor\\laravel\\framework\\src\\Illuminate\\Container\\Util.php(41): Illuminate\\Container\\BoundMethod::Illuminate\\Container\\{closure}()
#20 E:\\Suorce\\VS_CODE\\WEB\\Mvek\\vendor\\laravel\\framework\\src\\Illuminate\\Container\\BoundMethod.php(93): Illuminate\\Container\\Util::unwrapIfClosure()
#21 E:\\Suorce\\VS_CODE\\WEB\\Mvek\\vendor\\laravel\\framework\\src\\Illuminate\\Container\\BoundMethod.php(37): Illuminate\\Container\\BoundMethod::callBoundMethod()
#22 E:\\Suorce\\VS_CODE\\WEB\\Mvek\\vendor\\laravel\\framework\\src\\Illuminate\\Container\\Container.php(662): Illuminate\\Container\\BoundMethod::call()
#23 E:\\Suorce\\VS_CODE\\WEB\\Mvek\\vendor\\laravel\\framework\\src\\Illuminate\\Database\\Seeder.php(184): Illuminate\\Container\\Container->call()
#24 E:\\Suorce\\VS_CODE\\WEB\\Mvek\\vendor\\laravel\\framework\\src\\Illuminate\\Database\\Seeder.php(193): Illuminate\\Database\\Seeder->Illuminate\\Database\\{closure}()
#25 E:\\Suorce\\VS_CODE\\WEB\\Mvek\\vendor\\laravel\\framework\\src\\Illuminate\\Database\\Console\\Seeds\\SeedCommand.php(70): Illuminate\\Database\\Seeder->__invoke()
#26 E:\\Suorce\\VS_CODE\\WEB\\Mvek\\vendor\\laravel\\framework\\src\\Illuminate\\Database\\Eloquent\\Concerns\\GuardsAttributes.php(155): Illuminate\\Database\\Console\\Seeds\\SeedCommand->Illuminate\\Database\\Console\\Seeds\\{closure}()
#27 E:\\Suorce\\VS_CODE\\WEB\\Mvek\\vendor\\laravel\\framework\\src\\Illuminate\\Database\\Console\\Seeds\\SeedCommand.php(71): Illuminate\\Database\\Eloquent\\Model::unguarded()
#28 E:\\Suorce\\VS_CODE\\WEB\\Mvek\\vendor\\laravel\\framework\\src\\Illuminate\\Container\\BoundMethod.php(36): Illuminate\\Database\\Console\\Seeds\\SeedCommand->handle()
#29 E:\\Suorce\\VS_CODE\\WEB\\Mvek\\vendor\\laravel\\framework\\src\\Illuminate\\Container\\Util.php(41): Illuminate\\Container\\BoundMethod::Illuminate\\Container\\{closure}()
#30 E:\\Suorce\\VS_CODE\\WEB\\Mvek\\vendor\\laravel\\framework\\src\\Illuminate\\Container\\BoundMethod.php(93): Illuminate\\Container\\Util::unwrapIfClosure()
#31 E:\\Suorce\\VS_CODE\\WEB\\Mvek\\vendor\\laravel\\framework\\src\\Illuminate\\Container\\BoundMethod.php(37): Illuminate\\Container\\BoundMethod::callBoundMethod()
#32 E:\\Suorce\\VS_CODE\\WEB\\Mvek\\vendor\\laravel\\framework\\src\\Illuminate\\Container\\Container.php(662): Illuminate\\Container\\BoundMethod::call()
#33 E:\\Suorce\\VS_CODE\\WEB\\Mvek\\vendor\\laravel\\framework\\src\\Illuminate\\Console\\Command.php(211): Illuminate\\Container\\Container->call()
#34 E:\\Suorce\\VS_CODE\\WEB\\Mvek\\vendor\\symfony\\console\\Command\\Command.php(326): Illuminate\\Console\\Command->execute()
#35 E:\\Suorce\\VS_CODE\\WEB\\Mvek\\vendor\\laravel\\framework\\src\\Illuminate\\Console\\Command.php(181): Symfony\\Component\\Console\\Command\\Command->run()
#36 E:\\Suorce\\VS_CODE\\WEB\\Mvek\\vendor\\symfony\\console\\Application.php(1106): Illuminate\\Console\\Command->run()
#37 E:\\Suorce\\VS_CODE\\WEB\\Mvek\\vendor\\symfony\\console\\Application.php(324): Symfony\\Component\\Console\\Application->doRunCommand()
#38 E:\\Suorce\\VS_CODE\\WEB\\Mvek\\vendor\\symfony\\console\\Application.php(175): Symfony\\Component\\Console\\Application->doRun()
#39 E:\\Suorce\\VS_CODE\\WEB\\Mvek\\vendor\\laravel\\framework\\src\\Illuminate\\Foundation\\Console\\Kernel.php(201): Symfony\\Component\\Console\\Application->run()
#40 E:\\Suorce\\VS_CODE\\WEB\\Mvek\\artisan(37): Illuminate\\Foundation\\Console\\Kernel->handle()
#41 {main}
"} 
[2026-02-24 05:22:50] local.ERROR: could not find driver (Connection: sqlite, SQL: PRAGMA foreign_keys = ON;) {"exception":"[object] (Illuminate\\Database\\QueryException(code: 0): could not find driver (Connection: sqlite, SQL: PRAGMA foreign_keys = ON;) at E:\\Suorce\\VS_CODE\\WEB\\Mvek\\vendor\\laravel\\framework\\src\\Illuminate\\Database\\Connection.php:829)
[stacktrace]
#0 E:\\Suorce\\VS_CODE\\WEB\\Mvek\\vendor\\laravel\\framework\\src\\Illuminate\\Database\\Connection.php(783): Illuminate\\Database\\Connection->runQueryCallback()
#1 E:\\Suorce\\VS_CODE\\WEB\\Mvek\\vendor\\laravel\\framework\\src\\Illuminate\\Database\\Connection.php(576): Illuminate\\Database\\Connection->run()
#2 E:\\Suorce\\VS_CODE\\WEB\\Mvek\\vendor\\laravel\\framework\\src\\Illuminate\\Database\\Schema\\Builder.php(560): Illuminate\\Database\\Connection->statement()
#3 E:\\Suorce\\VS_CODE\\WEB\\Mvek\\vendor\\laravel\\framework\\src\\Illuminate\\Database\\SQLiteConnection.php(36): Illuminate\\Database\\Schema\\Builder->enableForeignKeyConstraints()
#4 E:\\Suorce\\VS_CODE\\WEB\\Mvek\\vendor\\laravel\\framework\\src\\Illuminate\\Database\\Connectors\\ConnectionFactory.php(272): Illuminate\\Database\\SQLiteConnection->__construct()
#5 E:\\Suorce\\VS_CODE\\WEB\\Mvek\\vendor\\laravel\\framework\\src\\Illuminate\\Database\\Connectors\\ConnectionFactory.php(75): Illuminate\\Database\\Connectors\\ConnectionFactory->createConnection()
#6 E:\\Suorce\\VS_CODE\\WEB\\Mvek\\vendor\\laravel\\framework\\src\\Illuminate\\Database\\Connectors\\ConnectionFactory.php(50): Illuminate\\Database\\Connectors\\ConnectionFactory->createSingleConnection()
#7 E:\\Suorce\\VS_CODE\\WEB\\Mvek\\vendor\\laravel\\framework\\src\\Illuminate\\Database\\DatabaseManager.php(175): Illuminate\\Database\\Connectors\\ConnectionFactory->make()
#8 E:\\Suorce\\VS_CODE\\WEB\\Mvek\\vendor\\laravel\\framework\\src\\Illuminate\\Database\\DatabaseManager.php(101): Illuminate\\Database\\DatabaseManager->makeConnection()
#9 E:\\Suorce\\VS_CODE\\WEB\\Mvek\\vendor\\laravel\\framework\\src\\Illuminate\\Database\\Eloquent\\Model.php(1820): Illuminate\\Database\\DatabaseManager->connection()
#10 E:\\Suorce\\VS_CODE\\WEB\\Mvek\\vendor\\laravel\\framework\\src\\Illuminate\\Database\\Eloquent\\Model.php(1786): Illuminate\\Database\\Eloquent\\Model::resolveConnection()
#11 E:\\Suorce\\VS_CODE\\WEB\\Mvek\\vendor\\laravel\\framework\\src\\Illuminate\\Database\\Eloquent\\Model.php(1577): Illuminate\\Database\\Eloquent\\Model->getConnection()
#12 E:\\Suorce\\VS_CODE\\WEB\\Mvek\\vendor\\laravel\\framework\\src\\Illuminate\\Database\\Eloquent\\Model.php(1496): Illuminate\\Database\\Eloquent\\Model->newBaseQueryBuilder()
#13 E:\\Suorce\\VS_CODE\\WEB\\Mvek\\vendor\\laravel\\framework\\src\\Illuminate\\Database\\Eloquent\\Model.php(1532): Illuminate\\Database\\Eloquent\\Model->newModelQuery()
#14 E:\\Suorce\\VS_CODE\\WEB\\Mvek\\vendor\\laravel\\framework\\src\\Illuminate\\Database\\Eloquent\\Model.php(1485): Illuminate\\Database\\Eloquent\\Model->newQueryWithoutScopes()
#15 E:\\Suorce\\VS_CODE\\WEB\\Mvek\\vendor\\laravel\\framework\\src\\Illuminate\\Database\\Eloquent\\Model.php(1475): Illuminate\\Database\\Eloquent\\Model->newQuery()
#16 E:\\Suorce\\VS_CODE\\WEB\\Mvek\\vendor\\laravel\\framework\\src\\Illuminate\\Database\\Eloquent\\Model.php(688): Illuminate\\Database\\Eloquent\\Model::query()
#17 E:\\Suorce\\VS_CODE\\WEB\\Mvek\\app\\Http\\Controllers\\HomeController.php(12): Illuminate\\Database\\Eloquent\\Model::with()
#18 E:\\Suorce\\VS_CODE\\WEB\\Mvek\\vendor\\laravel\\framework\\src\\Illuminate\\Routing\\Controller.php(54): App\\Http\\Controllers\\HomeController->index()
#19 E:\\Suorce\\VS_CODE\\WEB\\Mvek\\vendor\\laravel\\framework\\src\\Illuminate\\Routing\\ControllerDispatcher.php(43): Illuminate\\Routing\\Controller->callAction()
#20 E:\\Suorce\\VS_CODE\\WEB\\Mvek\\vendor\\laravel\\framework\\src\\Illuminate\\Routing\\Route.php(259): Illuminate\\Routing\\ControllerDispatcher->dispatch()
#21 E:\\Suorce\\VS_CODE\\WEB\\Mvek\\vendor\\laravel\\framework\\src\\Illuminate\\Routing\\Route.php(205): Illuminate\\Routing\\Route->runController()
#22 E:\\Suorce\\VS_CODE\\WEB\\Mvek\\vendor\\laravel\\framework\\src\\Illuminate\\Routing\\Router.php(806): Illuminate\\Routing\\Route->run()
#23 E:\\Suorce\\VS_CODE\\WEB\\Mvek\\vendor\\laravel\\framework\\src\\Illuminate\\Pipeline\\Pipeline.php(144): Illuminate\\Routing\\Router->{closure:Illuminate\\Routing\\Router::runRouteWithinStack():805}()
#24 E:\\Suorce\\VS_CODE\\WEB\\Mvek\\vendor\\laravel\\framework\\src\\Illuminate\\Routing\\Middleware\\SubstituteBindings.php(50): Illuminate\\Pipeline\\Pipeline->{closure:Illuminate\\Pipeline\\Pipeline::prepareDestination():142}()
#25 E:\\Suorce\\VS_CODE\\WEB\\Mvek\\vendor\\laravel\\framework\\src\\Illuminate\\Pipeline\\Pipeline.php(183): Illuminate\\Routing\\Middleware\\SubstituteBindings->handle()
#26 E:\\Suorce\\VS_CODE\\WEB\\Mvek\\vendor\\laravel\\framework\\src\\Illuminate\\Foundation\\Http\\Middleware\\VerifyCsrfToken.php(78): Illuminate\\Pipeline\\Pipeline->{closure:{closure:Illuminate\\Pipeline\\Pipeline::carry():158}:159}()
#27 E:\\Suorce\\VS_CODE\\WEB\\Mvek\\vendor\\laravel\\framework\\src\\Illuminate\\Pipeline\\Pipeline.php(183): Illuminate\\Foundation\\Http\\Middleware\\VerifyCsrfToken->handle()
#28 E:\\Suorce\\VS_CODE\\WEB\\Mvek\\vendor\\laravel\\framework\\src\\Illuminate\\View\\Middleware\\ShareErrorsFromSession.php(49): Illuminate\\Pipeline\\Pipeline->{closure:{closure:Illuminate\\Pipeline\\Pipeline::carry():158}:159}()
#29 E:\\Suorce\\VS_CODE\\WEB\\Mvek\\vendor\\laravel\\framework\\src\\Illuminate\\Pipeline\\Pipeline.php(183): Illuminate\\View\\Middleware\\ShareErrorsFromSession->handle()
#30 E:\\Suorce\\VS_CODE\\WEB\\Mvek\\vendor\\laravel\\framework\\src\\Illuminate\\Session\\Middleware\\StartSession.php(121): Illuminate\\Pipeline\\Pipeline->{closure:{closure:Illuminate\\Pipeline\\Pipeline::carry():158}:159}()
#31 E:\\Suorce\\VS_CODE\\WEB\\Mvek\\vendor\\laravel\\framework\\src\\Illuminate\\Session\\Middleware\\StartSession.php(64): Illuminate\\Session\\Middleware\\StartSession->handleStatefulRequest()
#32 E:\\Suorce\\VS_CODE\\WEB\\Mvek\\vendor\\laravel\\framework\\src\\Illuminate\\Pipeline\\Pipeline.php(183): Illuminate\\Session\\Middleware\\StartSession->handle()
#33 E:\\Suorce\\VS_CODE\\WEB\\Mvek\\vendor\\laravel\\framework\\src\\Illuminate\\Cookie\\Middleware\\AddQueuedCookiesToResponse.php(37): Illuminate\\Pipeline\\Pipeline->{closure:{closure:Illuminate\\Pipeline\\Pipeline::carry():158}:159}()
#34 E:\\Suorce\\VS_CODE\\WEB\\Mvek\\vendor\\laravel\\framework\\src\\Illuminate\\Pipeline\\Pipeline.php(183): Illuminate\\Cookie\\Middleware\\AddQueuedCookiesToResponse->handle()
#35 E:\\Suorce\\VS_CODE\\WEB\\Mvek\\vendor\\laravel\\framework\\src\\Illuminate\\Cookie\\Middleware\\EncryptCookies.php(67): Illuminate\\Pipeline\\Pipeline->{closure:{closure:Illuminate\\Pipeline\\Pipeline::carry():158}:159}()
#36 E:\\Suorce\\VS_CODE\\WEB\\Mvek\\vendor\\laravel\\framework\\src\\Illuminate\\Pipeline\\Pipeline.php(183): Illuminate\\Cookie\\Middleware\\EncryptCookies->handle()
#37 E:\\Suorce\\VS_CODE\\WEB\\Mvek\\vendor\\laravel\\framework\\src\\Illuminate\\Pipeline\\Pipeline.php(119): Illuminate\\Pipeline\\Pipeline->{closure:{closure:Illuminate\\Pipeline\\Pipeline::carry():158}:159}()
#38 E:\\Suorce\\VS_CODE\\WEB\\Mvek\\vendor\\laravel\\framework\\src\\Illuminate\\Routing\\Router.php(805): Illuminate\\Pipeline\\Pipeline->then()
#39 E:\\Suorce\\VS_CODE\\WEB\\Mvek\\vendor\\laravel\\framework\\src\\Illuminate\\Routing\\Router.php(784): Illuminate\\Routing\\Router->runRouteWithinStack()
#40 E:\\Suorce\\VS_CODE\\WEB\\Mvek\\vendor\\laravel\\framework\\src\\Illuminate\\Routing\\Router.php(748): Illuminate\\Routing\\Router->runRoute()
#41 E:\\Suorce\\VS_CODE\\WEB\\Mvek\\vendor\\laravel\\framework\\src\\Illuminate\\Routing\\Router.php(737): Illuminate\\Routing\\Router->dispatchToRoute()
#42 E:\\Suorce\\VS_CODE\\WEB\\Mvek\\vendor\\laravel\\framework\\src\\Illuminate\\Foundation\\Http\\Kernel.php(200): Illuminate\\Routing\\Router->dispatch()
#43 E:\\Suorce\\VS_CODE\\WEB\\Mvek\\vendor\\laravel\\framework\\src\\Illuminate\\Pipeline\\Pipeline.php(144): Illuminate\\Foundation\\Http\\Kernel->{closure:Illuminate\\Foundation\\Http\\Kernel::dispatchToRouter():197}()
#44 E:\\Suorce\\VS_CODE\\WEB\\Mvek\\vendor\\laravel\\framework\\src\\Illuminate\\Foundation\\Http\\Middleware\\TransformsRequest.php(21): Illuminate\\Pipeline\\Pipeline->{closure:Illuminate\\Pipeline\\Pipeline::prepareDestination():142}()
#45 E:\\Suorce\\VS_CODE\\WEB\\Mvek\\vendor\\laravel\\framework\\src\\Illuminate\\Foundation\\Http\\Middleware\\ConvertEmptyStringsToNull.php(31): Illuminate\\Foundation\\Http\\Middleware\\TransformsRequest->handle()
#46 E:\\Suorce\\VS_CODE\\WEB\\Mvek\\vendor\\laravel\\framework\\src\\Illuminate\\Pipeline\\Pipeline.php(183): Illuminate\\Foundation\\Http\\Middleware\\ConvertEmptyStringsToNull->handle()
#47 E:\\Suorce\\VS_CODE\\WEB\\Mvek\\vendor\\laravel\\framework\\src\\Illuminate\\Foundation\\Http\\Middleware\\TransformsRequest.php(21): Illuminate\\Pipeline\\Pipeline->{closure:{closure:Illuminate\\Pipeline\\Pipeline::carry():158}:159}()
#48 E:\\Suorce\\VS_CODE\\WEB\\Mvek\\vendor\\laravel\\framework\\src\\Illuminate\\Foundation\\Http\\Middleware\\TrimStrings.php(40): Illuminate\\Foundation\\Http\\Middleware\\TransformsRequest->handle()
#49 E:\\Suorce\\VS_CODE\\WEB\\Mvek\\vendor\\laravel\\framework\\src\\Illuminate\\Pipeline\\Pipeline.php(183): Illuminate\\Foundation\\Http\\Middleware\\TrimStrings->handle()
#50 E:\\Suorce\\VS_CODE\\WEB\\Mvek\\vendor\\laravel\\framework\\src\\Illuminate\\Foundation\\Http\\Middleware\\ValidatePostSize.php(27): Illuminate\\Pipeline\\Pipeline->{closure:{closure:Illuminate\\Pipeline\\Pipeline::carry():158}:159}()
#51 E:\\Suorce\\VS_CODE\\WEB\\Mvek\\vendor\\laravel\\framework\\src\\Illuminate\\Pipeline\\Pipeline.php(183): Illuminate\\Foundation\\Http\\Middleware\\ValidatePostSize->handle()
#52 E:\\Suorce\\VS_CODE\\WEB\\Mvek\\vendor\\laravel\\framework\\src\\Illuminate\\Foundation\\Http\\Middleware\\PreventRequestsDuringMaintenance.php(99): Illuminate\\Pipeline\\Pipeline->{closure:{closure:Illuminate\\Pipeline\\Pipeline::carry():158}:159}()
#53 E:\\Suorce\\VS_CODE\\WEB\\Mvek\\vendor\\laravel\\framework\\src\\Illuminate\\Pipeline\\Pipeline.php(183): Illuminate\\Foundation\\Http\\Middleware\\PreventRequestsDuringMaintenance->handle()
#54 E:\\Suorce\\VS_CODE\\WEB\\Mvek\\vendor\\laravel\\framework\\src\\Illuminate\\Http\\Middleware\\HandleCors.php(49): Illuminate\\Pipeline\\Pipeline->{closure:{closure:Illuminate\\Pipeline\\Pipeline::carry():158}:159}()
#55 E:\\Suorce\\VS_CODE\\WEB\\Mvek\\vendor\\laravel\\framework\\src\\Illuminate\\Pipeline\\Pipeline.php(183): Illuminate\\Http\\Middleware\\HandleCors->handle()
#56 E:\\Suorce\\VS_CODE\\WEB\\Mvek\\vendor\\laravel\\framework\\src\\Illuminate\\Http\\Middleware\\TrustProxies.php(39): Illuminate\\Pipeline\\Pipeline->{closure:{closure:Illuminate\\Pipeline\\Pipeline::carry():158}:159}()
#57 E:\\Suorce\\VS_CODE\\WEB\\Mvek\\vendor\\laravel\\framework\\src\\Illuminate\\Pipeline\\Pipeline.php(183): Illuminate\\Http\\Middleware\\TrustProxies->handle()
#58 E:\\Suorce\\VS_CODE\\WEB\\Mvek\\vendor\\laravel\\framework\\src\\Illuminate\\Pipeline\\Pipeline.php(119): Illuminate\\Pipeline\\Pipeline->{closure:{closure:Illuminate\\Pipeline\\Pipeline::carry():158}:159}()
#59 E:\\Suorce\\VS_CODE\\WEB\\Mvek\\vendor\\laravel\\framework\\src\\Illuminate\\Foundation\\Http\\Kernel.php(175): Illuminate\\Pipeline\\Pipeline->then()
#60 E:\\Suorce\\VS_CODE\\WEB\\Mvek\\vendor\\laravel\\framework\\src\\Illuminate\\Foundation\\Http\\Kernel.php(144): Illuminate\\Foundation\\Http\\Kernel->sendRequestThroughRouter()
#61 E:\\Suorce\\VS_CODE\\WEB\\Mvek\\public\\index.php(51): Illuminate\\Foundation\\Http\\Kernel->handle()
#62 E:\\Suorce\\VS_CODE\\WEB\\Mvek\\vendor\\laravel\\framework\\src\\Illuminate\\Foundation\\resources\\server.php(16): require_once('...')
#63 {main}

[previous exception] [object] (PDOException(code: 0): could not find driver at E:\\Suorce\\VS_CODE\\WEB\\Mvek\\vendor\\laravel\\framework\\src\\Illuminate\\Database\\Connectors\\Connector.php:65)
[stacktrace]
#0 E:\\Suorce\\VS_CODE\\WEB\\Mvek\\vendor\\laravel\\framework\\src\\Illuminate\\Database\\Connectors\\Connector.php(65): PDO->__construct()
#1 E:\\Suorce\\VS_CODE\\WEB\\Mvek\\vendor\\laravel\\framework\\src\\Illuminate\\Database\\Connectors\\Connector.php(44): Illuminate\\Database\\Connectors\\Connector->createPdoConnection()
#2 E:\\Suorce\\VS_CODE\\WEB\\Mvek\\vendor\\laravel\\framework\\src\\Illuminate\\Database\\Connectors\\SQLiteConnector.php(37): Illuminate\\Database\\Connectors\\Connector->createConnection()
#3 E:\\Suorce\\VS_CODE\\WEB\\Mvek\\vendor\\laravel\\framework\\src\\Illuminate\\Database\\Connectors\\ConnectionFactory.php(221): Illuminate\\Database\\Connectors\\SQLiteConnector->connect()
#4 [internal function]: Illuminate\\Database\\Connectors\\ConnectionFactory->{closure:Illuminate\\Database\\Connectors\\ConnectionFactory::createPdoResolverWithoutHosts():221}()
#5 E:\\Suorce\\VS_CODE\\WEB\\Mvek\\vendor\\laravel\\framework\\src\\Illuminate\\Database\\Connection.php(1339): call_user_func()
#6 E:\\Suorce\\VS_CODE\\WEB\\Mvek\\vendor\\laravel\\framework\\src\\Illuminate\\Database\\Connection.php(581): Illuminate\\Database\\Connection->getPdo()
#7 E:\\Suorce\\VS_CODE\\WEB\\Mvek\\vendor\\laravel\\framework\\src\\Illuminate\\Database\\Connection.php(816): Illuminate\\Database\\Connection->{closure:Illuminate\\Database\\Connection::statement():576}()
#8 E:\\Suorce\\VS_CODE\\WEB\\Mvek\\vendor\\laravel\\framework\\src\\Illuminate\\Database\\Connection.php(783): Illuminate\\Database\\Connection->runQueryCallback()
#9 E:\\Suorce\\VS_CODE\\WEB\\Mvek\\vendor\\laravel\\framework\\src\\Illuminate\\Database\\Connection.php(576): Illuminate\\Database\\Connection->run()
#10 E:\\Suorce\\VS_CODE\\WEB\\Mvek\\vendor\\laravel\\framework\\src\\Illuminate\\Database\\Schema\\Builder.php(560): Illuminate\\Database\\Connection->statement()
#11 E:\\Suorce\\VS_CODE\\WEB\\Mvek\\vendor\\laravel\\framework\\src\\Illuminate\\Database\\SQLiteConnection.php(36): Illuminate\\Database\\Schema\\Builder->enableForeignKeyConstraints()
#12 E:\\Suorce\\VS_CODE\\WEB\\Mvek\\vendor\\laravel\\framework\\src\\Illuminate\\Database\\Connectors\\ConnectionFactory.php(272): Illuminate\\Database\\SQLiteConnection->__construct()
#13 E:\\Suorce\\VS_CODE\\WEB\\Mvek\\vendor\\laravel\\framework\\src\\Illuminate\\Database\\Connectors\\ConnectionFactory.php(75): Illuminate\\Database\\Connectors\\ConnectionFactory->createConnection()
#14 E:\\Suorce\\VS_CODE\\WEB\\Mvek\\vendor\\laravel\\framework\\src\\Illuminate\\Database\\Connectors\\ConnectionFactory.php(50): Illuminate\\Database\\Connectors\\ConnectionFactory->createSingleConnection()
#15 E:\\Suorce\\VS_CODE\\WEB\\Mvek\\vendor\\laravel\\framework\\src\\Illuminate\\Database\\DatabaseManager.php(175): Illuminate\\Database\\Connectors\\ConnectionFactory->make()
#16 E:\\Suorce\\VS_CODE\\WEB\\Mvek\\vendor\\laravel\\framework\\src\\Illuminate\\Database\\DatabaseManager.php(101): Illuminate\\Database\\DatabaseManager->makeConnection()
#17 E:\\Suorce\\VS_CODE\\WEB\\Mvek\\vendor\\laravel\\framework\\src\\Illuminate\\Database\\Eloquent\\Model.php(1820): Illuminate\\Database\\DatabaseManager->connection()
#18 E:\\Suorce\\VS_CODE\\WEB\\Mvek\\vendor\\laravel\\framework\\src\\Illuminate\\Database\\Eloquent\\Model.php(1786): Illuminate\\Database\\Eloquent\\Model::resolveConnection()
#19 E:\\Suorce\\VS_CODE\\WEB\\Mvek\\vendor\\laravel\\framework\\src\\Illuminate\\Database\\Eloquent\\Model.php(1577): Illuminate\\Database\\Eloquent\\Model->getConnection()
#20 E:\\Suorce\\VS_CODE\\WEB\\Mvek\\vendor\\laravel\\framework\\src\\Illuminate\\Database\\Eloquent\\Model.php(1496): Illuminate\\Database\\Eloquent\\Model->newBaseQueryBuilder()
#21 E:\\Suorce\\VS_CODE\\WEB\\Mvek\\vendor\\laravel\\framework\\src\\Illuminate\\Database\\Eloquent\\Model.php(1532): Illuminate\\Database\\Eloquent\\Model->newModelQuery()
#22 E:\\Suorce\\VS_CODE\\WEB\\Mvek\\vendor\\laravel\\framework\\src\\Illuminate\\Database\\Eloquent\\Model.php(1485): Illuminate\\Database\\Eloquent\\Model->newQueryWithoutScopes()
#23 E:\\Suorce\\VS_CODE\\WEB\\Mvek\\vendor\\laravel\\framework\\src\\Illuminate\\Database\\Eloquent\\Model.php(1475): Illuminate\\Database\\Eloquent\\Model->newQuery()
#24 E:\\Suorce\\VS_CODE\\WEB\\Mvek\\vendor\\laravel\\framework\\src\\Illuminate\\Database\\Eloquent\\Model.php(688): Illuminate\\Database\\Eloquent\\Model::query()
#25 E:\\Suorce\\VS_CODE\\WEB\\Mvek\\app\\Http\\Controllers\\HomeController.php(12): Illuminate\\Database\\Eloquent\\Model::with()
#26 E:\\Suorce\\VS_CODE\\WEB\\Mvek\\vendor\\laravel\\framework\\src\\Illuminate\\Routing\\Controller.php(54): App\\Http\\Controllers\\HomeController->index()
#27 E:\\Suorce\\VS_CODE\\WEB\\Mvek\\vendor\\laravel\\framework\\src\\Illuminate\\Routing\\ControllerDispatcher.php(43): Illuminate\\Routing\\Controller->callAction()
#28 E:\\Suorce\\VS_CODE\\WEB\\Mvek\\vendor\\laravel\\framework\\src\\Illuminate\\Routing\\Route.php(259): Illuminate\\Routing\\ControllerDispatcher->dispatch()
#29 E:\\Suorce\\VS_CODE\\WEB\\Mvek\\vendor\\laravel\\framework\\src\\Illuminate\\Routing\\Route.php(205): Illuminate\\Routing\\Route->runController()
#30 E:\\Suorce\\VS_CODE\\WEB\\Mvek\\vendor\\laravel\\framework\\src\\Illuminate\\Routing\\Router.php(806): Illuminate\\Routing\\Route->run()
#31 E:\\Suorce\\VS_CODE\\WEB\\Mvek\\vendor\\laravel\\framework\\src\\Illuminate\\Pipeline\\Pipeline.php(144): Illuminate\\Routing\\Router->{closure:Illuminate\\Routing\\Router::runRouteWithinStack():805}()
#32 E:\\Suorce\\VS_CODE\\WEB\\Mvek\\vendor\\laravel\\framework\\src\\Illuminate\\Routing\\Middleware\\SubstituteBindings.php(50): Illuminate\\Pipeline\\Pipeline->{closure:Illuminate\\Pipeline\\Pipeline::prepareDestination():142}()
#33 E:\\Suorce\\VS_CODE\\WEB\\Mvek\\vendor\\laravel\\framework\\src\\Illuminate\\Pipeline\\Pipeline.php(183): Illuminate\\Routing\\Middleware\\SubstituteBindings->handle()
#34 E:\\Suorce\\VS_CODE\\WEB\\Mvek\\vendor\\laravel\\framework\\src\\Illuminate\\Foundation\\Http\\Middleware\\VerifyCsrfToken.php(78): Illuminate\\Pipeline\\Pipeline->{closure:{closure:Illuminate\\Pipeline\\Pipeline::carry():158}:159}()
#35 E:\\Suorce\\VS_CODE\\WEB\\Mvek\\vendor\\laravel\\framework\\src\\Illuminate\\Pipeline\\Pipeline.php(183): Illuminate\\Foundation\\Http\\Middleware\\VerifyCsrfToken->handle()
#36 E:\\Suorce\\VS_CODE\\WEB\\Mvek\\vendor\\laravel\\framework\\src\\Illuminate\\View\\Middleware\\ShareErrorsFromSession.php(49): Illuminate\\Pipeline\\Pipeline->{closure:{closure:Illuminate\\Pipeline\\Pipeline::carry():158}:159}()
#37 E:\\Suorce\\VS_CODE\\WEB\\Mvek\\vendor\\laravel\\framework\\src\\Illuminate\\Pipeline\\Pipeline.php(183): Illuminate\\View\\Middleware\\ShareErrorsFromSession->handle()
#38 E:\\Suorce\\VS_CODE\\WEB\\Mvek\\vendor\\laravel\\framework\\src\\Illuminate\\Session\\Middleware\\StartSession.php(121): Illuminate\\Pipeline\\Pipeline->{closure:{closure:Illuminate\\Pipeline\\Pipeline::carry():158}:159}()
#39 E:\\Suorce\\VS_CODE\\WEB\\Mvek\\vendor\\laravel\\framework\\src\\Illuminate\\Session\\Middleware\\StartSession.php(64): Illuminate\\Session\\Middleware\\StartSession->handleStatefulRequest()
#40 E:\\Suorce\\VS_CODE\\WEB\\Mvek\\vendor\\laravel\\framework\\src\\Illuminate\\Pipeline\\Pipeline.php(183): Illuminate\\Session\\Middleware\\StartSession->handle()
#41 E:\\Suorce\\VS_CODE\\WEB\\Mvek\\vendor\\laravel\\framework\\src\\Illuminate\\Cookie\\Middleware\\AddQueuedCookiesToResponse.php(37): Illuminate\\Pipeline\\Pipeline->{closure:{closure:Illuminate\\Pipeline\\Pipeline::carry():158}:159}()
#42 E:\\Suorce\\VS_CODE\\WEB\\Mvek\\vendor\\laravel\\framework\\src\\Illuminate\\Pipeline\\Pipeline.php(183): Illuminate\\Cookie\\Middleware\\AddQueuedCookiesToResponse->handle()
#43 E:\\Suorce\\VS_CODE\\WEB\\Mvek\\vendor\\laravel\\framework\\src\\Illuminate\\Cookie\\Middleware\\EncryptCookies.php(67): Illuminate\\Pipeline\\Pipeline->{closure:{closure:Illuminate\\Pipeline\\Pipeline::carry():158}:159}()
#44 E:\\Suorce\\VS_CODE\\WEB\\Mvek\\vendor\\laravel\\framework\\src\\Illuminate\\Pipeline\\Pipeline.php(183): Illuminate\\Cookie\\Middleware\\EncryptCookies->handle()
#45 E:\\Suorce\\VS_CODE\\WEB\\Mvek\\vendor\\laravel\\framework\\src\\Illuminate\\Pipeline\\Pipeline.php(119): Illuminate\\Pipeline\\Pipeline->{closure:{closure:Illuminate\\Pipeline\\Pipeline::carry():158}:159}()
#46 E:\\Suorce\\VS_CODE\\WEB\\Mvek\\vendor\\laravel\\framework\\src\\Illuminate\\Routing\\Router.php(805): Illuminate\\Pipeline\\Pipeline->then()
#47 E:\\Suorce\\VS_CODE\\WEB\\Mvek\\vendor\\laravel\\framework\\src\\Illuminate\\Routing\\Router.php(784): Illuminate\\Routing\\Router->runRouteWithinStack()
#48 E:\\Suorce\\VS_CODE\\WEB\\Mvek\\vendor\\laravel\\framework\\src\\Illuminate\\Routing\\Router.php(748): Illuminate\\Routing\\Router->runRoute()
#49 E:\\Suorce\\VS_CODE\\WEB\\Mvek\\vendor\\laravel\\framework\\src\\Illuminate\\Routing\\Router.php(737): Illuminate\\Routing\\Router->dispatchToRoute()
#50 E:\\Suorce\\VS_CODE\\WEB\\Mvek\\vendor\\laravel\\framework\\src\\Illuminate\\Foundation\\Http\\Kernel.php(200): Illuminate\\Routing\\Router->dispatch()
#51 E:\\Suorce\\VS_CODE\\WEB\\Mvek\\vendor\\laravel\\framework\\src\\Illuminate\\Pipeline\\Pipeline.php(144): Illuminate\\Foundation\\Http\\Kernel->{closure:Illuminate\\Foundation\\Http\\Kernel::dispatchToRouter():197}()
#52 E:\\Suorce\\VS_CODE\\WEB\\Mvek\\vendor\\laravel\\framework\\src\\Illuminate\\Foundation\\Http\\Middleware\\TransformsRequest.php(21): Illuminate\\Pipeline\\Pipeline->{closure:Illuminate\\Pipeline\\Pipeline::prepareDestination():142}()
#53 E:\\Suorce\\VS_CODE\\WEB\\Mvek\\vendor\\laravel\\framework\\src\\Illuminate\\Foundation\\Http\\Middleware\\ConvertEmptyStringsToNull.php(31): Illuminate\\Foundation\\Http\\Middleware\\TransformsRequest->handle()
#54 E:\\Suorce\\VS_CODE\\WEB\\Mvek\\vendor\\laravel\\framework\\src\\Illuminate\\Pipeline\\Pipeline.php(183): Illuminate\\Foundation\\Http\\Middleware\\ConvertEmptyStringsToNull->handle()
#55 E:\\Suorce\\VS_CODE\\WEB\\Mvek\\vendor\\laravel\\framework\\src\\Illuminate\\Foundation\\Http\\Middleware\\TransformsRequest.php(21): Illuminate\\Pipeline\\Pipeline->{closure:{closure:Illuminate\\Pipeline\\Pipeline::carry():158}:159}()
#56 E:\\Suorce\\VS_CODE\\WEB\\Mvek\\vendor\\laravel\\framework\\src\\Illuminate\\Foundation\\Http\\Middleware\\TrimStrings.php(40): Illuminate\\Foundation\\Http\\Middleware\\TransformsRequest->handle()
#57 E:\\Suorce\\VS_CODE\\WEB\\Mvek\\vendor\\laravel\\framework\\src\\Illuminate\\Pipeline\\Pipeline.php(183): Illuminate\\Foundation\\Http\\Middleware\\TrimStrings->handle()
#58 E:\\Suorce\\VS_CODE\\WEB\\Mvek\\vendor\\laravel\\framework\\src\\Illuminate\\Foundation\\Http\\Middleware\\ValidatePostSize.php(27): Illuminate\\Pipeline\\Pipeline->{closure:{closure:Illuminate\\Pipeline\\Pipeline::carry():158}:159}()
#59 E:\\Suorce\\VS_CODE\\WEB\\Mvek\\vendor\\laravel\\framework\\src\\Illuminate\\Pipeline\\Pipeline.php(183): Illuminate\\Foundation\\Http\\Middleware\\ValidatePostSize->handle()
#60 E:\\Suorce\\VS_CODE\\WEB\\Mvek\\vendor\\laravel\\framework\\src\\Illuminate\\Foundation\\Http\\Middleware\\PreventRequestsDuringMaintenance.php(99): Illuminate\\Pipeline\\Pipeline->{closure:{closure:Illuminate\\Pipeline\\Pipeline::carry():158}:159}()
#61 E:\\Suorce\\VS_CODE\\WEB\\Mvek\\vendor\\laravel\\framework\\src\\Illuminate\\Pipeline\\Pipeline.php(183): Illuminate\\Foundation\\Http\\Middleware\\PreventRequestsDuringMaintenance->handle()
#62 E:\\Suorce\\VS_CODE\\WEB\\Mvek\\vendor\\laravel\\framework\\src\\Illuminate\\Http\\Middleware\\HandleCors.php(49): Illuminate\\Pipeline\\Pipeline->{closure:{closure:Illuminate\\Pipeline\\Pipeline::carry():158}:159}()
#63 E:\\Suorce\\VS_CODE\\WEB\\Mvek\\vendor\\laravel\\framework\\src\\Illuminate\\Pipeline\\Pipeline.php(183): Illuminate\\Http\\Middleware\\HandleCors->handle()
#64 E:\\Suorce\\VS_CODE\\WEB\\Mvek\\vendor\\laravel\\framework\\src\\Illuminate\\Http\\Middleware\\TrustProxies.php(39): Illuminate\\Pipeline\\Pipeline->{closure:{closure:Illuminate\\Pipeline\\Pipeline::carry():158}:159}()
#65 E:\\Suorce\\VS_CODE\\WEB\\Mvek\\vendor\\laravel\\framework\\src\\Illuminate\\Pipeline\\Pipeline.php(183): Illuminate\\Http\\Middleware\\TrustProxies->handle()
#66 E:\\Suorce\\VS_CODE\\WEB\\Mvek\\vendor\\laravel\\framework\\src\\Illuminate\\Pipeline\\Pipeline.php(119): Illuminate\\Pipeline\\Pipeline->{closure:{closure:Illuminate\\Pipeline\\Pipeline::carry():158}:159}()
#67 E:\\Suorce\\VS_CODE\\WEB\\Mvek\\vendor\\laravel\\framework\\src\\Illuminate\\Foundation\\Http\\Kernel.php(175): Illuminate\\Pipeline\\Pipeline->then()
#68 E:\\Suorce\\VS_CODE\\WEB\\Mvek\\vendor\\laravel\\framework\\src\\Illuminate\\Foundation\\Http\\Kernel.php(144): Illuminate\\Foundation\\Http\\Kernel->sendRequestThroughRouter()
#69 E:\\Suorce\\VS_CODE\\WEB\\Mvek\\public\\index.php(51): Illuminate\\Foundation\\Http\\Kernel->handle()
#70 E:\\Suorce\\VS_CODE\\WEB\\Mvek\\vendor\\laravel\\framework\\src\\Illuminate\\Foundation\\resources\\server.php(16): require_once('...')
#71 {main}
"} 
[2026-02-24 05:22:54] local.ERROR: Call to undefined function Illuminate\Encryption\openssl_cipher_iv_length() {"exception":"[object] (Error(code: 0): Call to undefined function Illuminate\\Encryption\\openssl_cipher_iv_length() at E:\\Suorce\\VS_CODE\\WEB\\Mvek\\vendor\\laravel\\framework\\src\\Illuminate\\Encryption\\Encrypter.php:100)
[stacktrace]
#0 E:\\Suorce\\VS_CODE\\WEB\\Mvek\\vendor\\laravel\\framework\\src\\Illuminate\\Cookie\\Middleware\\EncryptCookies.php(179): Illuminate\\Encryption\\Encrypter->encrypt()
#1 E:\\Suorce\\VS_CODE\\WEB\\Mvek\\vendor\\laravel\\framework\\src\\Illuminate\\Cookie\\Middleware\\EncryptCookies.php(67): Illuminate\\Cookie\\Middleware\\EncryptCookies->encrypt()
#2 E:\\Suorce\\VS_CODE\\WEB\\Mvek\\vendor\\laravel\\framework\\src\\Illuminate\\Pipeline\\Pipeline.php(183): Illuminate\\Cookie\\Middleware\\EncryptCookies->handle()
#3 E:\\Suorce\\VS_CODE\\WEB\\Mvek\\vendor\\laravel\\framework\\src\\Illuminate\\Pipeline\\Pipeline.php(119): Illuminate\\Pipeline\\Pipeline->{closure:{closure:Illuminate\\Pipeline\\Pipeline::carry():158}:159}()
#4 E:\\Suorce\\VS_CODE\\WEB\\Mvek\\vendor\\laravel\\framework\\src\\Illuminate\\Routing\\Router.php(805): Illuminate\\Pipeline\\Pipeline->then()
#5 E:\\Suorce\\VS_CODE\\WEB\\Mvek\\vendor\\laravel\\framework\\src\\Illuminate\\Routing\\Router.php(784): Illuminate\\Routing\\Router->runRouteWithinStack()
#6 E:\\Suorce\\VS_CODE\\WEB\\Mvek\\vendor\\laravel\\framework\\src\\Illuminate\\Routing\\Router.php(748): Illuminate\\Routing\\Router->runRoute()
#7 E:\\Suorce\\VS_CODE\\WEB\\Mvek\\vendor\\laravel\\framework\\src\\Illuminate\\Routing\\Router.php(737): Illuminate\\Routing\\Router->dispatchToRoute()
#8 E:\\Suorce\\VS_CODE\\WEB\\Mvek\\vendor\\laravel\\framework\\src\\Illuminate\\Foundation\\Http\\Kernel.php(200): Illuminate\\Routing\\Router->dispatch()
#9 E:\\Suorce\\VS_CODE\\WEB\\Mvek\\vendor\\laravel\\framework\\src\\Illuminate\\Pipeline\\Pipeline.php(144): Illuminate\\Foundation\\Http\\Kernel->{closure:Illuminate\\Foundation\\Http\\Kernel::dispatchToRouter():197}()
#10 E:\\Suorce\\VS_CODE\\WEB\\Mvek\\vendor\\laravel\\framework\\src\\Illuminate\\Foundation\\Http\\Middleware\\TransformsRequest.php(21): Illuminate\\Pipeline\\Pipeline->{closure:Illuminate\\Pipeline\\Pipeline::prepareDestination():142}()
#11 E:\\Suorce\\VS_CODE\\WEB\\Mvek\\vendor\\laravel\\framework\\src\\Illuminate\\Foundation\\Http\\Middleware\\ConvertEmptyStringsToNull.php(31): Illuminate\\Foundation\\Http\\Middleware\\TransformsRequest->handle()
#12 E:\\Suorce\\VS_CODE\\WEB\\Mvek\\vendor\\laravel\\framework\\src\\Illuminate\\Pipeline\\Pipeline.php(183): Illuminate\\Foundation\\Http\\Middleware\\ConvertEmptyStringsToNull->handle()
#13 E:\\Suorce\\VS_CODE\\WEB\\Mvek\\vendor\\laravel\\framework\\src\\Illuminate\\Foundation\\Http\\Middleware\\TransformsRequest.php(21): Illuminate\\Pipeline\\Pipeline->{closure:{closure:Illuminate\\Pipeline\\Pipeline::carry():158}:159}()
#14 E:\\Suorce\\VS_CODE\\WEB\\Mvek\\vendor\\laravel\\framework\\src\\Illuminate\\Foundation\\Http\\Middleware\\TrimStrings.php(40): Illuminate\\Foundation\\Http\\Middleware\\TransformsRequest->handle()
#15 E:\\Suorce\\VS_CODE\\WEB\\Mvek\\vendor\\laravel\\framework\\src\\Illuminate\\Pipeline\\Pipeline.php(183): Illuminate\\Foundation\\Http\\Middleware\\TrimStrings->handle()
#16 E:\\Suorce\\VS_CODE\\WEB\\Mvek\\vendor\\laravel\\framework\\src\\Illuminate\\Foundation\\Http\\Middleware\\ValidatePostSize.php(27): Illuminate\\Pipeline\\Pipeline->{closure:{closure:Illuminate\\Pipeline\\Pipeline::carry():158}:159}()
#17 E:\\Suorce\\VS_CODE\\WEB\\Mvek\\vendor\\laravel\\framework\\src\\Illuminate\\Pipeline\\Pipeline.php(183): Illuminate\\Foundation\\Http\\Middleware\\ValidatePostSize->handle()
#18 E:\\Suorce\\VS_CODE\\WEB\\Mvek\\vendor\\laravel\\framework\\src\\Illuminate\\Foundation\\Http\\Middleware\\PreventRequestsDuringMaintenance.php(99): Illuminate\\Pipeline\\Pipeline->{closure:{closure:Illuminate\\Pipeline\\Pipeline::carry():158}:159}()
#19 E:\\Suorce\\VS_CODE\\WEB\\Mvek\\vendor\\laravel\\framework\\src\\Illuminate\\Pipeline\\Pipeline.php(183): Illuminate\\Foundation\\Http\\Middleware\\PreventRequestsDuringMaintenance->handle()
#20 E:\\Suorce\\VS_CODE\\WEB\\Mvek\\vendor\\laravel\\framework\\src\\Illuminate\\Http\\Middleware\\HandleCors.php(49): Illuminate\\Pipeline\\Pipeline->{closure:{closure:Illuminate\\Pipeline\\Pipeline::carry():158}:159}()
#21 E:\\Suorce\\VS_CODE\\WEB\\Mvek\\vendor\\laravel\\framework\\src\\Illuminate\\Pipeline\\Pipeline.php(183): Illuminate\\Http\\Middleware\\HandleCors->handle()
#22 E:\\Suorce\\VS_CODE\\WEB\\Mvek\\vendor\\laravel\\framework\\src\\Illuminate\\Http\\Middleware\\TrustProxies.php(39): Illuminate\\Pipeline\\Pipeline->{closure:{closure:Illuminate\\Pipeline\\Pipeline::carry():158}:159}()
#23 E:\\Suorce\\VS_CODE\\WEB\\Mvek\\vendor\\laravel\\framework\\src\\Illuminate\\Pipeline\\Pipeline.php(183): Illuminate\\Http\\Middleware\\TrustProxies->handle()
#24 E:\\Suorce\\VS_CODE\\WEB\\Mvek\\vendor\\laravel\\framework\\src\\Illuminate\\Pipeline\\Pipeline.php(119): Illuminate\\Pipeline\\Pipeline->{closure:{closure:Illuminate\\Pipeline\\Pipeline::carry():158}:159}()
#25 E:\\Suorce\\VS_CODE\\WEB\\Mvek\\vendor\\laravel\\framework\\src\\Illuminate\\Foundation\\Http\\Kernel.php(175): Illuminate\\Pipeline\\Pipeline->then()
#26 E:\\Suorce\\VS_CODE\\WEB\\Mvek\\vendor\\laravel\\framework\\src\\Illuminate\\Foundation\\Http\\Kernel.php(144): Illuminate\\Foundation\\Http\\Kernel->sendRequestThroughRouter()
#27 E:\\Suorce\\VS_CODE\\WEB\\Mvek\\public\\index.php(51): Illuminate\\Foundation\\Http\\Kernel->handle()
#28 E:\\Suorce\\VS_CODE\\WEB\\Mvek\\vendor\\laravel\\framework\\src\\Illuminate\\Foundation\\resources\\server.php(16): require_once('...')
#29 {main}
"} 
[2026-02-24 05:27:44] local.ERROR: could not find driver (Connection: sqlite, SQL: PRAGMA foreign_keys = ON;) {"exception":"[object] (Illuminate\\Database\\QueryException(code: 0): could not find driver (Connection: sqlite, SQL: PRAGMA foreign_keys = ON;) at E:\\Suorce\\VS_CODE\\WEB\\Mvek\\vendor\\laravel\\framework\\src\\Illuminate\\Database\\Connection.php:829)
[stacktrace]
#0 E:\\Suorce\\VS_CODE\\WEB\\Mvek\\vendor\\laravel\\framework\\src\\Illuminate\\Database\\Connection.php(783): Illuminate\\Database\\Connection->runQueryCallback()
#1 E:\\Suorce\\VS_CODE\\WEB\\Mvek\\vendor\\laravel\\framework\\src\\Illuminate\\Database\\Connection.php(576): Illuminate\\Database\\Connection->run()
#2 E:\\Suorce\\VS_CODE\\WEB\\Mvek\\vendor\\laravel\\framework\\src\\Illuminate\\Database\\Schema\\Builder.php(560): Illuminate\\Database\\Connection->statement()
#3 E:\\Suorce\\VS_CODE\\WEB\\Mvek\\vendor\\laravel\\framework\\src\\Illuminate\\Database\\SQLiteConnection.php(36): Illuminate\\Database\\Schema\\Builder->enableForeignKeyConstraints()
#4 E:\\Suorce\\VS_CODE\\WEB\\Mvek\\vendor\\laravel\\framework\\src\\Illuminate\\Database\\Connectors\\ConnectionFactory.php(272): Illuminate\\Database\\SQLiteConnection->__construct()
#5 E:\\Suorce\\VS_CODE\\WEB\\Mvek\\vendor\\laravel\\framework\\src\\Illuminate\\Database\\Connectors\\ConnectionFactory.php(75): Illuminate\\Database\\Connectors\\ConnectionFactory->createConnection()
#6 E:\\Suorce\\VS_CODE\\WEB\\Mvek\\vendor\\laravel\\framework\\src\\Illuminate\\Database\\Connectors\\ConnectionFactory.php(50): Illuminate\\Database\\Connectors\\ConnectionFactory->createSingleConnection()
#7 E:\\Suorce\\VS_CODE\\WEB\\Mvek\\vendor\\laravel\\framework\\src\\Illuminate\\Database\\DatabaseManager.php(175): Illuminate\\Database\\Connectors\\ConnectionFactory->make()
#8 E:\\Suorce\\VS_CODE\\WEB\\Mvek\\vendor\\laravel\\framework\\src\\Illuminate\\Database\\DatabaseManager.php(101): Illuminate\\Database\\DatabaseManager->makeConnection()
#9 E:\\Suorce\\VS_CODE\\WEB\\Mvek\\vendor\\laravel\\framework\\src\\Illuminate\\Database\\Eloquent\\Model.php(1820): Illuminate\\Database\\DatabaseManager->connection()
#10 E:\\Suorce\\VS_CODE\\WEB\\Mvek\\vendor\\laravel\\framework\\src\\Illuminate\\Database\\Eloquent\\Model.php(1786): Illuminate\\Database\\Eloquent\\Model::resolveConnection()
#11 E:\\Suorce\\VS_CODE\\WEB\\Mvek\\vendor\\laravel\\framework\\src\\Illuminate\\Database\\Eloquent\\Model.php(1577): Illuminate\\Database\\Eloquent\\Model->getConnection()
#12 E:\\Suorce\\VS_CODE\\WEB\\Mvek\\vendor\\laravel\\framework\\src\\Illuminate\\Database\\Eloquent\\Model.php(1496): Illuminate\\Database\\Eloquent\\Model->newBaseQueryBuilder()
#13 E:\\Suorce\\VS_CODE\\WEB\\Mvek\\vendor\\laravel\\framework\\src\\Illuminate\\Database\\Eloquent\\Model.php(1532): Illuminate\\Database\\Eloquent\\Model->newModelQuery()
#14 E:\\Suorce\\VS_CODE\\WEB\\Mvek\\vendor\\laravel\\framework\\src\\Illuminate\\Database\\Eloquent\\Model.php(1485): Illuminate\\Database\\Eloquent\\Model->newQueryWithoutScopes()
#15 E:\\Suorce\\VS_CODE\\WEB\\Mvek\\vendor\\laravel\\framework\\src\\Illuminate\\Database\\Eloquent\\Model.php(1475): Illuminate\\Database\\Eloquent\\Model->newQuery()
#16 E:\\Suorce\\VS_CODE\\WEB\\Mvek\\vendor\\laravel\\framework\\src\\Illuminate\\Database\\Eloquent\\Model.php(688): Illuminate\\Database\\Eloquent\\Model::query()
#17 E:\\Suorce\\VS_CODE\\WEB\\Mvek\\app\\Http\\Controllers\\HomeController.php(12): Illuminate\\Database\\Eloquent\\Model::with()
#18 E:\\Suorce\\VS_CODE\\WEB\\Mvek\\vendor\\laravel\\framework\\src\\Illuminate\\Routing\\Controller.php(54): App\\Http\\Controllers\\HomeController->index()
#19 E:\\Suorce\\VS_CODE\\WEB\\Mvek\\vendor\\laravel\\framework\\src\\Illuminate\\Routing\\ControllerDispatcher.php(43): Illuminate\\Routing\\Controller->callAction()
#20 E:\\Suorce\\VS_CODE\\WEB\\Mvek\\vendor\\laravel\\framework\\src\\Illuminate\\Routing\\Route.php(259): Illuminate\\Routing\\ControllerDispatcher->dispatch()
#21 E:\\Suorce\\VS_CODE\\WEB\\Mvek\\vendor\\laravel\\framework\\src\\Illuminate\\Routing\\Route.php(205): Illuminate\\Routing\\Route->runController()
#22 E:\\Suorce\\VS_CODE\\WEB\\Mvek\\vendor\\laravel\\framework\\src\\Illuminate\\Routing\\Router.php(806): Illuminate\\Routing\\Route->run()
#23 E:\\Suorce\\VS_CODE\\WEB\\Mvek\\vendor\\laravel\\framework\\src\\Illuminate\\Pipeline\\Pipeline.php(144): Illuminate\\Routing\\Router->{closure:Illuminate\\Routing\\Router::runRouteWithinStack():805}()
#24 E:\\Suorce\\VS_CODE\\WEB\\Mvek\\vendor\\laravel\\framework\\src\\Illuminate\\Routing\\Middleware\\SubstituteBindings.php(50): Illuminate\\Pipeline\\Pipeline->{closure:Illuminate\\Pipeline\\Pipeline::prepareDestination():142}()
#25 E:\\Suorce\\VS_CODE\\WEB\\Mvek\\vendor\\laravel\\framework\\src\\Illuminate\\Pipeline\\Pipeline.php(183): Illuminate\\Routing\\Middleware\\SubstituteBindings->handle()
#26 E:\\Suorce\\VS_CODE\\WEB\\Mvek\\vendor\\laravel\\framework\\src\\Illuminate\\Foundation\\Http\\Middleware\\VerifyCsrfToken.php(78): Illuminate\\Pipeline\\Pipeline->{closure:{closure:Illuminate\\Pipeline\\Pipeline::carry():158}:159}()
#27 E:\\Suorce\\VS_CODE\\WEB\\Mvek\\vendor\\laravel\\framework\\src\\Illuminate\\Pipeline\\Pipeline.php(183): Illuminate\\Foundation\\Http\\Middleware\\VerifyCsrfToken->handle()
#28 E:\\Suorce\\VS_CODE\\WEB\\Mvek\\vendor\\laravel\\framework\\src\\Illuminate\\View\\Middleware\\ShareErrorsFromSession.php(49): Illuminate\\Pipeline\\Pipeline->{closure:{closure:Illuminate\\Pipeline\\Pipeline::carry():158}:159}()
#29 E:\\Suorce\\VS_CODE\\WEB\\Mvek\\vendor\\laravel\\framework\\src\\Illuminate\\Pipeline\\Pipeline.php(183): Illuminate\\View\\Middleware\\ShareErrorsFromSession->handle()
#30 E:\\Suorce\\VS_CODE\\WEB\\Mvek\\vendor\\laravel\\framework\\src\\Illuminate\\Session\\Middleware\\StartSession.php(121): Illuminate\\Pipeline\\Pipeline->{closure:{closure:Illuminate\\Pipeline\\Pipeline::carry():158}:159}()
#31 E:\\Suorce\\VS_CODE\\WEB\\Mvek\\vendor\\laravel\\framework\\src\\Illuminate\\Session\\Middleware\\StartSession.php(64): Illuminate\\Session\\Middleware\\StartSession->handleStatefulRequest()
#32 E:\\Suorce\\VS_CODE\\WEB\\Mvek\\vendor\\laravel\\framework\\src\\Illuminate\\Pipeline\\Pipeline.php(183): Illuminate\\Session\\Middleware\\StartSession->handle()
#33 E:\\Suorce\\VS_CODE\\WEB\\Mvek\\vendor\\laravel\\framework\\src\\Illuminate\\Cookie\\Middleware\\AddQueuedCookiesToResponse.php(37): Illuminate\\Pipeline\\Pipeline->{closure:{closure:Illuminate\\Pipeline\\Pipeline::carry():158}:159}()
#34 E:\\Suorce\\VS_CODE\\WEB\\Mvek\\vendor\\laravel\\framework\\src\\Illuminate\\Pipeline\\Pipeline.php(183): Illuminate\\Cookie\\Middleware\\AddQueuedCookiesToResponse->handle()
#35 E:\\Suorce\\VS_CODE\\WEB\\Mvek\\vendor\\laravel\\framework\\src\\Illuminate\\Cookie\\Middleware\\EncryptCookies.php(67): Illuminate\\Pipeline\\Pipeline->{closure:{closure:Illuminate\\Pipeline\\Pipeline::carry():158}:159}()
#36 E:\\Suorce\\VS_CODE\\WEB\\Mvek\\vendor\\laravel\\framework\\src\\Illuminate\\Pipeline\\Pipeline.php(183): Illuminate\\Cookie\\Middleware\\EncryptCookies->handle()
#37 E:\\Suorce\\VS_CODE\\WEB\\Mvek\\vendor\\laravel\\framework\\src\\Illuminate\\Pipeline\\Pipeline.php(119): Illuminate\\Pipeline\\Pipeline->{closure:{closure:Illuminate\\Pipeline\\Pipeline::carry():158}:159}()
#38 E:\\Suorce\\VS_CODE\\WEB\\Mvek\\vendor\\laravel\\framework\\src\\Illuminate\\Routing\\Router.php(805): Illuminate\\Pipeline\\Pipeline->then()
#39 E:\\Suorce\\VS_CODE\\WEB\\Mvek\\vendor\\laravel\\framework\\src\\Illuminate\\Routing\\Router.php(784): Illuminate\\Routing\\Router->runRouteWithinStack()
#40 E:\\Suorce\\VS_CODE\\WEB\\Mvek\\vendor\\laravel\\framework\\src\\Illuminate\\Routing\\Router.php(748): Illuminate\\Routing\\Router->runRoute()
#41 E:\\Suorce\\VS_CODE\\WEB\\Mvek\\vendor\\laravel\\framework\\src\\Illuminate\\Routing\\Router.php(737): Illuminate\\Routing\\Router->dispatchToRoute()
#42 E:\\Suorce\\VS_CODE\\WEB\\Mvek\\vendor\\laravel\\framework\\src\\Illuminate\\Foundation\\Http\\Kernel.php(200): Illuminate\\Routing\\Router->dispatch()
#43 E:\\Suorce\\VS_CODE\\WEB\\Mvek\\vendor\\laravel\\framework\\src\\Illuminate\\Pipeline\\Pipeline.php(144): Illuminate\\Foundation\\Http\\Kernel->{closure:Illuminate\\Foundation\\Http\\Kernel::dispatchToRouter():197}()
#44 E:\\Suorce\\VS_CODE\\WEB\\Mvek\\vendor\\laravel\\framework\\src\\Illuminate\\Foundation\\Http\\Middleware\\TransformsRequest.php(21): Illuminate\\Pipeline\\Pipeline->{closure:Illuminate\\Pipeline\\Pipeline::prepareDestination():142}()
#45 E:\\Suorce\\VS_CODE\\WEB\\Mvek\\vendor\\laravel\\framework\\src\\Illuminate\\Foundation\\Http\\Middleware\\ConvertEmptyStringsToNull.php(31): Illuminate\\Foundation\\Http\\Middleware\\TransformsRequest->handle()
#46 E:\\Suorce\\VS_CODE\\WEB\\Mvek\\vendor\\laravel\\framework\\src\\Illuminate\\Pipeline\\Pipeline.php(183): Illuminate\\Foundation\\Http\\Middleware\\ConvertEmptyStringsToNull->handle()
#47 E:\\Suorce\\VS_CODE\\WEB\\Mvek\\vendor\\laravel\\framework\\src\\Illuminate\\Foundation\\Http\\Middleware\\TransformsRequest.php(21): Illuminate\\Pipeline\\Pipeline->{closure:{closure:Illuminate\\Pipeline\\Pipeline::carry():158}:159}()
#48 E:\\Suorce\\VS_CODE\\WEB\\Mvek\\vendor\\laravel\\framework\\src\\Illuminate\\Foundation\\Http\\Middleware\\TrimStrings.php(40): Illuminate\\Foundation\\Http\\Middleware\\TransformsRequest->handle()
#49 E:\\Suorce\\VS_CODE\\WEB\\Mvek\\vendor\\laravel\\framework\\src\\Illuminate\\Pipeline\\Pipeline.php(183): Illuminate\\Foundation\\Http\\Middleware\\TrimStrings->handle()
#50 E:\\Suorce\\VS_CODE\\WEB\\Mvek\\vendor\\laravel\\framework\\src\\Illuminate\\Foundation\\Http\\Middleware\\ValidatePostSize.php(27): Illuminate\\Pipeline\\Pipeline->{closure:{closure:Illuminate\\Pipeline\\Pipeline::carry():158}:159}()
#51 E:\\Suorce\\VS_CODE\\WEB\\Mvek\\vendor\\laravel\\framework\\src\\Illuminate\\Pipeline\\Pipeline.php(183): Illuminate\\Foundation\\Http\\Middleware\\ValidatePostSize->handle()
#52 E:\\Suorce\\VS_CODE\\WEB\\Mvek\\vendor\\laravel\\framework\\src\\Illuminate\\Foundation\\Http\\Middleware\\PreventRequestsDuringMaintenance.php(99): Illuminate\\Pipeline\\Pipeline->{closure:{closure:Illuminate\\Pipeline\\Pipeline::carry():158}:159}()
#53 E:\\Suorce\\VS_CODE\\WEB\\Mvek\\vendor\\laravel\\framework\\src\\Illuminate\\Pipeline\\Pipeline.php(183): Illuminate\\Foundation\\Http\\Middleware\\PreventRequestsDuringMaintenance->handle()
#54 E:\\Suorce\\VS_CODE\\WEB\\Mvek\\vendor\\laravel\\framework\\src\\Illuminate\\Http\\Middleware\\HandleCors.php(49): Illuminate\\Pipeline\\Pipeline->{closure:{closure:Illuminate\\Pipeline\\Pipeline::carry():158}:159}()
#55 E:\\Suorce\\VS_CODE\\WEB\\Mvek\\vendor\\laravel\\framework\\src\\Illuminate\\Pipeline\\Pipeline.php(183): Illuminate\\Http\\Middleware\\HandleCors->handle()
#56 E:\\Suorce\\VS_CODE\\WEB\\Mvek\\vendor\\laravel\\framework\\src\\Illuminate\\Http\\Middleware\\TrustProxies.php(39): Illuminate\\Pipeline\\Pipeline->{closure:{closure:Illuminate\\Pipeline\\Pipeline::carry():158}:159}()
#57 E:\\Suorce\\VS_CODE\\WEB\\Mvek\\vendor\\laravel\\framework\\src\\Illuminate\\Pipeline\\Pipeline.php(183): Illuminate\\Http\\Middleware\\TrustProxies->handle()
#58 E:\\Suorce\\VS_CODE\\WEB\\Mvek\\vendor\\laravel\\framework\\src\\Illuminate\\Pipeline\\Pipeline.php(119): Illuminate\\Pipeline\\Pipeline->{closure:{closure:Illuminate\\Pipeline\\Pipeline::carry():158}:159}()
#59 E:\\Suorce\\VS_CODE\\WEB\\Mvek\\vendor\\laravel\\framework\\src\\Illuminate\\Foundation\\Http\\Kernel.php(175): Illuminate\\Pipeline\\Pipeline->then()
#60 E:\\Suorce\\VS_CODE\\WEB\\Mvek\\vendor\\laravel\\framework\\src\\Illuminate\\Foundation\\Http\\Kernel.php(144): Illuminate\\Foundation\\Http\\Kernel->sendRequestThroughRouter()
#61 E:\\Suorce\\VS_CODE\\WEB\\Mvek\\public\\index.php(51): Illuminate\\Foundation\\Http\\Kernel->handle()
#62 E:\\Suorce\\VS_CODE\\WEB\\Mvek\\vendor\\laravel\\framework\\src\\Illuminate\\Foundation\\resources\\server.php(16): require_once('...')
#63 {main}

[previous exception] [object] (PDOException(code: 0): could not find driver at E:\\Suorce\\VS_CODE\\WEB\\Mvek\\vendor\\laravel\\framework\\src\\Illuminate\\Database\\Connectors\\Connector.php:65)
[stacktrace]
#0 E:\\Suorce\\VS_CODE\\WEB\\Mvek\\vendor\\laravel\\framework\\src\\Illuminate\\Database\\Connectors\\Connector.php(65): PDO->__construct()
#1 E:\\Suorce\\VS_CODE\\WEB\\Mvek\\vendor\\laravel\\framework\\src\\Illuminate\\Database\\Connectors\\Connector.php(44): Illuminate\\Database\\Connectors\\Connector->createPdoConnection()
#2 E:\\Suorce\\VS_CODE\\WEB\\Mvek\\vendor\\laravel\\framework\\src\\Illuminate\\Database\\Connectors\\SQLiteConnector.php(37): Illuminate\\Database\\Connectors\\Connector->createConnection()
#3 E:\\Suorce\\VS_CODE\\WEB\\Mvek\\vendor\\laravel\\framework\\src\\Illuminate\\Database\\Connectors\\ConnectionFactory.php(221): Illuminate\\Database\\Connectors\\SQLiteConnector->connect()
#4 [internal function]: Illuminate\\Database\\Connectors\\ConnectionFactory->{closure:Illuminate\\Database\\Connectors\\ConnectionFactory::createPdoResolverWithoutHosts():221}()
#5 E:\\Suorce\\VS_CODE\\WEB\\Mvek\\vendor\\laravel\\framework\\src\\Illuminate\\Database\\Connection.php(1339): call_user_func()
#6 E:\\Suorce\\VS_CODE\\WEB\\Mvek\\vendor\\laravel\\framework\\src\\Illuminate\\Database\\Connection.php(581): Illuminate\\Database\\Connection->getPdo()
#7 E:\\Suorce\\VS_CODE\\WEB\\Mvek\\vendor\\laravel\\framework\\src\\Illuminate\\Database\\Connection.php(816): Illuminate\\Database\\Connection->{closure:Illuminate\\Database\\Connection::statement():576}()
#8 E:\\Suorce\\VS_CODE\\WEB\\Mvek\\vendor\\laravel\\framework\\src\\Illuminate\\Database\\Connection.php(783): Illuminate\\Database\\Connection->runQueryCallback()
#9 E:\\Suorce\\VS_CODE\\WEB\\Mvek\\vendor\\laravel\\framework\\src\\Illuminate\\Database\\Connection.php(576): Illuminate\\Database\\Connection->run()
#10 E:\\Suorce\\VS_CODE\\WEB\\Mvek\\vendor\\laravel\\framework\\src\\Illuminate\\Database\\Schema\\Builder.php(560): Illuminate\\Database\\Connection->statement()
#11 E:\\Suorce\\VS_CODE\\WEB\\Mvek\\vendor\\laravel\\framework\\src\\Illuminate\\Database\\SQLiteConnection.php(36): Illuminate\\Database\\Schema\\Builder->enableForeignKeyConstraints()
#12 E:\\Suorce\\VS_CODE\\WEB\\Mvek\\vendor\\laravel\\framework\\src\\Illuminate\\Database\\Connectors\\ConnectionFactory.php(272): Illuminate\\Database\\SQLiteConnection->__construct()
#13 E:\\Suorce\\VS_CODE\\WEB\\Mvek\\vendor\\laravel\\framework\\src\\Illuminate\\Database\\Connectors\\ConnectionFactory.php(75): Illuminate\\Database\\Connectors\\ConnectionFactory->createConnection()
#14 E:\\Suorce\\VS_CODE\\WEB\\Mvek\\vendor\\laravel\\framework\\src\\Illuminate\\Database\\Connectors\\ConnectionFactory.php(50): Illuminate\\Database\\Connectors\\ConnectionFactory->createSingleConnection()
#15 E:\\Suorce\\VS_CODE\\WEB\\Mvek\\vendor\\laravel\\framework\\src\\Illuminate\\Database\\DatabaseManager.php(175): Illuminate\\Database\\Connectors\\ConnectionFactory->make()
#16 E:\\Suorce\\VS_CODE\\WEB\\Mvek\\vendor\\laravel\\framework\\src\\Illuminate\\Database\\DatabaseManager.php(101): Illuminate\\Database\\DatabaseManager->makeConnection()
#17 E:\\Suorce\\VS_CODE\\WEB\\Mvek\\vendor\\laravel\\framework\\src\\Illuminate\\Database\\Eloquent\\Model.php(1820): Illuminate\\Database\\DatabaseManager->connection()
#18 E:\\Suorce\\VS_CODE\\WEB\\Mvek\\vendor\\laravel\\framework\\src\\Illuminate\\Database\\Eloquent\\Model.php(1786): Illuminate\\Database\\Eloquent\\Model::resolveConnection()
#19 E:\\Suorce\\VS_CODE\\WEB\\Mvek\\vendor\\laravel\\framework\\src\\Illuminate\\Database\\Eloquent\\Model.php(1577): Illuminate\\Database\\Eloquent\\Model->getConnection()
#20 E:\\Suorce\\VS_CODE\\WEB\\Mvek\\vendor\\laravel\\framework\\src\\Illuminate\\Database\\Eloquent\\Model.php(1496): Illuminate\\Database\\Eloquent\\Model->newBaseQueryBuilder()
#21 E:\\Suorce\\VS_CODE\\WEB\\Mvek\\vendor\\laravel\\framework\\src\\Illuminate\\Database\\Eloquent\\Model.php(1532): Illuminate\\Database\\Eloquent\\Model->newModelQuery()
#22 E:\\Suorce\\VS_CODE\\WEB\\Mvek\\vendor\\laravel\\framework\\src\\Illuminate\\Database\\Eloquent\\Model.php(1485): Illuminate\\Database\\Eloquent\\Model->newQueryWithoutScopes()
#23 E:\\Suorce\\VS_CODE\\WEB\\Mvek\\vendor\\laravel\\framework\\src\\Illuminate\\Database\\Eloquent\\Model.php(1475): Illuminate\\Database\\Eloquent\\Model->newQuery()
#24 E:\\Suorce\\VS_CODE\\WEB\\Mvek\\vendor\\laravel\\framework\\src\\Illuminate\\Database\\Eloquent\\Model.php(688): Illuminate\\Database\\Eloquent\\Model::query()
#25 E:\\Suorce\\VS_CODE\\WEB\\Mvek\\app\\Http\\Controllers\\HomeController.php(12): Illuminate\\Database\\Eloquent\\Model::with()
#26 E:\\Suorce\\VS_CODE\\WEB\\Mvek\\vendor\\laravel\\framework\\src\\Illuminate\\Routing\\Controller.php(54): App\\Http\\Controllers\\HomeController->index()
#27 E:\\Suorce\\VS_CODE\\WEB\\Mvek\\vendor\\laravel\\framework\\src\\Illuminate\\Routing\\ControllerDispatcher.php(43): Illuminate\\Routing\\Controller->callAction()
#28 E:\\Suorce\\VS_CODE\\WEB\\Mvek\\vendor\\laravel\\framework\\src\\Illuminate\\Routing\\Route.php(259): Illuminate\\Routing\\ControllerDispatcher->dispatch()
#29 E:\\Suorce\\VS_CODE\\WEB\\Mvek\\vendor\\laravel\\framework\\src\\Illuminate\\Routing\\Route.php(205): Illuminate\\Routing\\Route->runController()
#30 E:\\Suorce\\VS_CODE\\WEB\\Mvek\\vendor\\laravel\\framework\\src\\Illuminate\\Routing\\Router.php(806): Illuminate\\Routing\\Route->run()
#31 E:\\Suorce\\VS_CODE\\WEB\\Mvek\\vendor\\laravel\\framework\\src\\Illuminate\\Pipeline\\Pipeline.php(144): Illuminate\\Routing\\Router->{closure:Illuminate\\Routing\\Router::runRouteWithinStack():805}()
#32 E:\\Suorce\\VS_CODE\\WEB\\Mvek\\vendor\\laravel\\framework\\src\\Illuminate\\Routing\\Middleware\\SubstituteBindings.php(50): Illuminate\\Pipeline\\Pipeline->{closure:Illuminate\\Pipeline\\Pipeline::prepareDestination():142}()
#33 E:\\Suorce\\VS_CODE\\WEB\\Mvek\\vendor\\laravel\\framework\\src\\Illuminate\\Pipeline\\Pipeline.php(183): Illuminate\\Routing\\Middleware\\SubstituteBindings->handle()
#34 E:\\Suorce\\VS_CODE\\WEB\\Mvek\\vendor\\laravel\\framework\\src\\Illuminate\\Foundation\\Http\\Middleware\\VerifyCsrfToken.php(78): Illuminate\\Pipeline\\Pipeline->{closure:{closure:Illuminate\\Pipeline\\Pipeline::carry():158}:159}()
#35 E:\\Suorce\\VS_CODE\\WEB\\Mvek\\vendor\\laravel\\framework\\src\\Illuminate\\Pipeline\\Pipeline.php(183): Illuminate\\Foundation\\Http\\Middleware\\VerifyCsrfToken->handle()
#36 E:\\Suorce\\VS_CODE\\WEB\\Mvek\\vendor\\laravel\\framework\\src\\Illuminate\\View\\Middleware\\ShareErrorsFromSession.php(49): Illuminate\\Pipeline\\Pipeline->{closure:{closure:Illuminate\\Pipeline\\Pipeline::carry():158}:159}()
#37 E:\\Suorce\\VS_CODE\\WEB\\Mvek\\vendor\\laravel\\framework\\src\\Illuminate\\Pipeline\\Pipeline.php(183): Illuminate\\View\\Middleware\\ShareErrorsFromSession->handle()
#38 E:\\Suorce\\VS_CODE\\WEB\\Mvek\\vendor\\laravel\\framework\\src\\Illuminate\\Session\\Middleware\\StartSession.php(121): Illuminate\\Pipeline\\Pipeline->{closure:{closure:Illuminate\\Pipeline\\Pipeline::carry():158}:159}()
#39 E:\\Suorce\\VS_CODE\\WEB\\Mvek\\vendor\\laravel\\framework\\src\\Illuminate\\Session\\Middleware\\StartSession.php(64): Illuminate\\Session\\Middleware\\StartSession->handleStatefulRequest()
#40 E:\\Suorce\\VS_CODE\\WEB\\Mvek\\vendor\\laravel\\framework\\src\\Illuminate\\Pipeline\\Pipeline.php(183): Illuminate\\Session\\Middleware\\StartSession->handle()
#41 E:\\Suorce\\VS_CODE\\WEB\\Mvek\\vendor\\laravel\\framework\\src\\Illuminate\\Cookie\\Middleware\\AddQueuedCookiesToResponse.php(37): Illuminate\\Pipeline\\Pipeline->{closure:{closure:Illuminate\\Pipeline\\Pipeline::carry():158}:159}()
#42 E:\\Suorce\\VS_CODE\\WEB\\Mvek\\vendor\\laravel\\framework\\src\\Illuminate\\Pipeline\\Pipeline.php(183): Illuminate\\Cookie\\Middleware\\AddQueuedCookiesToResponse->handle()
#43 E:\\Suorce\\VS_CODE\\WEB\\Mvek\\vendor\\laravel\\framework\\src\\Illuminate\\Cookie\\Middleware\\EncryptCookies.php(67): Illuminate\\Pipeline\\Pipeline->{closure:{closure:Illuminate\\Pipeline\\Pipeline::carry():158}:159}()
#44 E:\\Suorce\\VS_CODE\\WEB\\Mvek\\vendor\\laravel\\framework\\src\\Illuminate\\Pipeline\\Pipeline.php(183): Illuminate\\Cookie\\Middleware\\EncryptCookies->handle()
#45 E:\\Suorce\\VS_CODE\\WEB\\Mvek\\vendor\\laravel\\framework\\src\\Illuminate\\Pipeline\\Pipeline.php(119): Illuminate\\Pipeline\\Pipeline->{closure:{closure:Illuminate\\Pipeline\\Pipeline::carry():158}:159}()
#46 E:\\Suorce\\VS_CODE\\WEB\\Mvek\\vendor\\laravel\\framework\\src\\Illuminate\\Routing\\Router.php(805): Illuminate\\Pipeline\\Pipeline->then()
#47 E:\\Suorce\\VS_CODE\\WEB\\Mvek\\vendor\\laravel\\framework\\src\\Illuminate\\Routing\\Router.php(784): Illuminate\\Routing\\Router->runRouteWithinStack()
#48 E:\\Suorce\\VS_CODE\\WEB\\Mvek\\vendor\\laravel\\framework\\src\\Illuminate\\Routing\\Router.php(748): Illuminate\\Routing\\Router->runRoute()
#49 E:\\Suorce\\VS_CODE\\WEB\\Mvek\\vendor\\laravel\\framework\\src\\Illuminate\\Routing\\Router.php(737): Illuminate\\Routing\\Router->dispatchToRoute()
#50 E:\\Suorce\\VS_CODE\\WEB\\Mvek\\vendor\\laravel\\framework\\src\\Illuminate\\Foundation\\Http\\Kernel.php(200): Illuminate\\Routing\\Router->dispatch()
#51 E:\\Suorce\\VS_CODE\\WEB\\Mvek\\vendor\\laravel\\framework\\src\\Illuminate\\Pipeline\\Pipeline.php(144): Illuminate\\Foundation\\Http\\Kernel->{closure:Illuminate\\Foundation\\Http\\Kernel::dispatchToRouter():197}()
#52 E:\\Suorce\\VS_CODE\\WEB\\Mvek\\vendor\\laravel\\framework\\src\\Illuminate\\Foundation\\Http\\Middleware\\TransformsRequest.php(21): Illuminate\\Pipeline\\Pipeline->{closure:Illuminate\\Pipeline\\Pipeline::prepareDestination():142}()
#53 E:\\Suorce\\VS_CODE\\WEB\\Mvek\\vendor\\laravel\\framework\\src\\Illuminate\\Foundation\\Http\\Middleware\\ConvertEmptyStringsToNull.php(31): Illuminate\\Foundation\\Http\\Middleware\\TransformsRequest->handle()
#54 E:\\Suorce\\VS_CODE\\WEB\\Mvek\\vendor\\laravel\\framework\\src\\Illuminate\\Pipeline\\Pipeline.php(183): Illuminate\\Foundation\\Http\\Middleware\\ConvertEmptyStringsToNull->handle()
#55 E:\\Suorce\\VS_CODE\\WEB\\Mvek\\vendor\\laravel\\framework\\src\\Illuminate\\Foundation\\Http\\Middleware\\TransformsRequest.php(21): Illuminate\\Pipeline\\Pipeline->{closure:{closure:Illuminate\\Pipeline\\Pipeline::carry():158}:159}()
#56 E:\\Suorce\\VS_CODE\\WEB\\Mvek\\vendor\\laravel\\framework\\src\\Illuminate\\Foundation\\Http\\Middleware\\TrimStrings.php(40): Illuminate\\Foundation\\Http\\Middleware\\TransformsRequest->handle()
#57 E:\\Suorce\\VS_CODE\\WEB\\Mvek\\vendor\\laravel\\framework\\src\\Illuminate\\Pipeline\\Pipeline.php(183): Illuminate\\Foundation\\Http\\Middleware\\TrimStrings->handle()
#58 E:\\Suorce\\VS_CODE\\WEB\\Mvek\\vendor\\laravel\\framework\\src\\Illuminate\\Foundation\\Http\\Middleware\\ValidatePostSize.php(27): Illuminate\\Pipeline\\Pipeline->{closure:{closure:Illuminate\\Pipeline\\Pipeline::carry():158}:159}()
#59 E:\\Suorce\\VS_CODE\\WEB\\Mvek\\vendor\\laravel\\framework\\src\\Illuminate\\Pipeline\\Pipeline.php(183): Illuminate\\Foundation\\Http\\Middleware\\ValidatePostSize->handle()
#60 E:\\Suorce\\VS_CODE\\WEB\\Mvek\\vendor\\laravel\\framework\\src\\Illuminate\\Foundation\\Http\\Middleware\\PreventRequestsDuringMaintenance.php(99): Illuminate\\Pipeline\\Pipeline->{closure:{closure:Illuminate\\Pipeline\\Pipeline::carry():158}:159}()
#61 E:\\Suorce\\VS_CODE\\WEB\\Mvek\\vendor\\laravel\\framework\\src\\Illuminate\\Pipeline\\Pipeline.php(183): Illuminate\\Foundation\\Http\\Middleware\\PreventRequestsDuringMaintenance->handle()
#62 E:\\Suorce\\VS_CODE\\WEB\\Mvek\\vendor\\laravel\\framework\\src\\Illuminate\\Http\\Middleware\\HandleCors.php(49): Illuminate\\Pipeline\\Pipeline->{closure:{closure:Illuminate\\Pipeline\\Pipeline::carry():158}:159}()
#63 E:\\Suorce\\VS_CODE\\WEB\\Mvek\\vendor\\laravel\\framework\\src\\Illuminate\\Pipeline\\Pipeline.php(183): Illuminate\\Http\\Middleware\\HandleCors->handle()
#64 E:\\Suorce\\VS_CODE\\WEB\\Mvek\\vendor\\laravel\\framework\\src\\Illuminate\\Http\\Middleware\\TrustProxies.php(39): Illuminate\\Pipeline\\Pipeline->{closure:{closure:Illuminate\\Pipeline\\Pipeline::carry():158}:159}()
#65 E:\\Suorce\\VS_CODE\\WEB\\Mvek\\vendor\\laravel\\framework\\src\\Illuminate\\Pipeline\\Pipeline.php(183): Illuminate\\Http\\Middleware\\TrustProxies->handle()
#66 E:\\Suorce\\VS_CODE\\WEB\\Mvek\\vendor\\laravel\\framework\\src\\Illuminate\\Pipeline\\Pipeline.php(119): Illuminate\\Pipeline\\Pipeline->{closure:{closure:Illuminate\\Pipeline\\Pipeline::carry():158}:159}()
#67 E:\\Suorce\\VS_CODE\\WEB\\Mvek\\vendor\\laravel\\framework\\src\\Illuminate\\Foundation\\Http\\Kernel.php(175): Illuminate\\Pipeline\\Pipeline->then()
#68 E:\\Suorce\\VS_CODE\\WEB\\Mvek\\vendor\\laravel\\framework\\src\\Illuminate\\Foundation\\Http\\Kernel.php(144): Illuminate\\Foundation\\Http\\Kernel->sendRequestThroughRouter()
#69 E:\\Suorce\\VS_CODE\\WEB\\Mvek\\public\\index.php(51): Illuminate\\Foundation\\Http\\Kernel->handle()
#70 E:\\Suorce\\VS_CODE\\WEB\\Mvek\\vendor\\laravel\\framework\\src\\Illuminate\\Foundation\\resources\\server.php(16): require_once('...')
#71 {main}
"} 
[2026-02-24 05:32:21] local.ERROR: could not find driver (Connection: sqlite, SQL: PRAGMA foreign_keys = ON;) {"exception":"[object] (Illuminate\\Database\\QueryException(code: 0): could not find driver (Connection: sqlite, SQL: PRAGMA foreign_keys = ON;) at E:\\Suorce\\VS_CODE\\WEB\\Mvek\\vendor\\laravel\\framework\\src\\Illuminate\\Database\\Connection.php:829)
[stacktrace]
#0 E:\\Suorce\\VS_CODE\\WEB\\Mvek\\vendor\\laravel\\framework\\src\\Illuminate\\Database\\Connection.php(783): Illuminate\\Database\\Connection->runQueryCallback()
#1 E:\\Suorce\\VS_CODE\\WEB\\Mvek\\vendor\\laravel\\framework\\src\\Illuminate\\Database\\Connection.php(576): Illuminate\\Database\\Connection->run()
#2 E:\\Suorce\\VS_CODE\\WEB\\Mvek\\vendor\\laravel\\framework\\src\\Illuminate\\Database\\Schema\\Builder.php(560): Illuminate\\Database\\Connection->statement()
#3 E:\\Suorce\\VS_CODE\\WEB\\Mvek\\vendor\\laravel\\framework\\src\\Illuminate\\Database\\SQLiteConnection.php(36): Illuminate\\Database\\Schema\\Builder->enableForeignKeyConstraints()
#4 E:\\Suorce\\VS_CODE\\WEB\\Mvek\\vendor\\laravel\\framework\\src\\Illuminate\\Database\\Connectors\\ConnectionFactory.php(272): Illuminate\\Database\\SQLiteConnection->__construct()
#5 E:\\Suorce\\VS_CODE\\WEB\\Mvek\\vendor\\laravel\\framework\\src\\Illuminate\\Database\\Connectors\\ConnectionFactory.php(75): Illuminate\\Database\\Connectors\\ConnectionFactory->createConnection()
#6 E:\\Suorce\\VS_CODE\\WEB\\Mvek\\vendor\\laravel\\framework\\src\\Illuminate\\Database\\Connectors\\ConnectionFactory.php(50): Illuminate\\Database\\Connectors\\ConnectionFactory->createSingleConnection()
#7 E:\\Suorce\\VS_CODE\\WEB\\Mvek\\vendor\\laravel\\framework\\src\\Illuminate\\Database\\DatabaseManager.php(175): Illuminate\\Database\\Connectors\\ConnectionFactory->make()
#8 E:\\Suorce\\VS_CODE\\WEB\\Mvek\\vendor\\laravel\\framework\\src\\Illuminate\\Database\\DatabaseManager.php(101): Illuminate\\Database\\DatabaseManager->makeConnection()
#9 E:\\Suorce\\VS_CODE\\WEB\\Mvek\\vendor\\laravel\\framework\\src\\Illuminate\\Database\\Eloquent\\Model.php(1820): Illuminate\\Database\\DatabaseManager->connection()
#10 E:\\Suorce\\VS_CODE\\WEB\\Mvek\\vendor\\laravel\\framework\\src\\Illuminate\\Database\\Eloquent\\Model.php(1786): Illuminate\\Database\\Eloquent\\Model::resolveConnection()
#11 E:\\Suorce\\VS_CODE\\WEB\\Mvek\\vendor\\laravel\\framework\\src\\Illuminate\\Database\\Eloquent\\Model.php(1577): Illuminate\\Database\\Eloquent\\Model->getConnection()
#12 E:\\Suorce\\VS_CODE\\WEB\\Mvek\\vendor\\laravel\\framework\\src\\Illuminate\\Database\\Eloquent\\Model.php(1496): Illuminate\\Database\\Eloquent\\Model->newBaseQueryBuilder()
#13 E:\\Suorce\\VS_CODE\\WEB\\Mvek\\vendor\\laravel\\framework\\src\\Illuminate\\Database\\Eloquent\\Model.php(1532): Illuminate\\Database\\Eloquent\\Model->newModelQuery()
#14 E:\\Suorce\\VS_CODE\\WEB\\Mvek\\vendor\\laravel\\framework\\src\\Illuminate\\Database\\Eloquent\\Model.php(1485): Illuminate\\Database\\Eloquent\\Model->newQueryWithoutScopes()
#15 E:\\Suorce\\VS_CODE\\WEB\\Mvek\\vendor\\laravel\\framework\\src\\Illuminate\\Database\\Eloquent\\Model.php(1475): Illuminate\\Database\\Eloquent\\Model->newQuery()
#16 E:\\Suorce\\VS_CODE\\WEB\\Mvek\\vendor\\laravel\\framework\\src\\Illuminate\\Database\\Eloquent\\Model.php(688): Illuminate\\Database\\Eloquent\\Model::query()
#17 E:\\Suorce\\VS_CODE\\WEB\\Mvek\\app\\Http\\Controllers\\HomeController.php(12): Illuminate\\Database\\Eloquent\\Model::with()
#18 E:\\Suorce\\VS_CODE\\WEB\\Mvek\\vendor\\laravel\\framework\\src\\Illuminate\\Routing\\Controller.php(54): App\\Http\\Controllers\\HomeController->index()
#19 E:\\Suorce\\VS_CODE\\WEB\\Mvek\\vendor\\laravel\\framework\\src\\Illuminate\\Routing\\ControllerDispatcher.php(43): Illuminate\\Routing\\Controller->callAction()
#20 E:\\Suorce\\VS_CODE\\WEB\\Mvek\\vendor\\laravel\\framework\\src\\Illuminate\\Routing\\Route.php(259): Illuminate\\Routing\\ControllerDispatcher->dispatch()
#21 E:\\Suorce\\VS_CODE\\WEB\\Mvek\\vendor\\laravel\\framework\\src\\Illuminate\\Routing\\Route.php(205): Illuminate\\Routing\\Route->runController()
#22 E:\\Suorce\\VS_CODE\\WEB\\Mvek\\vendor\\laravel\\framework\\src\\Illuminate\\Routing\\Router.php(806): Illuminate\\Routing\\Route->run()
#23 E:\\Suorce\\VS_CODE\\WEB\\Mvek\\vendor\\laravel\\framework\\src\\Illuminate\\Pipeline\\Pipeline.php(144): Illuminate\\Routing\\Router->{closure:Illuminate\\Routing\\Router::runRouteWithinStack():805}()
#24 E:\\Suorce\\VS_CODE\\WEB\\Mvek\\vendor\\laravel\\framework\\src\\Illuminate\\Routing\\Middleware\\SubstituteBindings.php(50): Illuminate\\Pipeline\\Pipeline->{closure:Illuminate\\Pipeline\\Pipeline::prepareDestination():142}()
#25 E:\\Suorce\\VS_CODE\\WEB\\Mvek\\vendor\\laravel\\framework\\src\\Illuminate\\Pipeline\\Pipeline.php(183): Illuminate\\Routing\\Middleware\\SubstituteBindings->handle()
#26 E:\\Suorce\\VS_CODE\\WEB\\Mvek\\vendor\\laravel\\framework\\src\\Illuminate\\Foundation\\Http\\Middleware\\VerifyCsrfToken.php(78): Illuminate\\Pipeline\\Pipeline->{closure:{closure:Illuminate\\Pipeline\\Pipeline::carry():158}:159}()
#27 E:\\Suorce\\VS_CODE\\WEB\\Mvek\\vendor\\laravel\\framework\\src\\Illuminate\\Pipeline\\Pipeline.php(183): Illuminate\\Foundation\\Http\\Middleware\\VerifyCsrfToken->handle()
#28 E:\\Suorce\\VS_CODE\\WEB\\Mvek\\vendor\\laravel\\framework\\src\\Illuminate\\View\\Middleware\\ShareErrorsFromSession.php(49): Illuminate\\Pipeline\\Pipeline->{closure:{closure:Illuminate\\Pipeline\\Pipeline::carry():158}:159}()
#29 E:\\Suorce\\VS_CODE\\WEB\\Mvek\\vendor\\laravel\\framework\\src\\Illuminate\\Pipeline\\Pipeline.php(183): Illuminate\\View\\Middleware\\ShareErrorsFromSession->handle()
#30 E:\\Suorce\\VS_CODE\\WEB\\Mvek\\vendor\\laravel\\framework\\src\\Illuminate\\Session\\Middleware\\StartSession.php(121): Illuminate\\Pipeline\\Pipeline->{closure:{closure:Illuminate\\Pipeline\\Pipeline::carry():158}:159}()
#31 E:\\Suorce\\VS_CODE\\WEB\\Mvek\\vendor\\laravel\\framework\\src\\Illuminate\\Session\\Middleware\\StartSession.php(64): Illuminate\\Session\\Middleware\\StartSession->handleStatefulRequest()
#32 E:\\Suorce\\VS_CODE\\WEB\\Mvek\\vendor\\laravel\\framework\\src\\Illuminate\\Pipeline\\Pipeline.php(183): Illuminate\\Session\\Middleware\\StartSession->handle()
#33 E:\\Suorce\\VS_CODE\\WEB\\Mvek\\vendor\\laravel\\framework\\src\\Illuminate\\Cookie\\Middleware\\AddQueuedCookiesToResponse.php(37): Illuminate\\Pipeline\\Pipeline->{closure:{closure:Illuminate\\Pipeline\\Pipeline::carry():158}:159}()
#34 E:\\Suorce\\VS_CODE\\WEB\\Mvek\\vendor\\laravel\\framework\\src\\Illuminate\\Pipeline\\Pipeline.php(183): Illuminate\\Cookie\\Middleware\\AddQueuedCookiesToResponse->handle()
#35 E:\\Suorce\\VS_CODE\\WEB\\Mvek\\vendor\\laravel\\framework\\src\\Illuminate\\Cookie\\Middleware\\EncryptCookies.php(67): Illuminate\\Pipeline\\Pipeline->{closure:{closure:Illuminate\\Pipeline\\Pipeline::carry():158}:159}()
#36 E:\\Suorce\\VS_CODE\\WEB\\Mvek\\vendor\\laravel\\framework\\src\\Illuminate\\Pipeline\\Pipeline.php(183): Illuminate\\Cookie\\Middleware\\EncryptCookies->handle()
#37 E:\\Suorce\\VS_CODE\\WEB\\Mvek\\vendor\\laravel\\framework\\src\\Illuminate\\Pipeline\\Pipeline.php(119): Illuminate\\Pipeline\\Pipeline->{closure:{closure:Illuminate\\Pipeline\\Pipeline::carry():158}:159}()
#38 E:\\Suorce\\VS_CODE\\WEB\\Mvek\\vendor\\laravel\\framework\\src\\Illuminate\\Routing\\Router.php(805): Illuminate\\Pipeline\\Pipeline->then()
#39 E:\\Suorce\\VS_CODE\\WEB\\Mvek\\vendor\\laravel\\framework\\src\\Illuminate\\Routing\\Router.php(784): Illuminate\\Routing\\Router->runRouteWithinStack()
#40 E:\\Suorce\\VS_CODE\\WEB\\Mvek\\vendor\\laravel\\framework\\src\\Illuminate\\Routing\\Router.php(748): Illuminate\\Routing\\Router->runRoute()
#41 E:\\Suorce\\VS_CODE\\WEB\\Mvek\\vendor\\laravel\\framework\\src\\Illuminate\\Routing\\Router.php(737): Illuminate\\Routing\\Router->dispatchToRoute()
#42 E:\\Suorce\\VS_CODE\\WEB\\Mvek\\vendor\\laravel\\framework\\src\\Illuminate\\Foundation\\Http\\Kernel.php(200): Illuminate\\Routing\\Router->dispatch()
#43 E:\\Suorce\\VS_CODE\\WEB\\Mvek\\vendor\\laravel\\framework\\src\\Illuminate\\Pipeline\\Pipeline.php(144): Illuminate\\Foundation\\Http\\Kernel->{closure:Illuminate\\Foundation\\Http\\Kernel::dispatchToRouter():197}()
#44 E:\\Suorce\\VS_CODE\\WEB\\Mvek\\vendor\\laravel\\framework\\src\\Illuminate\\Foundation\\Http\\Middleware\\TransformsRequest.php(21): Illuminate\\Pipeline\\Pipeline->{closure:Illuminate\\Pipeline\\Pipeline::prepareDestination():142}()
#45 E:\\Suorce\\VS_CODE\\WEB\\Mvek\\vendor\\laravel\\framework\\src\\Illuminate\\Foundation\\Http\\Middleware\\ConvertEmptyStringsToNull.php(31): Illuminate\\Foundation\\Http\\Middleware\\TransformsRequest->handle()
#46 E:\\Suorce\\VS_CODE\\WEB\\Mvek\\vendor\\laravel\\framework\\src\\Illuminate\\Pipeline\\Pipeline.php(183): Illuminate\\Foundation\\Http\\Middleware\\ConvertEmptyStringsToNull->handle()
#47 E:\\Suorce\\VS_CODE\\WEB\\Mvek\\vendor\\laravel\\framework\\src\\Illuminate\\Foundation\\Http\\Middleware\\TransformsRequest.php(21): Illuminate\\Pipeline\\Pipeline->{closure:{closure:Illuminate\\Pipeline\\Pipeline::carry():158}:159}()
#48 E:\\Suorce\\VS_CODE\\WEB\\Mvek\\vendor\\laravel\\framework\\src\\Illuminate\\Foundation\\Http\\Middleware\\TrimStrings.php(40): Illuminate\\Foundation\\Http\\Middleware\\TransformsRequest->handle()
#49 E:\\Suorce\\VS_CODE\\WEB\\Mvek\\vendor\\laravel\\framework\\src\\Illuminate\\Pipeline\\Pipeline.php(183): Illuminate\\Foundation\\Http\\Middleware\\TrimStrings->handle()
#50 E:\\Suorce\\VS_CODE\\WEB\\Mvek\\vendor\\laravel\\framework\\src\\Illuminate\\Foundation\\Http\\Middleware\\ValidatePostSize.php(27): Illuminate\\Pipeline\\Pipeline->{closure:{closure:Illuminate\\Pipeline\\Pipeline::carry():158}:159}()
#51 E:\\Suorce\\VS_CODE\\WEB\\Mvek\\vendor\\laravel\\framework\\src\\Illuminate\\Pipeline\\Pipeline.php(183): Illuminate\\Foundation\\Http\\Middleware\\ValidatePostSize->handle()
#52 E:\\Suorce\\VS_CODE\\WEB\\Mvek\\vendor\\laravel\\framework\\src\\Illuminate\\Foundation\\Http\\Middleware\\PreventRequestsDuringMaintenance.php(99): Illuminate\\Pipeline\\Pipeline->{closure:{closure:Illuminate\\Pipeline\\Pipeline::carry():158}:159}()
#53 E:\\Suorce\\VS_CODE\\WEB\\Mvek\\vendor\\laravel\\framework\\src\\Illuminate\\Pipeline\\Pipeline.php(183): Illuminate\\Foundation\\Http\\Middleware\\PreventRequestsDuringMaintenance->handle()
#54 E:\\Suorce\\VS_CODE\\WEB\\Mvek\\vendor\\laravel\\framework\\src\\Illuminate\\Http\\Middleware\\HandleCors.php(49): Illuminate\\Pipeline\\Pipeline->{closure:{closure:Illuminate\\Pipeline\\Pipeline::carry():158}:159}()
#55 E:\\Suorce\\VS_CODE\\WEB\\Mvek\\vendor\\laravel\\framework\\src\\Illuminate\\Pipeline\\Pipeline.php(183): Illuminate\\Http\\Middleware\\HandleCors->handle()
#56 E:\\Suorce\\VS_CODE\\WEB\\Mvek\\vendor\\laravel\\framework\\src\\Illuminate\\Http\\Middleware\\TrustProxies.php(39): Illuminate\\Pipeline\\Pipeline->{closure:{closure:Illuminate\\Pipeline\\Pipeline::carry():158}:159}()
#57 E:\\Suorce\\VS_CODE\\WEB\\Mvek\\vendor\\laravel\\framework\\src\\Illuminate\\Pipeline\\Pipeline.php(183): Illuminate\\Http\\Middleware\\TrustProxies->handle()
#58 E:\\Suorce\\VS_CODE\\WEB\\Mvek\\vendor\\laravel\\framework\\src\\Illuminate\\Pipeline\\Pipeline.php(119): Illuminate\\Pipeline\\Pipeline->{closure:{closure:Illuminate\\Pipeline\\Pipeline::carry():158}:159}()
#59 E:\\Suorce\\VS_CODE\\WEB\\Mvek\\vendor\\laravel\\framework\\src\\Illuminate\\Foundation\\Http\\Kernel.php(175): Illuminate\\Pipeline\\Pipeline->then()
#60 E:\\Suorce\\VS_CODE\\WEB\\Mvek\\vendor\\laravel\\framework\\src\\Illuminate\\Foundation\\Http\\Kernel.php(144): Illuminate\\Foundation\\Http\\Kernel->sendRequestThroughRouter()
#61 E:\\Suorce\\VS_CODE\\WEB\\Mvek\\public\\index.php(51): Illuminate\\Foundation\\Http\\Kernel->handle()
#62 E:\\Suorce\\VS_CODE\\WEB\\Mvek\\vendor\\laravel\\framework\\src\\Illuminate\\Foundation\\resources\\server.php(16): require_once('...')
#63 {main}

[previous exception] [object] (PDOException(code: 0): could not find driver at E:\\Suorce\\VS_CODE\\WEB\\Mvek\\vendor\\laravel\\framework\\src\\Illuminate\\Database\\Connectors\\Connector.php:65)
[stacktrace]
#0 E:\\Suorce\\VS_CODE\\WEB\\Mvek\\vendor\\laravel\\framework\\src\\Illuminate\\Database\\Connectors\\Connector.php(65): PDO->__construct()
#1 E:\\Suorce\\VS_CODE\\WEB\\Mvek\\vendor\\laravel\\framework\\src\\Illuminate\\Database\\Connectors\\Connector.php(44): Illuminate\\Database\\Connectors\\Connector->createPdoConnection()
#2 E:\\Suorce\\VS_CODE\\WEB\\Mvek\\vendor\\laravel\\framework\\src\\Illuminate\\Database\\Connectors\\SQLiteConnector.php(37): Illuminate\\Database\\Connectors\\Connector->createConnection()
#3 E:\\Suorce\\VS_CODE\\WEB\\Mvek\\vendor\\laravel\\framework\\src\\Illuminate\\Database\\Connectors\\ConnectionFactory.php(221): Illuminate\\Database\\Connectors\\SQLiteConnector->connect()
#4 [internal function]: Illuminate\\Database\\Connectors\\ConnectionFactory->{closure:Illuminate\\Database\\Connectors\\ConnectionFactory::createPdoResolverWithoutHosts():221}()
#5 E:\\Suorce\\VS_CODE\\WEB\\Mvek\\vendor\\laravel\\framework\\src\\Illuminate\\Database\\Connection.php(1339): call_user_func()
#6 E:\\Suorce\\VS_CODE\\WEB\\Mvek\\vendor\\laravel\\framework\\src\\Illuminate\\Database\\Connection.php(581): Illuminate\\Database\\Connection->getPdo()
#7 E:\\Suorce\\VS_CODE\\WEB\\Mvek\\vendor\\laravel\\framework\\src\\Illuminate\\Database\\Connection.php(816): Illuminate\\Database\\Connection->{closure:Illuminate\\Database\\Connection::statement():576}()
#8 E:\\Suorce\\VS_CODE\\WEB\\Mvek\\vendor\\laravel\\framework\\src\\Illuminate\\Database\\Connection.php(783): Illuminate\\Database\\Connection->runQueryCallback()
#9 E:\\Suorce\\VS_CODE\\WEB\\Mvek\\vendor\\laravel\\framework\\src\\Illuminate\\Database\\Connection.php(576): Illuminate\\Database\\Connection->run()
#10 E:\\Suorce\\VS_CODE\\WEB\\Mvek\\vendor\\laravel\\framework\\src\\Illuminate\\Database\\Schema\\Builder.php(560): Illuminate\\Database\\Connection->statement()
#11 E:\\Suorce\\VS_CODE\\WEB\\Mvek\\vendor\\laravel\\framework\\src\\Illuminate\\Database\\SQLiteConnection.php(36): Illuminate\\Database\\Schema\\Builder->enableForeignKeyConstraints()
#12 E:\\Suorce\\VS_CODE\\WEB\\Mvek\\vendor\\laravel\\framework\\src\\Illuminate\\Database\\Connectors\\ConnectionFactory.php(272): Illuminate\\Database\\SQLiteConnection->__construct()
#13 E:\\Suorce\\VS_CODE\\WEB\\Mvek\\vendor\\laravel\\framework\\src\\Illuminate\\Database\\Connectors\\ConnectionFactory.php(75): Illuminate\\Database\\Connectors\\ConnectionFactory->createConnection()
#14 E:\\Suorce\\VS_CODE\\WEB\\Mvek\\vendor\\laravel\\framework\\src\\Illuminate\\Database\\Connectors\\ConnectionFactory.php(50): Illuminate\\Database\\Connectors\\ConnectionFactory->createSingleConnection()
#15 E:\\Suorce\\VS_CODE\\WEB\\Mvek\\vendor\\laravel\\framework\\src\\Illuminate\\Database\\DatabaseManager.php(175): Illuminate\\Database\\Connectors\\ConnectionFactory->make()
#16 E:\\Suorce\\VS_CODE\\WEB\\Mvek\\vendor\\laravel\\framework\\src\\Illuminate\\Database\\DatabaseManager.php(101): Illuminate\\Database\\DatabaseManager->makeConnection()
#17 E:\\Suorce\\VS_CODE\\WEB\\Mvek\\vendor\\laravel\\framework\\src\\Illuminate\\Database\\Eloquent\\Model.php(1820): Illuminate\\Database\\DatabaseManager->connection()
#18 E:\\Suorce\\VS_CODE\\WEB\\Mvek\\vendor\\laravel\\framework\\src\\Illuminate\\Database\\Eloquent\\Model.php(1786): Illuminate\\Database\\Eloquent\\Model::resolveConnection()
#19 E:\\Suorce\\VS_CODE\\WEB\\Mvek\\vendor\\laravel\\framework\\src\\Illuminate\\Database\\Eloquent\\Model.php(1577): Illuminate\\Database\\Eloquent\\Model->getConnection()
#20 E:\\Suorce\\VS_CODE\\WEB\\Mvek\\vendor\\laravel\\framework\\src\\Illuminate\\Database\\Eloquent\\Model.php(1496): Illuminate\\Database\\Eloquent\\Model->newBaseQueryBuilder()
#21 E:\\Suorce\\VS_CODE\\WEB\\Mvek\\vendor\\laravel\\framework\\src\\Illuminate\\Database\\Eloquent\\Model.php(1532): Illuminate\\Database\\Eloquent\\Model->newModelQuery()
#22 E:\\Suorce\\VS_CODE\\WEB\\Mvek\\vendor\\laravel\\framework\\src\\Illuminate\\Database\\Eloquent\\Model.php(1485): Illuminate\\Database\\Eloquent\\Model->newQueryWithoutScopes()
#23 E:\\Suorce\\VS_CODE\\WEB\\Mvek\\vendor\\laravel\\framework\\src\\Illuminate\\Database\\Eloquent\\Model.php(1475): Illuminate\\Database\\Eloquent\\Model->newQuery()
#24 E:\\Suorce\\VS_CODE\\WEB\\Mvek\\vendor\\laravel\\framework\\src\\Illuminate\\Database\\Eloquent\\Model.php(688): Illuminate\\Database\\Eloquent\\Model::query()
#25 E:\\Suorce\\VS_CODE\\WEB\\Mvek\\app\\Http\\Controllers\\HomeController.php(12): Illuminate\\Database\\Eloquent\\Model::with()
#26 E:\\Suorce\\VS_CODE\\WEB\\Mvek\\vendor\\laravel\\framework\\src\\Illuminate\\Routing\\Controller.php(54): App\\Http\\Controllers\\HomeController->index()
#27 E:\\Suorce\\VS_CODE\\WEB\\Mvek\\vendor\\laravel\\framework\\src\\Illuminate\\Routing\\ControllerDispatcher.php(43): Illuminate\\Routing\\Controller->callAction()
#28 E:\\Suorce\\VS_CODE\\WEB\\Mvek\\vendor\\laravel\\framework\\src\\Illuminate\\Routing\\Route.php(259): Illuminate\\Routing\\ControllerDispatcher->dispatch()
#29 E:\\Suorce\\VS_CODE\\WEB\\Mvek\\vendor\\laravel\\framework\\src\\Illuminate\\Routing\\Route.php(205): Illuminate\\Routing\\Route->runController()
#30 E:\\Suorce\\VS_CODE\\WEB\\Mvek\\vendor\\laravel\\framework\\src\\Illuminate\\Routing\\Router.php(806): Illuminate\\Routing\\Route->run()
#31 E:\\Suorce\\VS_CODE\\WEB\\Mvek\\vendor\\laravel\\framework\\src\\Illuminate\\Pipeline\\Pipeline.php(144): Illuminate\\Routing\\Router->{closure:Illuminate\\Routing\\Router::runRouteWithinStack():805}()
#32 E:\\Suorce\\VS_CODE\\WEB\\Mvek\\vendor\\laravel\\framework\\src\\Illuminate\\Routing\\Middleware\\SubstituteBindings.php(50): Illuminate\\Pipeline\\Pipeline->{closure:Illuminate\\Pipeline\\Pipeline::prepareDestination():142}()
#33 E:\\Suorce\\VS_CODE\\WEB\\Mvek\\vendor\\laravel\\framework\\src\\Illuminate\\Pipeline\\Pipeline.php(183): Illuminate\\Routing\\Middleware\\SubstituteBindings->handle()
#34 E:\\Suorce\\VS_CODE\\WEB\\Mvek\\vendor\\laravel\\framework\\src\\Illuminate\\Foundation\\Http\\Middleware\\VerifyCsrfToken.php(78): Illuminate\\Pipeline\\Pipeline->{closure:{closure:Illuminate\\Pipeline\\Pipeline::carry():158}:159}()
#35 E:\\Suorce\\VS_CODE\\WEB\\Mvek\\vendor\\laravel\\framework\\src\\Illuminate\\Pipeline\\Pipeline.php(183): Illuminate\\Foundation\\Http\\Middleware\\VerifyCsrfToken->handle()
#36 E:\\Suorce\\VS_CODE\\WEB\\Mvek\\vendor\\laravel\\framework\\src\\Illuminate\\View\\Middleware\\ShareErrorsFromSession.php(49): Illuminate\\Pipeline\\Pipeline->{closure:{closure:Illuminate\\Pipeline\\Pipeline::carry():158}:159}()
#37 E:\\Suorce\\VS_CODE\\WEB\\Mvek\\vendor\\laravel\\framework\\src\\Illuminate\\Pipeline\\Pipeline.php(183): Illuminate\\View\\Middleware\\ShareErrorsFromSession->handle()
#38 E:\\Suorce\\VS_CODE\\WEB\\Mvek\\vendor\\laravel\\framework\\src\\Illuminate\\Session\\Middleware\\StartSession.php(121): Illuminate\\Pipeline\\Pipeline->{closure:{closure:Illuminate\\Pipeline\\Pipeline::carry():158}:159}()
#39 E:\\Suorce\\VS_CODE\\WEB\\Mvek\\vendor\\laravel\\framework\\src\\Illuminate\\Session\\Middleware\\StartSession.php(64): Illuminate\\Session\\Middleware\\StartSession->handleStatefulRequest()
#40 E:\\Suorce\\VS_CODE\\WEB\\Mvek\\vendor\\laravel\\framework\\src\\Illuminate\\Pipeline\\Pipeline.php(183): Illuminate\\Session\\Middleware\\StartSession->handle()
#41 E:\\Suorce\\VS_CODE\\WEB\\Mvek\\vendor\\laravel\\framework\\src\\Illuminate\\Cookie\\Middleware\\AddQueuedCookiesToResponse.php(37): Illuminate\\Pipeline\\Pipeline->{closure:{closure:Illuminate\\Pipeline\\Pipeline::carry():158}:159}()
#42 E:\\Suorce\\VS_CODE\\WEB\\Mvek\\vendor\\laravel\\framework\\src\\Illuminate\\Pipeline\\Pipeline.php(183): Illuminate\\Cookie\\Middleware\\AddQueuedCookiesToResponse->handle()
#43 E:\\Suorce\\VS_CODE\\WEB\\Mvek\\vendor\\laravel\\framework\\src\\Illuminate\\Cookie\\Middleware\\EncryptCookies.php(67): Illuminate\\Pipeline\\Pipeline->{closure:{closure:Illuminate\\Pipeline\\Pipeline::carry():158}:159}()
#44 E:\\Suorce\\VS_CODE\\WEB\\Mvek\\vendor\\laravel\\framework\\src\\Illuminate\\Pipeline\\Pipeline.php(183): Illuminate\\Cookie\\Middleware\\EncryptCookies->handle()
#45 E:\\Suorce\\VS_CODE\\WEB\\Mvek\\vendor\\laravel\\framework\\src\\Illuminate\\Pipeline\\Pipeline.php(119): Illuminate\\Pipeline\\Pipeline->{closure:{closure:Illuminate\\Pipeline\\Pipeline::carry():158}:159}()
#46 E:\\Suorce\\VS_CODE\\WEB\\Mvek\\vendor\\laravel\\framework\\src\\Illuminate\\Routing\\Router.php(805): Illuminate\\Pipeline\\Pipeline->then()
#47 E:\\Suorce\\VS_CODE\\WEB\\Mvek\\vendor\\laravel\\framework\\src\\Illuminate\\Routing\\Router.php(784): Illuminate\\Routing\\Router->runRouteWithinStack()
#48 E:\\Suorce\\VS_CODE\\WEB\\Mvek\\vendor\\laravel\\framework\\src\\Illuminate\\Routing\\Router.php(748): Illuminate\\Routing\\Router->runRoute()
#49 E:\\Suorce\\VS_CODE\\WEB\\Mvek\\vendor\\laravel\\framework\\src\\Illuminate\\Routing\\Router.php(737): Illuminate\\Routing\\Router->dispatchToRoute()
#50 E:\\Suorce\\VS_CODE\\WEB\\Mvek\\vendor\\laravel\\framework\\src\\Illuminate\\Foundation\\Http\\Kernel.php(200): Illuminate\\Routing\\Router->dispatch()
#51 E:\\Suorce\\VS_CODE\\WEB\\Mvek\\vendor\\laravel\\framework\\src\\Illuminate\\Pipeline\\Pipeline.php(144): Illuminate\\Foundation\\Http\\Kernel->{closure:Illuminate\\Foundation\\Http\\Kernel::dispatchToRouter():197}()
#52 E:\\Suorce\\VS_CODE\\WEB\\Mvek\\vendor\\laravel\\framework\\src\\Illuminate\\Foundation\\Http\\Middleware\\TransformsRequest.php(21): Illuminate\\Pipeline\\Pipeline->{closure:Illuminate\\Pipeline\\Pipeline::prepareDestination():142}()
#53 E:\\Suorce\\VS_CODE\\WEB\\Mvek\\vendor\\laravel\\framework\\src\\Illuminate\\Foundation\\Http\\Middleware\\ConvertEmptyStringsToNull.php(31): Illuminate\\Foundation\\Http\\Middleware\\TransformsRequest->handle()
#54 E:\\Suorce\\VS_CODE\\WEB\\Mvek\\vendor\\laravel\\framework\\src\\Illuminate\\Pipeline\\Pipeline.php(183): Illuminate\\Foundation\\Http\\Middleware\\ConvertEmptyStringsToNull->handle()
#55 E:\\Suorce\\VS_CODE\\WEB\\Mvek\\vendor\\laravel\\framework\\src\\Illuminate\\Foundation\\Http\\Middleware\\TransformsRequest.php(21): Illuminate\\Pipeline\\Pipeline->{closure:{closure:Illuminate\\Pipeline\\Pipeline::carry():158}:159}()
#56 E:\\Suorce\\VS_CODE\\WEB\\Mvek\\vendor\\laravel\\framework\\src\\Illuminate\\Foundation\\Http\\Middleware\\TrimStrings.php(40): Illuminate\\Foundation\\Http\\Middleware\\TransformsRequest->handle()
#57 E:\\Suorce\\VS_CODE\\WEB\\Mvek\\vendor\\laravel\\framework\\src\\Illuminate\\Pipeline\\Pipeline.php(183): Illuminate\\Foundation\\Http\\Middleware\\TrimStrings->handle()
#58 E:\\Suorce\\VS_CODE\\WEB\\Mvek\\vendor\\laravel\\framework\\src\\Illuminate\\Foundation\\Http\\Middleware\\ValidatePostSize.php(27): Illuminate\\Pipeline\\Pipeline->{closure:{closure:Illuminate\\Pipeline\\Pipeline::carry():158}:159}()
#59 E:\\Suorce\\VS_CODE\\WEB\\Mvek\\vendor\\laravel\\framework\\src\\Illuminate\\Pipeline\\Pipeline.php(183): Illuminate\\Foundation\\Http\\Middleware\\ValidatePostSize->handle()
#60 E:\\Suorce\\VS_CODE\\WEB\\Mvek\\vendor\\laravel\\framework\\src\\Illuminate\\Foundation\\Http\\Middleware\\PreventRequestsDuringMaintenance.php(99): Illuminate\\Pipeline\\Pipeline->{closure:{closure:Illuminate\\Pipeline\\Pipeline::carry():158}:159}()
#61 E:\\Suorce\\VS_CODE\\WEB\\Mvek\\vendor\\laravel\\framework\\src\\Illuminate\\Pipeline\\Pipeline.php(183): Illuminate\\Foundation\\Http\\Middleware\\PreventRequestsDuringMaintenance->handle()
#62 E:\\Suorce\\VS_CODE\\WEB\\Mvek\\vendor\\laravel\\framework\\src\\Illuminate\\Http\\Middleware\\HandleCors.php(49): Illuminate\\Pipeline\\Pipeline->{closure:{closure:Illuminate\\Pipeline\\Pipeline::carry():158}:159}()
#63 E:\\Suorce\\VS_CODE\\WEB\\Mvek\\vendor\\laravel\\framework\\src\\Illuminate\\Pipeline\\Pipeline.php(183): Illuminate\\Http\\Middleware\\HandleCors->handle()
#64 E:\\Suorce\\VS_CODE\\WEB\\Mvek\\vendor\\laravel\\framework\\src\\Illuminate\\Http\\Middleware\\TrustProxies.php(39): Illuminate\\Pipeline\\Pipeline->{closure:{closure:Illuminate\\Pipeline\\Pipeline::carry():158}:159}()
#65 E:\\Suorce\\VS_CODE\\WEB\\Mvek\\vendor\\laravel\\framework\\src\\Illuminate\\Pipeline\\Pipeline.php(183): Illuminate\\Http\\Middleware\\TrustProxies->handle()
#66 E:\\Suorce\\VS_CODE\\WEB\\Mvek\\vendor\\laravel\\framework\\src\\Illuminate\\Pipeline\\Pipeline.php(119): Illuminate\\Pipeline\\Pipeline->{closure:{closure:Illuminate\\Pipeline\\Pipeline::carry():158}:159}()
#67 E:\\Suorce\\VS_CODE\\WEB\\Mvek\\vendor\\laravel\\framework\\src\\Illuminate\\Foundation\\Http\\Kernel.php(175): Illuminate\\Pipeline\\Pipeline->then()
#68 E:\\Suorce\\VS_CODE\\WEB\\Mvek\\vendor\\laravel\\framework\\src\\Illuminate\\Foundation\\Http\\Kernel.php(144): Illuminate\\Foundation\\Http\\Kernel->sendRequestThroughRouter()
#69 E:\\Suorce\\VS_CODE\\WEB\\Mvek\\public\\index.php(51): Illuminate\\Foundation\\Http\\Kernel->handle()
#70 E:\\Suorce\\VS_CODE\\WEB\\Mvek\\vendor\\laravel\\framework\\src\\Illuminate\\Foundation\\resources\\server.php(16): require_once('...')
#71 {main}
"} 
